KEY,FREQ,CURRENCY,CURRENCY_DENOM,EXR_TYPE,EXR_SUFFIX,TIME_PERIOD,OBS_VALUE,OBS_STATUS,OBS_CONF,OBS_PRE_BREAK,OBS_COM,TIME_FORMAT,BREAKS,COLLECTION,COMPILING_ORG,DISS_ORG,DOM_SER_IDS,PUBL_ECB,PUBL_MU,PUBL_PUBLIC,UNIT_INDEX_BASE,COMPILATION,COVERAGE,DECIMALS,NAT_TITLE,SOURCE_AGENCY,SOURCE_PUB,TITLE,TITLE_COMPL,UNIT,UNIT_MULT
EXR.D.CZK.EUR.SP00.A,D,CZK,EUR,SP00,A,2025-09-25,24.289,A,F,,,P1D,,A,,,,,,,99Q1=100,,,3,,4F0,,Czech koruna/Euro ECB reference exchange rate,"ECB reference exchange rate, Czech koruna/Euro, 2.15 pm (C.E.T.)",CZK,0
EXR.D.CZK.EUR.SP00.A,D,CZK,EUR,SP00,A,2025-09-26,24.326,A,F,,,P1D,,A,,,,,,,99Q1=100,,,3,,4F0,,Czech koruna/Euro ECB reference exchange rate,"ECB reference exchange rate, Czech koruna/Euro, 2.15 pm (C.E.T.)",CZK,0
EXR.D.CZK.EUR.SP00.A,D,CZK,EUR,SP00,A,2025-09-29,24.302,A,F,,,P1D,,A,,,,,,,99Q1=100,,,3,,4F0,,Czech koruna/Euro ECB reference exchange rate,"ECB reference exchange rate, Czech koruna/Euro, 2.15 pm (C.E.T.)",CZK,0
EXR.D.CZK.EUR.SP00.A,D,CZK,EUR,SP00,A,2025-09-30,24.335,A,F,,,P1D,,A,,,,,,,99Q1=100,,,3,,4F0,,Czech koruna/Euro ECB reference exchange rate,"ECB reference exchange rate, Czech koruna/Euro, 2.15 pm (C.E.T.)",CZK,0
EXR.D.CZK.EUR.SP00.A,D,CZK,EUR,SP00,A,2025-10-01,24.275,A,F,,,P1D,,A,,,,,,,99Q1=100,,,3,,4F0,,Czech koruna/Euro ECB reference exchange rate,"ECB reference exchange rate, Czech koruna/Euro, 2.15 pm (C.E.T.)",CZK,0
EXR.D.CZK.EUR.SP00.A,D,CZK,EUR,SP00,A,2025-10-02,24.248,A,F,,,P1D,,A,,,,,,,99Q1=100,,,3,,4F0,,Czech koruna/Euro ECB reference exchange rate,"ECB reference exchange rate, Czech koruna/Euro, 2.15 pm (C.E.T.)",CZK,0
EXR.D.CZK.EUR.SP00.A,D,CZK,EUR,SP00,A,2025-10-03,24.277,A,F,,,P1D,,A,,,,,,,99Q1=100,,,3,,4F0,,Czech koruna/Euro ECB reference exchange rate,"ECB reference exchange rate, Czech koruna/Euro, 2.15 pm (C.E.T.)",CZK,0
EXR.D.CZK.EUR.SP00.A,D,CZK,EUR,SP00,A,2025-10-06,24.308,A,F,,,P1D,,A,,,,,,,99Q1=100,,,3,,4F0,,Czech koruna/Euro ECB reference exchange rate,"ECB reference exchange rate, Czech koruna/Euro, 2.15 pm (C.E.T.)",CZK,0
EXR.D.CZK.EUR.SP00.A,D,CZK,EUR,SP00,A,2025-10-07,24.318,A,F,,,P1D,,A,,,,,,,99Q1=100,,,3,,4F0,,Czech koruna/Euro ECB reference exchange rate,"ECB reference exchange rate, Czech koruna/Euro, 2.15 pm (C.E.T.)",CZK,0
EXR.D.CZK.EUR.SP00.A,D,CZK,EUR,SP00,A,2025-10-08,24.369,A,F,,,P1D,,A,,,,,,,99Q1=100,,,3,,4F0,,Czech koruna/Euro ECB reference exchange rate,"ECB reference exchange rate, Czech koruna/Euro, 2.15 pm (C.E.T.)",CZK,0
EXR.D.CZK.EUR.SP00.A,D,CZK,EUR,SP00,A,2025-10-09,24.326,A,F,,,P1D,,A,,,,,,,99Q1=100,,,3,,4F0,,Czech koruna/Euro ECB reference exchange rate,"ECB reference exchange rate, Czech koruna/Euro, 2.15 pm (C.E.T.)",CZK,0
EXR.D.CZK.EUR.SP00.A,D,CZK,EUR,SP00,A,2025-10-10,24.299,A,F,,,P1D,,A,,,,,,,99Q1=100,,,3,,4F0,,Czech koruna/Euro ECB reference exchange rate,"ECB reference exchange rate, Czech koruna/Euro, 2.15 pm (C.E.T.)",CZK,0
EXR.D.CZK.EUR.SP00.A,D,CZK,EUR,SP00,A,2025-10-13,24.358,A,F,,,P1D,,A,,,,,,,99Q1=100,,,3,,4F0,,Czech koruna/Euro ECB reference exchange rate,"ECB reference exchange rate, Czech koruna/Euro, 2.15 pm (C.E.T.)",CZK,0
EXR.D.CZK.EUR.SP00.A,D,CZK,EUR,SP00,A,2025-10-14,24.324,A,F,,,P1D,,A,,,,,,,99Q1=100,,,3,,4F0,,Czech koruna/Euro ECB reference exchange rate,"ECB reference exchange rate, Czech koruna/Euro, 2.15 pm (C.E.T.)",CZK,0
EXR.D.CZK.EUR.SP00.A,D,CZK,EUR,SP00,A,2025-10-15,24.28,A,F,,,P1D,,A,,,,,,,99Q1=100,,,3,,4F0,,Czech koruna/Euro ECB reference exchange rate,"ECB reference exchange rate, Czech koruna/Euro, 2.15 pm (C.E.T.)",CZK,0
EXR.D.CZK.EUR.SP00.A,D,CZK,EUR,SP00,A,2025-10-16,24.294,A,F,,,P1D,,A,,,,,,,99Q1=100,,,3,,4F0,,Czech koruna/Euro ECB reference exchange rate,"ECB reference exchange rate, Czech koruna/Euro, 2.15 pm (C.E.T.)",CZK,0
EXR.D.CZK.EUR.SP00.A,D,CZK,EUR,SP00,A,2025-10-17,24.308,A,F,,,P1D,,A,,,,,,,99Q1=100,,,3,,4F0,,Czech koruna/Euro ECB reference exchange rate,"ECB reference exchange rate, Czech koruna/Euro, 2.15 pm (C.E.T.)",CZK,0
EXR.D.CZK.EUR.SP00.A,D,CZK,EUR,SP00,A,2025-10-20,24.29,A,F,,,P1D,,A,,,,,,,99Q1=100,,,3,,4F0,,Czech koruna/Euro ECB reference exchange rate,"ECB reference exchange rate, Czech koruna/Euro, 2.15 pm (C.E.T.)",CZK,0
EXR.D.CZK.EUR.SP00.A,D,CZK,EUR,SP00,A,2025-10-21,24.314,A,F,,,P1D,,A,,,,,,,99Q1=100,,,3,,4F0,,Czech koruna/Euro ECB reference exchange rate,"ECB reference exchange rate, Czech koruna/Euro, 2.15 pm (C.E.T.)",CZK,0
EXR.D.CZK.EUR.SP00.A,D,CZK,EUR,SP00,A,2025-10-22,24.308,A,F,,,P1D,,A,,,,,,,99Q1=100,,,3,,4F0,,Czech koruna/Euro ECB reference exchange rate,"ECB reference exchange rate, Czech koruna/Euro, 2.15 pm (C.E.T.)",CZK,0
EXR.D.CZK.EUR.SP00.A,D,CZK,EUR,SP00,A,2025-10-23,24.308,A,F,,,P1D,,A,,,,,,,99Q1=100,,,3,,4F0,,Czech koruna/Euro ECB reference exchange rate,"ECB reference exchange rate, Czech koruna/Euro, 2.15 pm (C.E.T.)",CZK,0
EXR.D.CZK.EUR.SP00.A,D,CZK,EUR,SP00,A,2025-10-24,24.336,A,F,,,P1D,,A,,,,,,,99Q1=100,,,3,,4F0,,Czech koruna/Euro ECB reference exchange rate,"ECB reference exchange rate, Czech koruna/Euro, 2.15 pm (C.E.T.)",CZK,0
EXR.D.CZK.EUR.SP00.A,D,CZK,EUR,SP00,A,2025-10-27,24.323,A,F,,,P1D,,A,,,,,,,99Q1=100,,,3,,4F0,,Czech koruna/Euro ECB reference exchange rate,"ECB reference exchange rate, Czech koruna/Euro, 2.15 pm (C.E.T.)",CZK,0
EXR.D.CZK.EUR.SP00.A,D,CZK,EUR,SP00,A,2025-10-28,24.348,A,F,,,P1D,,A,,,,,,,99Q1=100,,,3,,4F0,,Czech koruna/Euro ECB reference exchange rate,"ECB reference exchange rate, Czech koruna/Euro, 2.15 pm (C.E.T.)",CZK,0
EXR.D.CZK.EUR.SP00.A,D,CZK,EUR,SP00,A,2025-10-29,24.338,A,F,,,P1D,,A,,,,,,,99Q1=100,,,3,,4F0,,Czech koruna/Euro ECB reference exchange rate,"ECB reference exchange rate, Czech koruna/Euro, 2.15 pm (C.E.T.)",CZK,0
EXR.D.CZK.EUR.SP00.A,D,CZK,EUR,SP00,A,2025-10-30,24.378,A,F,,,P1D,,A,,,,,,,99Q1=100,,,3,,4F0,,Czech koruna/Euro ECB reference exchange rate,"ECB reference exchange rate, Czech koruna/Euro, 2.15 pm (C.E.T.)",CZK,0
EXR.D.CZK.EUR.SP00.A,D,CZK,EUR,SP00,A,2025-10-31,24.327,A,F,,,P1D,,A,,,,,,,99Q1=100,,,3,,4F0,,Czech koruna/Euro ECB reference exchange rate,"ECB reference exchange rate, Czech koruna/Euro, 2.15 pm (C.E.T.)",CZK,0
EXR.D.CZK.EUR.SP00.A,D,CZK,EUR,SP00,A,2025-11-03,24.339,A,F,,,P1D,,A,,,,,,,99Q1=100,,,3,,4F0,,Czech koruna/Euro ECB reference exchange rate,"ECB reference exchange rate, Czech koruna/Euro, 2.15 pm (C.E.T.)",CZK,0
EXR.D.CZK.EUR.SP00.A,D,CZK,EUR,SP00,A,2025-11-04,24.371,A,F,,,P1D,,A,,,,,,,99Q1=100,,,3,,4F0,,Czech koruna/Euro ECB reference exchange rate,"ECB reference exchange rate, Czech koruna/Euro, 2.15 pm (C.E.T.)",CZK,0
EXR.D.CZK.EUR.SP00.A,D,CZK,EUR,SP00,A,2025-11-05,24.365,A,F,,,P1D,,A,,,,,,,99Q1=100,,,3,,4F0,,Czech koruna/Euro ECB reference exchange rate,"ECB reference exchange rate, Czech koruna/Euro, 2.15 pm (C.E.T.)",CZK,0
EXR.D.CZK.EUR.SP00.A,D,CZK,EUR,SP00,A,2025-11-06,24.334,A,F,,,P1D,,A,,,,,,,99Q1=100,,,3,,4F0,,Czech koruna/Euro ECB reference exchange rate,"ECB reference exchange rate, Czech koruna/Euro, 2.15 pm (C.E.T.)",CZK,0
EXR.D.CZK.EUR.SP00.A,D,CZK,EUR,SP00,A,2025-11-07,24.333,A,F,,,P1D,,A,,,,,,,99Q1=100,,,3,,4F0,,Czech koruna/Euro ECB reference exchange rate,"ECB reference exchange rate, Czech koruna/Euro, 2.15 pm (C.E.T.)",CZK,0
EXR.D.CZK.EUR.SP00.A,D,CZK,EUR,SP00,A,2025-11-10,24.282,A,F,,,P1D,,A,,,,,,,99Q1=100,,,3,,4F0,,Czech koruna/Euro ECB reference exchange rate,"ECB reference exchange rate, Czech koruna/Euro, 2.15 pm (C.E.T.)",CZK,0
EXR.D.CZK.EUR.SP00.A,D,CZK,EUR,SP00,A,2025-11-11,24.288,A,F,,,P1D,,A,,,,,,,99Q1=100,,,3,,4F0,,Czech koruna/Euro ECB reference exchange rate,"ECB reference exchange rate, Czech koruna/Euro, 2.15 pm (C.E.T.)",CZK,0
EXR.D.CZK.EUR.SP00.A,D,CZK,EUR,SP00,A,2025-11-12,24.229,A,F,,,P1D,,A,,,,,,,99Q1=100,,,3,,4F0,,Czech koruna/Euro ECB reference exchange rate,"ECB reference exchange rate, Czech koruna/Euro, 2.15 pm (C.E.T.)",CZK,0
EXR.D.CZK.EUR.SP00.A,D,CZK,EUR,SP00,A,2025-11-13,24.191,A,F,,,P1D,,A,,,,,,,99Q1=100,,,3,,4F0,,Czech koruna/Euro ECB reference exchange rate,"ECB reference exchange rate, Czech koruna/Euro, 2.15 pm (C.E.T.)",CZK,0
EXR.D.CZK.EUR.SP00.A,D,CZK,EUR,SP00,A,2025-11-14,24.198,A,F,,,P1D,,A,,,,,,,99Q1=100,,,3,,4F0,,Czech koruna/Euro ECB reference exchange rate,"ECB reference exchange rate, Czech koruna/Euro, 2.15 pm (C.E.T.)",CZK,0
EXR.D.CZK.EUR.SP00.A,D,CZK,EUR,SP00,A,2025-11-17,24.169,A,F,,,P1D,,A,,,,,,,99Q1=100,,,3,,4F0,,Czech koruna/Euro ECB reference exchange rate,"ECB reference exchange rate, Czech koruna/Euro, 2.15 pm (C.E.T.)",CZK,0
EXR.D.CZK.EUR.SP00.A,D,CZK,EUR,SP00,A,2025-11-18,24.188,A,F,,,P1D,,A,,,,,,,99Q1=100,,,3,,4F0,,Czech koruna/Euro ECB reference exchange rate,"ECB reference exchange rate, Czech koruna/Euro, 2.15 pm (C.E.T.)",CZK,0
EXR.D.CZK.EUR.SP00.A,D,CZK,EUR,SP00,A,2025-11-19,24.159,A,F,,,P1D,,A,,,,,,,99Q1=100,,,3,,4F0,,Czech koruna/Euro ECB reference exchange rate,"ECB reference exchange rate, Czech koruna/Euro, 2.15 pm (C.E.T.)",CZK,0
EXR.D.CZK.EUR.SP00.A,D,CZK,EUR,SP00,A,2025-11-20,24.179,A,F,,,P1D,,A,,,,,,,99Q1=100,,,3,,4F0,,Czech koruna/Euro ECB reference exchange rate,"ECB reference exchange rate, Czech koruna/Euro, 2.15 pm (C.E.T.)",CZK,0
EXR.D.CZK.EUR.SP00.A,D,CZK,EUR,SP00,A,2025-11-21,24.235,A,F,,,P1D,,A,,,,,,,99Q1=100,,,3,,4F0,,Czech koruna/Euro ECB reference exchange rate,"ECB reference exchange rate, Czech koruna/Euro, 2.15 pm (C.E.T.)",CZK,0
EXR.D.CZK.EUR.SP00.A,D,CZK,EUR,SP00,A,2025-11-24,24.169,A,F,,,P1D,,A,,,,,,,99Q1=100,,,3,,4F0,,Czech koruna/Euro ECB reference exchange rate,"ECB reference exchange rate, Czech koruna/Euro, 2.15 pm (C.E.T.)",CZK,0
EXR.D.CZK.EUR.SP00.A,D,CZK,EUR,SP00,A,2025-11-25,24.133,A,F,,,P1D,,A,,,,,,,99Q1=100,,,3,,4F0,,Czech koruna/Euro ECB reference exchange rate,"ECB reference exchange rate, Czech koruna/Euro, 2.15 pm (C.E.T.)",CZK,0
EXR.D.CZK.EUR.SP00.A,D,CZK,EUR,SP00,A,2025-11-26,24.168,A,F,,,P1D,,A,,,,,,,99Q1=100,,,3,,4F0,,Czech koruna/Euro ECB reference exchange rate,"ECB reference exchange rate, Czech koruna/Euro, 2.15 pm (C.E.T.)",CZK,0
EXR.D.CZK.EUR.SP00.A,D,CZK,EUR,SP00,A,2025-11-27,24.174,A,F,,,P1D,,A,,,,,,,99Q1=100,,,3,,4F0,,Czech koruna/Euro ECB reference exchange rate,"ECB reference exchange rate, Czech koruna/Euro, 2.15 pm (C.E.T.)",CZK,0
EXR.D.CZK.EUR.SP00.A,D,CZK,EUR,SP00,A,2025-11-28,24.177,A,F,,,P1D,,A,,,,,,,99Q1=100,,,3,,4F0,,Czech koruna/Euro ECB reference exchange rate,"ECB reference exchange rate, Czech koruna/Euro, 2.15 pm (C.E.T.)",CZK,0
EXR.D.CZK.EUR.SP00.A,D,CZK,EUR,SP00,A,2025-12-01,24.181,A,F,,,P1D,,A,,,,,,,99Q1=100,,,3,,4F0,,Czech koruna/Euro ECB reference exchange rate,"ECB reference exchange rate, Czech koruna/Euro, 2.15 pm (C.E.T.)",CZK,0
EXR.D.CZK.EUR.SP00.A,D,CZK,EUR,SP00,A,2025-12-02,24.161,A,F,,,P1D,,A,,,,,,,99Q1=100,,,3,,4F0,,Czech koruna/Euro ECB reference exchange rate,"ECB reference exchange rate, Czech koruna/Euro, 2.15 pm (C.E.T.)",CZK,0
EXR.D.CZK.EUR.SP00.A,D,CZK,EUR,SP00,A,2025-12-03,24.125,A,F,,,P1D,,A,,,,,,,99Q1=100,,,3,,4F0,,Czech koruna/Euro ECB reference exchange rate,"ECB reference exchange rate, Czech koruna/Euro, 2.15 pm (C.E.T.)",CZK,0
EXR.D.CZK.EUR.SP00.A,D,CZK,EUR,SP00,A,2025-12-04,24.157,A,F,,,P1D,,A,,,,,,,99Q1=100,,,3,,4F0,,Czech koruna/Euro ECB reference exchange rate,"ECB reference exchange rate, Czech koruna/Euro, 2.15 pm (C.E.T.)",CZK,0
EXR.D.CZK.EUR.SP00.A,D,CZK,EUR,SP00,A,2025-12-05,24.21,A,F,,,P1D,,A,,,,,,,99Q1=100,,,3,,4F0,,Czech koruna/Euro ECB reference exchange rate,"ECB reference exchange rate, Czech koruna/Euro, 2.15 pm (C.E.T.)",CZK,0
EXR.D.CZK.EUR.SP00.A,D,CZK,EUR,SP00,A,2025-12-08,24.268,A,F,,,P1D,,A,,,,,,,99Q1=100,,,3,,4F0,,Czech koruna/Euro ECB reference exchange rate,"ECB reference exchange rate, Czech koruna/Euro, 2.15 pm (C.E.T.)",CZK,0
EXR.D.CZK.EUR.SP00.A,D,CZK,EUR,SP00,A,2025-12-09,24.277,A,F,,,P1D,,A,,,,,,,99Q1=100,,,3,,4F0,,Czech koruna/Euro ECB reference exchange rate,"ECB reference exchange rate, Czech koruna/Euro, 2.15 pm (C.E.T.)",CZK,0
EXR.D.CZK.EUR.SP00.A,D,CZK,EUR,SP00,A,2025-12-10,24.245,A,F,,,P1D,,A,,,,,,,99Q1=100,,,3,,4F0,,Czech koruna/Euro ECB reference exchange rate,"ECB reference exchange rate, Czech koruna/Euro, 2.15 pm (C.E.T.)",CZK,0
EXR.D.CZK.EUR.SP00.A,D,CZK,EUR,SP00,A,2025-12-11,24.22,A,F,,,P1D,,A,,,,,,,99Q1=100,,,3,,4F0,,Czech koruna/Euro ECB reference exchange rate,"ECB reference exchange rate, Czech koruna/Euro, 2.15 pm (C.E.T.)",CZK,0
EXR.D.CZK.EUR.SP00.A,D,CZK,EUR,SP00,A,2025-12-12,24.239,A,F,,,P1D,,A,,,,,,,99Q1=100,,,3,,4F0,,Czech koruna/Euro ECB reference exchange rate,"ECB reference exchange rate, Czech koruna/Euro, 2.15 pm (C.E.T.)",CZK,0
EXR.D.CZK.EUR.SP00.A,D,CZK,EUR,SP00,A,2025-12-15,24.299,A,F,,,P1D,,A,,,,,,,99Q1=100,,,3,,4F0,,Czech koruna/Euro ECB reference exchange rate,"ECB reference exchange rate, Czech koruna/Euro, 2.15 pm (C.E.T.)",CZK,0
EXR.D.CZK.EUR.SP00.A,D,CZK,EUR,SP00,A,2025-12-16,24.317,A,F,,,P1D,,A,,,,,,,99Q1=100,,,3,,4F0,,Czech koruna/Euro ECB reference exchange rate,"ECB reference exchange rate, Czech koruna/Euro, 2.15 pm (C.E.T.)",CZK,0
EXR.D.CZK.EUR.SP00.A,D,CZK,EUR,SP00,A,2025-12-17,24.346,A,F,,,P1D,,A,,,,,,,99Q1=100,,,3,,4F0,,Czech koruna/Euro ECB reference exchange rate,"ECB reference exchange rate, Czech koruna/Euro, 2.15 pm (C.E.T.)",CZK,0
EXR.D.CZK.EUR.SP00.A,D,CZK,EUR,SP00,A,2025-12-18,24.392,A,F,,,P1D,,A,,,,,,,99Q1=100,,,3,,4F0,,Czech koruna/Euro ECB reference exchange rate,"ECB reference exchange rate, Czech koruna/Euro, 2.15 pm (C.E.T.)",CZK,0
EXR.D.CZK.EUR.SP00.A,D,CZK,EUR,SP00,A,2025-12-19,24.323,A,F,,,P1D,,A,,,,,,,99Q1=100,,,3,,4F0,,Czech koruna/Euro ECB reference exchange rate,"ECB reference exchange rate, Czech koruna/Euro, 2.15 pm (C.E.T.)",CZK,0
EXR.D.CZK.EUR.SP00.A,D,CZK,EUR,SP00,A,2025-12-22,24.32,A,F,,,P1D,,A,,,,,,,99Q1=100,,,3,,4F0,,Czech koruna/Euro ECB reference exchange rate,"ECB reference exchange rate, Czech koruna/Euro, 2.15 pm (C.E.T.)",CZK,0
EXR.D.CZK.EUR.SP00.A,D,CZK,EUR,SP00,A,2025-12-23,24.321,A,F,,,P1D,,A,,,,,,,99Q1=100,,,3,,4F0,,Czech koruna/Euro ECB reference exchange rate,"ECB reference exchange rate, Czech koruna/Euro, 2.15 pm (C.E.T.)",CZK,0
EXR.D.CZK.EUR.SP00.A,D,CZK,EUR,SP00,A,2025-12-24,24.271,A,F,,,P1D,,A,,,,,,,99Q1=100,,,3,,4F0,,Czech koruna/Euro ECB reference exchange rate,"ECB reference exchange rate, Czech koruna/Euro, 2.15 pm (C.E.T.)",CZK,0
EXR.D.CZK.EUR.SP00.A,D,CZK,EUR,SP00,A,2025-12-29,24.281,A,F,,,P1D,,A,,,,,,,99Q1=100,,,3,,4F0,,Czech koruna/Euro ECB reference exchange rate,"ECB reference exchange rate, Czech koruna/Euro, 2.15 pm (C.E.T.)",CZK,0
EXR.D.CZK.EUR.SP00.A,D,CZK,EUR,SP00,A,2025-12-30,24.255,A,F,,,P1D,,A,,,,,,,99Q1=100,,,3,,4F0,,Czech koruna/Euro ECB reference exchange rate,"ECB reference exchange rate, Czech koruna/Euro, 2.15 pm (C.E.T.)",CZK,0
EXR.D.CZK.EUR.SP00.A,D,CZK,EUR,SP00,A,2025-12-31,24.237,A,F,,,P1D,,A,,,,,,,99Q1=100,,,3,,4F0,,Czech koruna/Euro ECB reference exchange rate,"ECB reference exchange rate, Czech koruna/Euro, 2.15 pm (C.E.T.)",CZK,0
EXR.D.CZK.EUR.SP00.A,D,CZK,EUR,SP00,A,2026-01-02,24.177,A,F,,,P1D,,A,,,,,,,99Q1=100,,,3,,4F0,,Czech koruna/Euro ECB reference exchange rate,"ECB reference exchange rate, Czech koruna/Euro, 2.15 pm (C.E.T.)",CZK,0
EXR.D.CZK.EUR.SP00.A,D,CZK,EUR,SP00,A,2026-01-05,24.195,A,F,,,P1D,,A,,,,,,,99Q1=100,,,3,,4F0,,Czech koruna/Euro ECB reference exchange rate,"ECB reference exchange rate, Czech koruna/Euro, 2.15 pm (C.E.T.)",CZK,0
EXR.D.CZK.EUR.SP00.A,D,CZK,EUR,SP00,A,2026-01-06,24.195,A,F,,,P1D,,A,,,,,,,99Q1=100,,,3,,4F0,,Czech koruna/Euro ECB reference exchange rate,"ECB reference exchange rate, Czech koruna/Euro, 2.15 pm (C.E.T.)",CZK,0
EXR.D.CZK.EUR.SP00.A,D,CZK,EUR,SP00,A,2026-01-07,24.29,A,F,,,P1D,,A,,,,,,,99Q1=100,,,3,,4F0,,Czech koruna/Euro ECB reference exchange rate,"ECB reference exchange rate, Czech koruna/Euro, 2.15 pm (C.E.T.)",CZK,0
EXR.D.CZK.EUR.SP00.A,D,CZK,EUR,SP00,A,2026-01-08,24.262,A,F,,,P1D,,A,,,,,,,99Q1=100,,,3,,4F0,,Czech koruna/Euro ECB reference exchange rate,"ECB reference exchange rate, Czech koruna/Euro, 2.15 pm (C.E.T.)",CZK,0
EXR.D.CZK.EUR.SP00.A,D,CZK,EUR,SP00,A,2026-01-09,24.337,A,F,,,P1D,,A,,,,,,,99Q1=100,,,3,,4F0,,Czech koruna/Euro ECB reference exchange rate,"ECB reference exchange rate, Czech koruna/Euro, 2.15 pm (C.E.T.)",CZK,0
EXR.D.CZK.EUR.SP00.A,D,CZK,EUR,SP00,A,2026-01-12,24.288,A,F,,,P1D,,A,,,,,,,99Q1=100,,,3,,4F0,,Czech koruna/Euro ECB reference exchange rate,"ECB reference exchange rate, Czech koruna/Euro, 2.15 pm (C.E.T.)",CZK,0
EXR.D.CZK.EUR.SP00.A,D,CZK,EUR,SP00,A,2026-01-13,24.253,A,F,,,P1D,,A,,,,,,,99Q1=100,,,3,,4F0,,Czech koruna/Euro ECB reference exchange rate,"ECB reference exchange rate, Czech koruna/Euro, 2.15 pm (C.E.T.)",CZK,0
EXR.D.CZK.EUR.SP00.A,D,CZK,EUR,SP00,A,2026-01-14,24.262,A,F,,,P1D,,A,,,,,,,99Q1=100,,,3,,4F0,,Czech koruna/Euro ECB reference exchange rate,"ECB reference exchange rate, Czech koruna/Euro, 2.15 pm (C.E.T.)",CZK,0
EXR.D.CZK.EUR.SP00.A,D,CZK,EUR,SP00,A,2026-01-15,24.278,A,F,,,P1D,,A,,,,,,,99Q1=100,,,3,,4F0,,Czech koruna/Euro ECB reference exchange rate,"ECB reference exchange rate, Czech koruna/Euro, 2.15 pm (C.E.T.)",CZK,0
EXR.D.CZK.EUR.SP00.A,D,CZK,EUR,SP00,A,2026-01-16,24.286,A,F,,,P1D,,A,,,,,,,99Q1=100,,,3,,4F0,,Czech koruna/Euro ECB reference exchange rate,"ECB reference exchange rate, Czech koruna/Euro, 2.15 pm (C.E.T.)",CZK,0
EXR.D.CZK.EUR.SP00.A,D,CZK,EUR,SP00,A,2026-01-19,24.29,A,F,,,P1D,,A,,,,,,,99Q1=100,,,3,,4F0,,Czech koruna/Euro ECB reference exchange rate,"ECB reference exchange rate, Czech koruna/Euro, 2.15 pm (C.E.T.)",CZK,0
EXR.D.CZK.EUR.SP00.A,D,CZK,EUR,SP00,A,2026-01-20,24.333,A,F,,,P1D,,A,,,,,,,99Q1=100,,,3,,4F0,,Czech koruna/Euro ECB reference exchange rate,"ECB reference exchange rate, Czech koruna/Euro, 2.15 pm (C.E.T.)",CZK,0
EXR.D.CZK.EUR.SP00.A,D,CZK,EUR,SP00,A,2026-01-21,24.356,A,F,,,P1D,,A,,,,,,,99Q1=100,,,3,,4F0,,Czech koruna/Euro ECB reference exchange rate,"ECB reference exchange rate, Czech koruna/Euro, 2.15 pm (C.E.T.)",CZK,0
EXR.D.CZK.EUR.SP00.A,D,CZK,EUR,SP00,A,2026-01-22,24.31,A,F,,,P1D,,A,,,,,,,99Q1=100,,,3,,4F0,,Czech koruna/Euro ECB reference exchange rate,"ECB reference exchange rate, Czech koruna/Euro, 2.15 pm (C.E.T.)",CZK,0
EXR.D.CZK.EUR.SP00.A,D,CZK,EUR,SP00,A,2026-01-23,24.257,A,F,,,P1D,,A,,,,,,,99Q1=100,,,3,,4F0,,Czech koruna/Euro ECB reference exchange rate,"ECB reference exchange rate, Czech koruna/Euro, 2.15 pm (C.E.T.)",CZK,0
EXR.D.CZK.EUR.SP00.A,D,CZK,EUR,SP00,A,2026-01-26,24.251,A,F,,,P1D,,A,,,,,,,99Q1=100,,,3,,4F0,,Czech koruna/Euro ECB reference exchange rate,"ECB reference exchange rate, Czech koruna/Euro, 2.15 pm (C.E.T.)",CZK,0
EXR.D.CZK.EUR.SP00.A,D,CZK,EUR,SP00,A,2026-01-27,24.267,A,F,,,P1D,,A,,,,,,,99Q1=100,,,3,,4F0,,Czech koruna/Euro ECB reference exchange rate,"ECB reference exchange rate, Czech koruna/Euro, 2.15 pm (C.E.T.)",CZK,0
EXR.D.CZK.EUR.SP00.A,D,CZK,EUR,SP00,A,2026-01-28,24.294,A,F,,,P1D,,A,,,,,,,99Q1=100,,,3,,4F0,,Czech koruna/Euro ECB reference exchange rate,"ECB reference exchange rate, Czech koruna/Euro, 2.15 pm (C.E.T.)",CZK,0
EXR.D.CZK.EUR.SP00.A,D,CZK,EUR,SP00,A,2026-01-29,24.335,A,F,,,P1D,,A,,,,,,,99Q1=100,,,3,,4F0,,Czech koruna/Euro ECB reference exchange rate,"ECB reference exchange rate, Czech koruna/Euro, 2.15 pm (C.E.T.)",CZK,0
EXR.D.CZK.EUR.SP00.A,D,CZK,EUR,SP00,A,2026-01-30,24.325,A,F,,,P1D,,A,,,,,,,99Q1=100,,,3,,4F0,,Czech koruna/Euro ECB reference exchange rate,"ECB reference exchange rate, Czech koruna/Euro, 2.15 pm (C.E.T.)",CZK,0
EXR.D.CZK.EUR.SP00.A,D,CZK,EUR,SP00,A,2026-02-02,24.305,A,F,,,P1D,,A,,,,,,,99Q1=100,,,3,,4F0,,Czech koruna/Euro ECB reference exchange rate,"ECB reference exchange rate, Czech koruna/Euro, 2.15 pm (C.E.T.)",CZK,0
EXR.D.CZK.EUR.SP00.A,D,CZK,EUR,SP00,A,2026-02-03,24.312,A,F,,,P1D,,A,,,,,,,99Q1=100,,,3,,4F0,,Czech koruna/Euro ECB reference exchange rate,"ECB reference exchange rate, Czech koruna/Euro, 2.15 pm (C.E.T.)",CZK,0
EXR.D.CZK.EUR.SP00.A,D,CZK,EUR,SP00,A,2026-02-04,24.357,A,F,,,P1D,,A,,,,,,,99Q1=100,,,3,,4F0,,Czech koruna/Euro ECB reference exchange rate,"ECB reference exchange rate, Czech koruna/Euro, 2.15 pm (C.E.T.)",CZK,0
EXR.D.CZK.EUR.SP00.A,D,CZK,EUR,SP00,A,2026-02-05,24.31,A,F,,,P1D,,A,,,,,,,99Q1=100,,,3,,4F0,,Czech koruna/Euro ECB reference exchange rate,"ECB reference exchange rate, Czech koruna/Euro, 2.15 pm (C.E.T.)",CZK,0
EXR.D.CZK.EUR.SP00.A,D,CZK,EUR,SP00,A,2026-02-06,24.24,A,F,,,P1D,,A,,,,,,,99Q1=100,,,3,,4F0,,Czech koruna/Euro ECB reference exchange rate,"ECB reference exchange rate, Czech koruna/Euro, 2.15 pm (C.E.T.)",CZK,0
EXR.D.CZK.EUR.SP00.A,D,CZK,EUR,SP00,A,2026-02-09,24.217,A,F,,,P1D,,A,,,,,,,99Q1=100,,,3,,4F0,,Czech koruna/Euro ECB reference exchange rate,"ECB reference exchange rate, Czech koruna/Euro, 2.15 pm (C.E.T.)",CZK,0
EXR.D.CZK.EUR.SP00.A,D,CZK,EUR,SP00,A,2026-02-10,24.257,A,F,,,P1D,,A,,,,,,,99Q1=100,,,3,,4F0,,Czech koruna/Euro ECB reference exchange rate,"ECB reference exchange rate, Czech koruna/Euro, 2.15 pm (C.E.T.)",CZK,0
EXR.D.CZK.EUR.SP00.A,D,CZK,EUR,SP00,A,2026-02-11,24.245,A,F,,,P1D,,A,,,,,,,99Q1=100,,,3,,4F0,,Czech koruna/Euro ECB reference exchange rate,"ECB reference exchange rate, Czech koruna/Euro, 2.15 pm (C.E.T.)",CZK,0
EXR.D.CZK.EUR.SP00.A,D,CZK,EUR,SP00,A,2026-02-12,24.245,A,F,,,P1D,,A,,,,,,,99Q1=100,,,3,,4F0,,Czech koruna/Euro ECB reference exchange rate,"ECB reference exchange rate, Czech koruna/Euro, 2.15 pm (C.E.T.)",CZK,0
EXR.D.CZK.EUR.SP00.A,D,CZK,EUR,SP00,A,2026-02-13,24.263,A,F,,,P1D,,A,,,,,,,99Q1=100,,,3,,4F0,,Czech koruna/Euro ECB reference exchange rate,"ECB reference exchange rate, Czech koruna/Euro, 2.15 pm (C.E.T.)",CZK,0
EXR.D.CZK.EUR.SP00.A,D,CZK,EUR,SP00,A,2026-02-16,24.259,A,F,,,P1D,,A,,,,,,,99Q1=100,,,3,,4F0,,Czech koruna/Euro ECB reference exchange rate,"ECB reference exchange rate, Czech koruna/Euro, 2.15 pm (C.E.T.)",CZK,0
EXR.D.CZK.EUR.SP00.A,D,CZK,EUR,SP00,A,2026-02-17,24.276,A,F,,,P1D,,A,,,,,,,99Q1=100,,,3,,4F0,,Czech koruna/Euro ECB reference exchange rate,"ECB reference exchange rate, Czech koruna/Euro, 2.15 pm (C.E.T.)",CZK,0
EXR.D.CZK.EUR.SP00.A,D,CZK,EUR,SP00,A,2026-02-18,24.256,A,F,,,P1D,,A,,,,,,,99Q1=100,,,3,,4F0,,Czech koruna/Euro ECB reference exchange rate,"ECB reference exchange rate, Czech koruna/Euro, 2.15 pm (C.E.T.)",CZK,0
EXR.D.CZK.EUR.SP00.A,D,CZK,EUR,SP00,A,2026-02-19,24.245,A,F,,,P1D,,A,,,,,,,99Q1=100,,,3,,4F0,,Czech koruna/Euro ECB reference exchange rate,"ECB reference exchange rate, Czech koruna/Euro, 2.15 pm (C.E.T.)",CZK,0
EXR.D.CZK.EUR.SP00.A,D,CZK,EUR,SP00,A,2026-02-20,24.241,A,F,,,P1D,,A,,,,,,,99Q1=100,,,3,,4F0,,Czech koruna/Euro ECB reference exchange rate,"ECB reference exchange rate, Czech koruna/Euro, 2.15 pm (C.E.T.)",CZK,0
EXR.D.CZK.EUR.SP00.A,D,CZK,EUR,SP00,A,2026-02-23,24.223,A,F,,,P1D,,A,,,,,,,99Q1=100,,,3,,4F0,,Czech koruna/Euro ECB reference exchange rate,"ECB reference exchange rate, Czech koruna/Euro, 2.15 pm (C.E.T.)",CZK,0
EXR.D.CZK.EUR.SP00.A,D,CZK,EUR,SP00,A,2026-02-24,24.225,A,F,,,P1D,,A,,,,,,,99Q1=100,,,3,,4F0,,Czech koruna/Euro ECB reference exchange rate,"ECB reference exchange rate, Czech koruna/Euro, 2.15 pm (C.E.T.)",CZK,0
EXR.D.CZK.EUR.SP00.A,D,CZK,EUR,SP00,A,2026-02-25,24.226,A,F,,,P1D,,A,,,,,,,99Q1=100,,,3,,4F0,,Czech koruna/Euro ECB reference exchange rate,"ECB reference exchange rate, Czech koruna/Euro, 2.15 pm (C.E.T.)",CZK,0
EXR.D.CZK.EUR.SP00.A,D,CZK,EUR,SP00,A,2026-02-26,24.246,A,F,,,P1D,,A,,,,,,,99Q1=100,,,3,,4F0,,Czech koruna/Euro ECB reference exchange rate,"ECB reference exchange rate, Czech koruna/Euro, 2.15 pm (C.E.T.)",CZK,0
EXR.D.CZK.EUR.SP00.A,D,CZK,EUR,SP00,A,2026-02-27,24.244,A,F,,,P1D,,A,,,,,,,99Q1=100,,,3,,4F0,,Czech koruna/Euro ECB reference exchange rate,"ECB reference exchange rate, Czech koruna/Euro, 2.15 pm (C.E.T.)",CZK,0
EXR.D.CZK.EUR.SP00.A,D,CZK,EUR,SP00,A,2026-03-02,24.274,A,F,,,P1D,,A,,,,,,,99Q1=100,,,3,,4F0,,Czech koruna/Euro ECB reference exchange rate,"ECB reference exchange rate, Czech koruna/Euro, 2.15 pm (C.E.T.)",CZK,0
EXR.D.CZK.EUR.SP00.A,D,CZK,EUR,SP00,A,2026-03-03,24.378,A,F,,,P1D,,A,,,,,,,99Q1=100,,,3,,4F0,,Czech koruna/Euro ECB reference exchange rate,"ECB reference exchange rate, Czech koruna/Euro, 2.15 pm (C.E.T.)",CZK,0
EXR.D.CZK.EUR.SP00.A,D,CZK,EUR,SP00,A,2026-03-04,24.36,A,F,,,P1D,,A,,,,,,,99Q1=100,,,3,,4F0,,Czech koruna/Euro ECB reference exchange rate,"ECB reference exchange rate, Czech koruna/Euro, 2.15 pm (C.E.T.)",CZK,0
EXR.D.CZK.EUR.SP00.A,D,CZK,EUR,SP00,A,2026-03-05,24.396,A,F,,,P1D,,A,,,,,,,99Q1=100,,,3,,4F0,,Czech koruna/Euro ECB reference exchange rate,"ECB reference exchange rate, Czech koruna/Euro, 2.15 pm (C.E.T.)",CZK,0
EXR.D.CZK.EUR.SP00.A,D,CZK,EUR,SP00,A,2026-03-06,24.419,A,F,,,P1D,,A,,,,,,,99Q1=100,,,3,,4F0,,Czech koruna/Euro ECB reference exchange rate,"ECB reference exchange rate, Czech koruna/Euro, 2.15 pm (C.E.T.)",CZK,0
EXR.D.CZK.EUR.SP00.A,D,CZK,EUR,SP00,A,2026-03-09,24.399,A,F,,,P1D,,A,,,,,,,99Q1=100,,,3,,4F0,,Czech koruna/Euro ECB reference exchange rate,"ECB reference exchange rate, Czech koruna/Euro, 2.15 pm (C.E.T.)",CZK,0
EXR.D.CZK.EUR.SP00.A,D,CZK,EUR,SP00,A,2026-03-10,24.38,A,F,,,P1D,,A,,,,,,,99Q1=100,,,3,,4F0,,Czech koruna/Euro ECB reference exchange rate,"ECB reference exchange rate, Czech koruna/Euro, 2.15 pm (C.E.T.)",CZK,0
EXR.D.CZK.EUR.SP00.A,D,CZK,EUR,SP00,A,2026-03-11,24.377,A,F,,,P1D,,A,,,,,,,99Q1=100,,,3,,4F0,,Czech koruna/Euro ECB reference exchange rate,"ECB reference exchange rate, Czech koruna/Euro, 2.15 pm (C.E.T.)",CZK,0
EXR.D.CZK.EUR.SP00.A,D,CZK,EUR,SP00,A,2026-03-12,24.406,A,F,,,P1D,,A,,,,,,,99Q1=100,,,3,,4F0,,Czech koruna/Euro ECB reference exchange rate,"ECB reference exchange rate, Czech koruna/Euro, 2.15 pm (C.E.T.)",CZK,0
EXR.D.CZK.EUR.SP00.A,D,CZK,EUR,SP00,A,2026-03-13,24.437,A,F,,,P1D,,A,,,,,,,99Q1=100,,,3,,4F0,,Czech koruna/Euro ECB reference exchange rate,"ECB reference exchange rate, Czech koruna/Euro, 2.15 pm (C.E.T.)",CZK,0
EXR.D.CZK.EUR.SP00.A,D,CZK,EUR,SP00,A,2026-03-16,24.436,A,F,,,P1D,,A,,,,,,,99Q1=100,,,3,,4F0,,Czech koruna/Euro ECB reference exchange rate,"ECB reference exchange rate, Czech koruna/Euro, 2.15 pm (C.E.T.)",CZK,0
EXR.D.CZK.EUR.SP00.A,D,CZK,EUR,SP00,A,2026-03-17,24.437,A,F,,,P1D,,A,,,,,,,99Q1=100,,,3,,4F0,,Czech koruna/Euro ECB reference exchange rate,"ECB reference exchange rate, Czech koruna/Euro, 2.15 pm (C.E.T.)",CZK,0
EXR.D.CZK.EUR.SP00.A,D,CZK,EUR,SP00,A,2026-03-18,24.467,A,F,,,P1D,,A,,,,,,,99Q1=100,,,3,,4F0,,Czech koruna/Euro ECB reference exchange rate,"ECB reference exchange rate, Czech koruna/Euro, 2.15 pm (C.E.T.)",CZK,0
EXR.D.CZK.EUR.SP00.A,D,CZK,EUR,SP00,A,2026-03-19,24.517,A,F,,,P1D,,A,,,,,,,99Q1=100,,,3,,4F0,,Czech koruna/Euro ECB reference exchange rate,"ECB reference exchange rate, Czech koruna/Euro, 2.15 pm (C.E.T.)",CZK,0
EXR.D.CZK.EUR.SP00.A,D,CZK,EUR,SP00,A,2026-03-20,24.505,A,F,,,P1D,,A,,,,,,,99Q1=100,,,3,,4F0,,Czech koruna/Euro ECB reference exchange rate,"ECB reference exchange rate, Czech koruna/Euro, 2.15 pm (C.E.T.)",CZK,0
EXR.D.CZK.EUR.SP00.A,D,CZK,EUR,SP00,A,2026-03-23,24.438,A,F,,,P1D,,A,,,,,,,99Q1=100,,,3,,4F0,,Czech koruna/Euro ECB reference exchange rate,"ECB reference exchange rate, Czech koruna/Euro, 2.15 pm (C.E.T.)",CZK,0
EXR.D.CZK.EUR.SP00.A,D,CZK,EUR,SP00,A,2026-03-24,24.477,A,F,,,P1D,,A,,,,,,,99Q1=100,,,3,,4F0,,Czech koruna/Euro ECB reference exchange rate,"ECB reference exchange rate, Czech koruna/Euro, 2.15 pm (C.E.T.)",CZK,0
EXR.D.CZK.EUR.SP00.A,D,CZK,EUR,SP00,A,2026-03-25,24.437,A,F,,,P1D,,A,,,,,,,99Q1=100,,,3,,4F0,,Czech koruna/Euro ECB reference exchange rate,"ECB reference exchange rate, Czech koruna/Euro, 2.15 pm (C.E.T.)",CZK,0
EXR.D.CZK.EUR.SP00.A,D,CZK,EUR,SP00,A,2026-03-26,24.478,A,F,,,P1D,,A,,,,,,,99Q1=100,,,3,,4F0,,Czech koruna/Euro ECB reference exchange rate,"ECB reference exchange rate, Czech koruna/Euro, 2.15 pm (C.E.T.)",CZK,0
EXR.D.CZK.EUR.SP00.A,D,CZK,EUR,SP00,A,2026-03-27,24.542,A,F,,,P1D,,A,,,,,,,99Q1=100,,,3,,4F0,,Czech koruna/Euro ECB reference exchange rate,"ECB reference exchange rate, Czech koruna/Euro, 2.15 pm (C.E.T.)",CZK,0
EXR.D.CZK.EUR.SP00.A,D,CZK,EUR,SP00,A,2026-03-30,24.555,A,F,,,P1D,,A,,,,,,,99Q1=100,,,3,,4F0,,Czech koruna/Euro ECB reference exchange rate,"ECB reference exchange rate, Czech koruna/Euro, 2.15 pm (C.E.T.)",CZK,0
EXR.D.CZK.EUR.SP00.A,D,CZK,EUR,SP00,A,2026-03-31,24.514,A,F,,,P1D,,A,,,,,,,99Q1=100,,,3,,4F0,,Czech koruna/Euro ECB reference exchange rate,"ECB reference exchange rate, Czech koruna/Euro, 2.15 pm (C.E.T.)",CZK,0
EXR.D.CZK.EUR.SP00.A,D,CZK,EUR,SP00,A,2026-04-01,24.516,A,F,,,P1D,,A,,,,,,,99Q1=100,,,3,,4F0,,Czech koruna/Euro ECB reference exchange rate,"ECB reference exchange rate, Czech koruna/Euro, 2.15 pm (C.E.T.)",CZK,0
EXR.D.CZK.EUR.SP00.A,D,CZK,EUR,SP00,A,2026-04-02,24.54,A,F,,,P1D,,A,,,,,,,99Q1=100,,,3,,4F0,,Czech koruna/Euro ECB reference exchange rate,"ECB reference exchange rate, Czech koruna/Euro, 2.15 pm (C.E.T.)",CZK,0
EXR.D.CZK.EUR.SP00.A,D,CZK,EUR,SP00,A,2026-04-07,24.531,A,F,,,P1D,,A,,,,,,,99Q1=100,,,3,,4F0,,Czech koruna/Euro ECB reference exchange rate,"ECB reference exchange rate, Czech koruna/Euro, 2.15 pm (C.E.T.)",CZK,0
EXR.D.CZK.EUR.SP00.A,D,CZK,EUR,SP00,A,2026-04-08,24.38,A,F,,,P1D,,A,,,,,,,99Q1=100,,,3,,4F0,,Czech koruna/Euro ECB reference exchange rate,"ECB reference exchange rate, Czech koruna/Euro, 2.15 pm (C.E.T.)",CZK,0
EXR.D.CZK.EUR.SP00.A,D,CZK,EUR,SP00,A,2026-04-09,24.401,A,F,,,P1D,,A,,,,,,,99Q1=100,,,3,,4F0,,Czech koruna/Euro ECB reference exchange rate,"ECB reference exchange rate, Czech koruna/Euro, 2.15 pm (C.E.T.)",CZK,0
EXR.D.CZK.EUR.SP00.A,D,CZK,EUR,SP00,A,2026-04-10,24.365,A,F,,,P1D,,A,,,,,,,99Q1=100,,,3,,4F0,,Czech koruna/Euro ECB reference exchange rate,"ECB reference exchange rate, Czech koruna/Euro, 2.15 pm (C.E.T.)",CZK,0
EXR.D.CZK.EUR.SP00.A,D,CZK,EUR,SP00,A,2026-04-13,24.378,A,F,,,P1D,,A,,,,,,,99Q1=100,,,3,,4F0,,Czech koruna/Euro ECB reference exchange rate,"ECB reference exchange rate, Czech koruna/Euro, 2.15 pm (C.E.T.)",CZK,0
EXR.D.CZK.EUR.SP00.A,D,CZK,EUR,SP00,A,2026-04-14,24.349,A,F,,,P1D,,A,,,,,,,99Q1=100,,,3,,4F0,,Czech koruna/Euro ECB reference exchange rate,"ECB reference exchange rate, Czech koruna/Euro, 2.15 pm (C.E.T.)",CZK,0
EXR.D.CZK.EUR.SP00.A,D,CZK,EUR,SP00,A,2026-04-15,24.36,A,F,,,P1D,,A,,,,,,,99Q1=100,,,3,,4F0,,Czech koruna/Euro ECB reference exchange rate,"ECB reference exchange rate, Czech koruna/Euro, 2.15 pm (C.E.T.)",CZK,0
EXR.D.CZK.EUR.SP00.A,D,CZK,EUR,SP00,A,2026-04-16,24.349,A,F,,,P1D,,A,,,,,,,99Q1=100,,,3,,4F0,,Czech koruna/Euro ECB reference exchange rate,"ECB reference exchange rate, Czech koruna/Euro, 2.15 pm (C.E.T.)",CZK,0
EXR.D.CZK.EUR.SP00.A,D,CZK,EUR,SP00,A,2026-04-17,24.317,A,F,,,P1D,,A,,,,,,,99Q1=100,,,3,,4F0,,Czech koruna/Euro ECB reference exchange rate,"ECB reference exchange rate, Czech koruna/Euro, 2.15 pm (C.E.T.)",CZK,0
EXR.D.CZK.EUR.SP00.A,D,CZK,EUR,SP00,A,2026-04-20,24.289,A,F,,,P1D,,A,,,,,,,99Q1=100,,,3,,4F0,,Czech koruna/Euro ECB reference exchange rate,"ECB reference exchange rate, Czech koruna/Euro, 2.15 pm (C.E.T.)",CZK,0
EXR.D.CZK.EUR.SP00.A,D,CZK,EUR,SP00,A,2026-04-21,24.301,A,F,,,P1D,,A,,,,,,,99Q1=100,,,3,,4F0,,Czech koruna/Euro ECB reference exchange rate,"ECB reference exchange rate, Czech koruna/Euro, 2.15 pm (C.E.T.)",CZK,0
EXR.D.CZK.EUR.SP00.A,D,CZK,EUR,SP00,A,2026-04-22,24.347,A,F,,,P1D,,A,,,,,,,99Q1=100,,,3,,4F0,,Czech koruna/Euro ECB reference exchange rate,"ECB reference exchange rate, Czech koruna/Euro, 2.15 pm (C.E.T.)",CZK,0
EXR.D.CZK.EUR.SP00.A,D,CZK,EUR,SP00,A,2026-04-23,24.353,A,F,,,P1D,,A,,,,,,,99Q1=100,,,3,,4F0,,Czech koruna/Euro ECB reference exchange rate,"ECB reference exchange rate, Czech koruna/Euro, 2.15 pm (C.E.T.)",CZK,0
EXR.D.CZK.EUR.SP00.A,D,CZK,EUR,SP00,A,2026-04-24,24.373,A,F,,,P1D,,A,,,,,,,99Q1=100,,,3,,4F0,,Czech koruna/Euro ECB reference exchange rate,"ECB reference exchange rate, Czech koruna/Euro, 2.15 pm (C.E.T.)",CZK,0
EXR.D.CZK.EUR.SP00.A,D,CZK,EUR,SP00,A,2026-04-27,24.357,A,F,,,P1D,,A,,,,,,,99Q1=100,,,3,,4F0,,Czech koruna/Euro ECB reference exchange rate,"ECB reference exchange rate, Czech koruna/Euro, 2.15 pm (C.E.T.)",CZK,0
EXR.D.CZK.EUR.SP00.A,D,CZK,EUR,SP00,A,2026-04-28,24.372,A,F,,,P1D,,A,,,,,,,99Q1=100,,,3,,4F0,,Czech koruna/Euro ECB reference exchange rate,"ECB reference exchange rate, Czech koruna/Euro, 2.15 pm (C.E.T.)",CZK,0
EXR.D.CZK.EUR.SP00.A,D,CZK,EUR,SP00,A,2026-04-29,24.382,A,F,,,P1D,,A,,,,,,,99Q1=100,,,3,,4F0,,Czech koruna/Euro ECB reference exchange rate,"ECB reference exchange rate, Czech koruna/Euro, 2.15 pm (C.E.T.)",CZK,0
EXR.D.CZK.EUR.SP00.A,D,CZK,EUR,SP00,A,2026-04-30,24.366,A,F,,,P1D,,A,,,,,,,99Q1=100,,,3,,4F0,,Czech koruna/Euro ECB reference exchange rate,"ECB reference exchange rate, Czech koruna/Euro, 2.15 pm (C.E.T.)",CZK,0
EXR.D.CZK.EUR.SP00.A,D,CZK,EUR,SP00,A,2026-05-04,24.393,A,F,,,P1D,,A,,,,,,,99Q1=100,,,3,,4F0,,Czech koruna/Euro ECB reference exchange rate,"ECB reference exchange rate, Czech koruna/Euro, 2.15 pm (C.E.T.)",CZK,0
EXR.D.CZK.EUR.SP00.A,D,CZK,EUR,SP00,A,2026-05-05,24.38,A,F,,,P1D,,A,,,,,,,99Q1=100,,,3,,4F0,,Czech koruna/Euro ECB reference exchange rate,"ECB reference exchange rate, Czech koruna/Euro, 2.15 pm (C.E.T.)",CZK,0
EXR.D.CZK.EUR.SP00.A,D,CZK,EUR,SP00,A,2026-05-06,24.34,A,F,,,P1D,,A,,,,,,,99Q1=100,,,3,,4F0,,Czech koruna/Euro ECB reference exchange rate,"ECB reference exchange rate, Czech koruna/Euro, 2.15 pm (C.E.T.)",CZK,0
EXR.D.CZK.EUR.SP00.A,D,CZK,EUR,SP00,A,2026-05-07,24.306,A,F,,,P1D,,A,,,,,,,99Q1=100,,,3,,4F0,,Czech koruna/Euro ECB reference exchange rate,"ECB reference exchange rate, Czech koruna/Euro, 2.15 pm (C.E.T.)",CZK,0
EXR.D.CZK.EUR.SP00.A,D,CZK,EUR,SP00,A,2026-05-08,24.304,A,F,,,P1D,,A,,,,,,,99Q1=100,,,3,,4F0,,Czech koruna/Euro ECB reference exchange rate,"ECB reference exchange rate, Czech koruna/Euro, 2.15 pm (C.E.T.)",CZK,0
EXR.D.CZK.EUR.SP00.A,D,CZK,EUR,SP00,A,2026-05-11,24.333,A,F,,,P1D,,A,,,,,,,99Q1=100,,,3,,4F0,,Czech koruna/Euro ECB reference exchange rate,"ECB reference exchange rate, Czech koruna/Euro, 2.15 pm (C.E.T.)",CZK,0
EXR.D.CZK.EUR.SP00.A,D,CZK,EUR,SP00,A,2026-05-12,24.324,A,F,,,P1D,,A,,,,,,,99Q1=100,,,3,,4F0,,Czech koruna/Euro ECB reference exchange rate,"ECB reference exchange rate, Czech koruna/Euro, 2.15 pm (C.E.T.)",CZK,0
EXR.D.CZK.EUR.SP00.A,D,CZK,EUR,SP00,A,2026-05-13,24.347,A,F,,,P1D,,A,,,,,,,99Q1=100,,,3,,4F0,,Czech koruna/Euro ECB reference exchange rate,"ECB reference exchange rate, Czech koruna/Euro, 2.15 pm (C.E.T.)",CZK,0
EXR.D.CZK.EUR.SP00.A,D,CZK,EUR,SP00,A,2026-05-14,24.302,A,F,,,P1D,,A,,,,,,,99Q1=100,,,3,,4F0,,Czech koruna/Euro ECB reference exchange rate,"ECB reference exchange rate, Czech koruna/Euro, 2.15 pm (C.E.T.)",CZK,0
EXR.D.CZK.EUR.SP00.A,D,CZK,EUR,SP00,A,2026-05-15,24.333,A,F,,,P1D,,A,,,,,,,99Q1=100,,,3,,4F0,,Czech koruna/Euro ECB reference exchange rate,"ECB reference exchange rate, Czech koruna/Euro, 2.15 pm (C.E.T.)",CZK,0
EXR.D.CZK.EUR.SP00.A,D,CZK,EUR,SP00,A,2026-05-18,24.321,A,F,,,P1D,,A,,,,,,,99Q1=100,,,3,,4F0,,Czech koruna/Euro ECB reference exchange rate,"ECB reference exchange rate, Czech koruna/Euro, 2.15 pm (C.E.T.)",CZK,0
EXR.D.CZK.EUR.SP00.A,D,CZK,EUR,SP00,A,2026-05-19,24.297,A,F,,,P1D,,A,,,,,,,99Q1=100,,,3,,4F0,,Czech koruna/Euro ECB reference exchange rate,"ECB reference exchange rate, Czech koruna/Euro, 2.15 pm (C.E.T.)",CZK,0
EXR.D.CZK.EUR.SP00.A,D,CZK,EUR,SP00,A,2026-05-20,24.322,A,F,,,P1D,,A,,,,,,,99Q1=100,,,3,,4F0,,Czech koruna/Euro ECB reference exchange rate,"ECB reference exchange rate, Czech koruna/Euro, 2.15 pm (C.E.T.)",CZK,0
EXR.D.CZK.EUR.SP00.A,D,CZK,EUR,SP00,A,2026-05-21,24.292,A,F,,,P1D,,A,,,,,,,99Q1=100,,,3,,4F0,,Czech koruna/Euro ECB reference exchange rate,"ECB reference exchange rate, Czech koruna/Euro, 2.15 pm (C.E.T.)",CZK,0
EXR.D.CZK.EUR.SP00.A,D,CZK,EUR,SP00,A,2026-05-22,24.289,A,F,,,P1D,,A,,,,,,,99Q1=100,,,3,,4F0,,Czech koruna/Euro ECB reference exchange rate,"ECB reference exchange rate, Czech koruna/Euro, 2.15 pm (C.E.T.)",CZK,0
EXR.D.CZK.EUR.SP00.A,D,CZK,EUR,SP00,A,2026-05-25,24.259,A,F,,,P1D,,A,,,,,,,99Q1=100,,,3,,4F0,,Czech koruna/Euro ECB reference exchange rate,"ECB reference exchange rate, Czech koruna/Euro, 2.15 pm (C.E.T.)",CZK,0
EXR.D.CZK.EUR.SP00.A,D,CZK,EUR,SP00,A,2026-05-26,24.257,A,F,,,P1D,,A,,,,,,,99Q1=100,,,3,,4F0,,Czech koruna/Euro ECB reference exchange rate,"ECB reference exchange rate, Czech koruna/Euro, 2.15 pm (C.E.T.)",CZK,0
EXR.D.CZK.EUR.SP00.A,D,CZK,EUR,SP00,A,2026-05-27,24.284,A,F,,,P1D,,A,,,,,,,99Q1=100,,,3,,4F0,,Czech koruna/Euro ECB reference exchange rate,"ECB reference exchange rate, Czech koruna/Euro, 2.15 pm (C.E.T.)",CZK,0
EXR.D.CZK.EUR.SP00.A,D,CZK,EUR,SP00,A,2026-05-28,24.293,A,F,,,P1D,,A,,,,,,,99Q1=100,,,3,,4F0,,Czech koruna/Euro ECB reference exchange rate,"ECB reference exchange rate, Czech koruna/Euro, 2.15 pm (C.E.T.)",CZK,0
EXR.D.CZK.EUR.SP00.A,D,CZK,EUR,SP00,A,2026-05-29,24.282,A,F,,,P1D,,A,,,,,,,99Q1=100,,,3,,4F0,,Czech koruna/Euro ECB reference exchange rate,"ECB reference exchange rate, Czech koruna/Euro, 2.15 pm (C.E.T.)",CZK,0
EXR.D.CZK.EUR.SP00.A,D,CZK,EUR,SP00,A,2026-06-01,24.285,A,F,,,P1D,,A,,,,,,,99Q1=100,,,3,,4F0,,Czech koruna/Euro ECB reference exchange rate,"ECB reference exchange rate, Czech koruna/Euro, 2.15 pm (C.E.T.)",CZK,0
EXR.D.CZK.EUR.SP00.A,D,CZK,EUR,SP00,A,2026-06-02,24.243,A,F,,,P1D,,A,,,,,,,99Q1=100,,,3,,4F0,,Czech koruna/Euro ECB reference exchange rate,"ECB reference exchange rate, Czech koruna/Euro, 2.15 pm (C.E.T.)",CZK,0
EXR.D.CZK.EUR.SP00.A,D,CZK,EUR,SP00,A,2026-06-03,24.189,A,F,,,P1D,,A,,,,,,,99Q1=100,,,3,,4F0,,Czech koruna/Euro ECB reference exchange rate,"ECB reference exchange rate, Czech koruna/Euro, 2.15 pm (C.E.T.)",CZK,0
EXR.D.CZK.EUR.SP00.A,D,CZK,EUR,SP00,A,2026-06-04,24.218,A,F,,,P1D,,A,,,,,,,99Q1=100,,,3,,4F0,,Czech koruna/Euro ECB reference exchange rate,"ECB reference exchange rate, Czech koruna/Euro, 2.15 pm (C.E.T.)",CZK,0
EXR.D.CZK.EUR.SP00.A,D,CZK,EUR,SP00,A,2026-06-05,24.165,A,F,,,P1D,,A,,,,,,,99Q1=100,,,3,,4F0,,Czech koruna/Euro ECB reference exchange rate,"ECB reference exchange rate, Czech koruna/Euro, 2.15 pm (C.E.T.)",CZK,0
EXR.D.CZK.EUR.SP00.A,D,CZK,EUR,SP00,A,2026-06-08,24.231,A,F,,,P1D,,A,,,,,,,99Q1=100,,,3,,4F0,,Czech koruna/Euro ECB reference exchange rate,"ECB reference exchange rate, Czech koruna/Euro, 2.15 pm (C.E.T.)",CZK,0
EXR.D.CZK.EUR.SP00.A,D,CZK,EUR,SP00,A,2026-06-09,24.168,A,F,,,P1D,,A,,,,,,,99Q1=100,,,3,,4F0,,Czech koruna/Euro ECB reference exchange rate,"ECB reference exchange rate, Czech koruna/Euro, 2.15 pm (C.E.T.)",CZK,0
EXR.D.CZK.EUR.SP00.A,D,CZK,EUR,SP00,A,2026-06-10,24.193,A,F,,,P1D,,A,,,,,,,99Q1=100,,,3,,4F0,,Czech koruna/Euro ECB reference exchange rate,"ECB reference exchange rate, Czech koruna/Euro, 2.15 pm (C.E.T.)",CZK,0
EXR.D.CZK.EUR.SP00.A,D,CZK,EUR,SP00,A,2026-06-11,24.192,A,F,,,P1D,,A,,,,,,,99Q1=100,,,3,,4F0,,Czech koruna/Euro ECB reference exchange rate,"ECB reference exchange rate, Czech koruna/Euro, 2.15 pm (C.E.T.)",CZK,0
EXR.D.CZK.EUR.SP00.A,D,CZK,EUR,SP00,A,2026-06-12,24.171,A,F,,,P1D,,A,,,,,,,99Q1=100,,,3,,4F0,,Czech koruna/Euro ECB reference exchange rate,"ECB reference exchange rate, Czech koruna/Euro, 2.15 pm (C.E.T.)",CZK,0
EXR.D.CZK.EUR.SP00.A,D,CZK,EUR,SP00,A,2026-06-15,24.146,A,F,,,P1D,,A,,,,,,,99Q1=100,,,3,,4F0,,Czech koruna/Euro ECB reference exchange rate,"ECB reference exchange rate, Czech koruna/Euro, 2.15 pm (C.E.T.)",CZK,0
EXR.D.CZK.EUR.SP00.A,D,CZK,EUR,SP00,A,2026-06-16,24.148,A,F,,,P1D,,A,,,,,,,99Q1=100,,,3,,4F0,,Czech koruna/Euro ECB reference exchange rate,"ECB reference exchange rate, Czech koruna/Euro, 2.15 pm (C.E.T.)",CZK,0
EXR.D.CZK.EUR.SP00.A,D,CZK,EUR,SP00,A,2026-06-17,24.147,A,F,,,P1D,,A,,,,,,,99Q1=100,,,3,,4F0,,Czech koruna/Euro ECB reference exchange rate,"ECB reference exchange rate, Czech koruna/Euro, 2.15 pm (C.E.T.)",CZK,0
EXR.D.CZK.EUR.SP00.A,D,CZK,EUR,SP00,A,2026-06-18,24.181,A,F,,,P1D,,A,,,,,,,99Q1=100,,,3,,4F0,,Czech koruna/Euro ECB reference exchange rate,"ECB reference exchange rate, Czech koruna/Euro, 2.15 pm (C.E.T.)",CZK,0
EXR.D.CZK.EUR.SP00.A,D,CZK,EUR,SP00,A,2026-06-19,24.227,A,F,,,P1D,,A,,,,,,,99Q1=100,,,3,,4F0,,Czech koruna/Euro ECB reference exchange rate,"ECB reference exchange rate, Czech koruna/Euro, 2.15 pm (C.E.T.)",CZK,0
EXR.D.CZK.EUR.SP00.A,D,CZK,EUR,SP00,A,2026-06-22,24.192,A,F,,,P1D,,A,,,,,,,99Q1=100,,,3,,4F0,,Czech koruna/Euro ECB reference exchange rate,"ECB reference exchange rate, Czech koruna/Euro, 2.15 pm (C.E.T.)",CZK,0
EXR.D.CZK.EUR.SP00.A,D,CZK,EUR,SP00,A,2026-06-23,24.206,A,F,,,P1D,,A,,,,,,,99Q1=100,,,3,,4F0,,Czech koruna/Euro ECB reference exchange rate,"ECB reference exchange rate, Czech koruna/Euro, 2.15 pm (C.E.T.)",CZK,0
EXR.D.CZK.EUR.SP00.A,D,CZK,EUR,SP00,A,2026-06-24,24.242,A,F,,,P1D,,A,,,,,,,99Q1=100,,,3,,4F0,,Czech koruna/Euro ECB reference exchange rate,"ECB reference exchange rate, Czech koruna/Euro, 2.15 pm (C.E.T.)",CZK,0
EXR.D.CZK.EUR.SP00.A,D,CZK,EUR,SP00,A,2026-06-25,24.253,A,F,,,P1D,,A,,,,,,,99Q1=100,,,3,,4F0,,Czech koruna/Euro ECB reference exchange rate,"ECB reference exchange rate, Czech koruna/Euro, 2.15 pm (C.E.T.)",CZK,0
EXR.D.CZK.EUR.SP00.A,D,CZK,EUR,SP00,A,2026-06-26,24.266,A,F,,,P1D,,A,,,,,,,99Q1=100,,,3,,4F0,,Czech koruna/Euro ECB reference exchange rate,"ECB reference exchange rate, Czech koruna/Euro, 2.15 pm (C.E.T.)",CZK,0
EXR.D.CZK.EUR.SP00.A,D,CZK,EUR,SP00,A,2026-06-29,24.262,A,F,,,P1D,,A,,,,,,,99Q1=100,,,3,,4F0,,Czech koruna/Euro ECB reference exchange rate,"ECB reference exchange rate, Czech koruna/Euro, 2.15 pm (C.E.T.)",CZK,0
EXR.D.CZK.EUR.SP00.A,D,CZK,EUR,SP00,A,2026-06-30,24.256,A,F,,,P1D,,A,,,,,,,99Q1=100,,,3,,4F0,,Czech koruna/Euro ECB reference exchange rate,"ECB reference exchange rate, Czech koruna/Euro, 2.15 pm (C.E.T.)",CZK,0
EXR.D.CZK.EUR.SP00.A,D,CZK,EUR,SP00,A,2026-07-01,24.254,A,F,,,P1D,,A,,,,,,,99Q1=100,,,3,,4F0,,Czech koruna/Euro ECB reference exchange rate,"ECB reference exchange rate, Czech koruna/Euro, 2.15 pm (C.E.T.)",CZK,0
EXR.D.CZK.EUR.SP00.A,D,CZK,EUR,SP00,A,2026-07-02,24.216,A,F,,,P1D,,A,,,,,,,99Q1=100,,,3,,4F0,,Czech koruna/Euro ECB reference exchange rate,"ECB reference exchange rate, Czech koruna/Euro, 2.15 pm (C.E.T.)",CZK,0
EXR.D.CZK.EUR.SP00.A,D,CZK,EUR,SP00,A,2026-07-03,24.194,A,F,,,P1D,,A,,,,,,,99Q1=100,,,3,,4F0,,Czech koruna/Euro ECB reference exchange rate,"ECB reference exchange rate, Czech koruna/Euro, 2.15 pm (C.E.T.)",CZK,0
EXR.D.CZK.EUR.SP00.A,D,CZK,EUR,SP00,A,2026-07-06,24.157,A,F,,,P1D,,A,,,,,,,99Q1=100,,,3,,4F0,,Czech koruna/Euro ECB reference exchange rate,"ECB reference exchange rate, Czech koruna/Euro, 2.15 pm (C.E.T.)",CZK,0
EXR.D.CZK.EUR.SP00.A,D,CZK,EUR,SP00,A,2026-07-07,24.229,A,F,,,P1D,,A,,,,,,,99Q1=100,,,3,,4F0,,Czech koruna/Euro ECB reference exchange rate,"ECB reference exchange rate, Czech koruna/Euro, 2.15 pm (C.E.T.)",CZK,0
EXR.D.CZK.EUR.SP00.A,D,CZK,EUR,SP00,A,2026-07-08,24.254,A,F,,,P1D,,A,,,,,,,99Q1=100,,,3,,4F0,,Czech koruna/Euro ECB reference exchange rate,"ECB reference exchange rate, Czech koruna/Euro, 2.15 pm (C.E.T.)",CZK,0
EXR.D.CZK.EUR.SP00.A,D,CZK,EUR,SP00,A,2026-07-09,24.254,A,F,,,P1D,,A,,,,,,,99Q1=100,,,3,,4F0,,Czech koruna/Euro ECB reference exchange rate,"ECB reference exchange rate, Czech koruna/Euro, 2.15 pm (C.E.T.)",CZK,0
EXR.D.CZK.EUR.SP00.A,D,CZK,EUR,SP00,A,2026-07-10,24.259,A,F,,,P1D,,A,,,,,,,99Q1=100,,,3,,4F0,,Czech koruna/Euro ECB reference exchange rate,"ECB reference exchange rate, Czech koruna/Euro, 2.15 pm (C.E.T.)",CZK,0
EXR.D.CZK.EUR.SP00.A,D,CZK,EUR,SP00,A,2026-07-13,24.262,A,F,,,P1D,,A,,,,,,,99Q1=100,,,3,,4F0,,Czech koruna/Euro ECB reference exchange rate,"ECB reference exchange rate, Czech koruna/Euro, 2.15 pm (C.E.T.)",CZK,0
EXR.D.CZK.EUR.SP00.A,D,CZK,EUR,SP00,A,2026-07-14,24.284,A,F,,,P1D,,A,,,,,,,99Q1=100,,,3,,4F0,,Czech koruna/Euro ECB reference exchange rate,"ECB reference exchange rate, Czech koruna/Euro, 2.15 pm (C.E.T.)",CZK,0
EXR.D.CZK.EUR.SP00.A,D,CZK,EUR,SP00,A,2026-07-15,24.233,A,F,,,P1D,,A,,,,,,,99Q1=100,,,3,,4F0,,Czech koruna/Euro ECB reference exchange rate,"ECB reference exchange rate, Czech koruna/Euro, 2.15 pm (C.E.T.)",CZK,0
EXR.D.CZK.EUR.SP00.A,D,CZK,EUR,SP00,A,2026-07-16,24.194,A,F,,,P1D,,A,,,,,,,99Q1=100,,,3,,4F0,,Czech koruna/Euro ECB reference exchange rate,"ECB reference exchange rate, Czech koruna/Euro, 2.15 pm (C.E.T.)",CZK,0
EXR.D.CZK.EUR.SP00.A,D,CZK,EUR,SP00,A,2026-07-17,24.205,A,F,,,P1D,,A,,,,,,,99Q1=100,,,3,,4F0,,Czech koruna/Euro ECB reference exchange rate,"ECB reference exchange rate, Czech koruna/Euro, 2.15 pm (C.E.T.)",CZK,0
EXR.D.CZK.EUR.SP00.A,D,CZK,EUR,SP00,A,2026-07-20,24.19,A,F,,,P1D,,A,,,,,,,99Q1=100,,,3,,4F0,,Czech koruna/Euro ECB reference exchange rate,"ECB reference exchange rate, Czech koruna/Euro, 2.15 pm (C.E.T.)",CZK,0
EXR.D.CZK.EUR.SP00.A,D,CZK,EUR,SP00,A,2026-07-21,24.168,A,F,,,P1D,,A,,,,,,,99Q1=100,,,3,,4F0,,Czech koruna/Euro ECB reference exchange rate,"ECB reference exchange rate, Czech koruna/Euro, 2.15 pm (C.E.T.)",CZK,0
EXR.D.CZK.EUR.SP00.A,D,CZK,EUR,SP00,A,2026-07-22,24.166,A,F,,,P1D,,A,,,,,,,99Q1=100,,,3,,4F0,,Czech koruna/Euro ECB reference exchange rate,"ECB reference exchange rate, Czech koruna/Euro, 2.15 pm (C.E.T.)",CZK,0
EXR.D.CZK.EUR.SP00.A,D,CZK,EUR,SP00,A,2026-07-23,24.187,A,F,,,P1D,,A,,,,,,,99Q1=100,,,3,,4F0,,Czech koruna/Euro ECB reference exchange rate,"ECB reference exchange rate, Czech koruna/Euro, 2.15 pm (C.E.T.)",CZK,0
EXR.D.CZK.EUR.SP00.A,D,CZK,EUR,SP00,A,2026-07-24,24.149,A,F,,,P1D,,A,,,,,,,99Q1=100,,,3,,4F0,,Czech koruna/Euro ECB reference exchange rate,"ECB reference exchange rate, Czech koruna/Euro, 2.15 pm (C.E.T.)",CZK,0
EXR.D.CZK.EUR.SP00.A,D,CZK,EUR,SP00,A,2026-07-27,24.156,A,F,,,P1D,,A,,,,,,,99Q1=100,,,3,,4F0,,Czech koruna/Euro ECB reference exchange rate,"ECB reference exchange rate, Czech koruna/Euro, 2.15 pm (C.E.T.)",CZK,0
EXR.D.CZK.EUR.SP00.A,D,CZK,EUR,SP00,A,2026-07-28,24.187,A,F,,,P1D,,A,,,,,,,99Q1=100,,,3,,4F0,,Czech koruna/Euro ECB reference exchange rate,"ECB reference exchange rate, Czech koruna/Euro, 2.15 pm (C.E.T.)",CZK,0
EXR.D.CZK.EUR.SP00.A,D,CZK,EUR,SP00,A,2026-07-29,24.19,A,F,,,P1D,,A,,,,,,,99Q1=100,,,3,,4F0,,Czech koruna/Euro ECB reference exchange rate,"ECB reference exchange rate, Czech koruna/Euro, 2.15 pm (C.E.T.)",CZK,0
EXR.D.CZK.EUR.SP00.A,D,CZK,EUR,SP00,A,2026-07-30,24.167,A,F,,,P1D,,A,,,,,,,99Q1=100,,,3,,4F0,,Czech koruna/Euro ECB reference exchange rate,"ECB reference exchange rate, Czech koruna/Euro, 2.15 pm (C.E.T.)",CZK,0
EXR.D.CZK.EUR.SP00.A,D,CZK,EUR,SP00,A,2026-07-31,24.212,A,F,,,P1D,,A,,,,,,,99Q1=100,,,3,,4F0,,Czech koruna/Euro ECB reference exchange rate,"ECB reference exchange rate, Czech koruna/Euro, 2.15 pm (C.E.T.)",CZK,0
EXR.D.CZK.EUR.SP00.A,D,CZK,EUR,SP00,A,2026-08-03,24.206,A,F,,,P1D,,A,,,,,,,99Q1=100,,,3,,4F0,,Czech koruna/Euro ECB reference exchange rate,"ECB reference exchange rate, Czech koruna/Euro, 2.15 pm (C.E.T.)",CZK,0
EXR.D.CZK.EUR.SP00.A,D,CZK,EUR,SP00,A,2026-08-04,24.2,A,F,,,P1D,,A,,,,,,,99Q1=100,,,3,,4F0,,Czech koruna/Euro ECB reference exchange rate,"ECB reference exchange rate, Czech koruna/Euro, 2.15 pm (C.E.T.)",CZK,0
EXR.D.CZK.EUR.SP00.A,D,CZK,EUR,SP00,A,2026-08-05,24.195,A,F,,,P1D,,A,,,,,,,99Q1=100,,,3,,4F0,,Czech koruna/Euro ECB reference exchange rate,"ECB reference exchange rate, Czech koruna/Euro, 2.15 pm (C.E.T.)",CZK,0
EXR.D.CZK.EUR.SP00.A,D,CZK,EUR,SP00,A,2026-08-06,24.21,A,F,,,P1D,,A,,,,,,,99Q1=100,,,3,,4F0,,Czech koruna/Euro ECB reference exchange rate,"ECB reference exchange rate, Czech koruna/Euro, 2.15 pm (C.E.T.)",CZK,0
EXR.D.CZK.EUR.SP00.A,D,CZK,EUR,SP00,A,2026-08-07,24.261,A,F,,,P1D,,A,,,,,,,99Q1=100,,,3,,4F0,,Czech koruna/Euro ECB reference exchange rate,"ECB reference exchange rate, Czech koruna/Euro, 2.15 pm (C.E.T.)",CZK,0
EXR.D.CZK.EUR.SP00.A,D,CZK,EUR,SP00,A,2026-08-10,24.252,A,F,,,P1D,,A,,,,,,,99Q1=100,,,3,,4F0,,Czech koruna/Euro ECB reference exchange rate,"ECB reference exchange rate, Czech koruna/Euro, 2.15 pm (C.E.T.)",CZK,0
EXR.D.CZK.EUR.SP00.A,D,CZK,EUR,SP00,A,2026-08-11,24.243,A,F,,,P1D,,A,,,,,,,99Q1=100,,,3,,4F0,,Czech koruna/Euro ECB reference exchange rate,"ECB reference exchange rate, Czech koruna/Euro, 2.15 pm (C.E.T.)",CZK,0
EXR.D.CZK.EUR.SP00.A,D,CZK,EUR,SP00,A,2026-08-12,24.254,A,F,,,P1D,,A,,,,,,,99Q1=100,,,3,,4F0,,Czech koruna/Euro ECB reference exchange rate,"ECB reference exchange rate, Czech koruna/Euro, 2.15 pm (C.E.T.)",CZK,0
EXR.D.CZK.EUR.SP00.A,D,CZK,EUR,SP00,A,2026-08-13,24.226,A,F,,,P1D,,A,,,,,,,99Q1=100,,,3,,4F0,,Czech koruna/Euro ECB reference exchange rate,"ECB reference exchange rate, Czech koruna/Euro, 2.15 pm (C.E.T.)",CZK,0
EXR.D.CZK.EUR.SP00.A,D,CZK,EUR,SP00,A,2026-08-14,24.205,A,F,,,P1D,,A,,,,,,,99Q1=100,,,3,,4F0,,Czech koruna/Euro ECB reference exchange rate,"ECB reference exchange rate, Czech koruna/Euro, 2.15 pm (C.E.T.)",CZK,0
EXR.D.CZK.EUR.SP00.A,D,CZK,EUR,SP00,A,2026-08-17,24.201,A,F,,,P1D,,A,,,,,,,99Q1=100,,,3,,4F0,,Czech koruna/Euro ECB reference exchange rate,"ECB reference exchange rate, Czech koruna/Euro, 2.15 pm (C.E.T.)",CZK,0
EXR.D.CZK.EUR.SP00.A,D,CZK,EUR,SP00,A,2026-08-18,24.179,A,F,,,P1D,,A,,,,,,,99Q1=100,,,3,,4F0,,Czech koruna/Euro ECB reference exchange rate,"ECB reference exchange rate, Czech koruna/Euro, 2.15 pm (C.E.T.)",CZK,0
EXR.D.CZK.EUR.SP00.A,D,CZK,EUR,SP00,A,2026-08-19,24.163,A,F,,,P1D,,A,,,,,,,99Q1=100,,,3,,4F0,,Czech koruna/Euro ECB reference exchange rate,"ECB reference exchange rate, Czech koruna/Euro, 2.15 pm (C.E.T.)",CZK,0
EXR.D.CZK.EUR.SP00.A,D,CZK,EUR,SP00,A,2026-08-20,24.153,A,F,,,P1D,,A,,,,,,,99Q1=100,,,3,,4F0,,Czech koruna/Euro ECB reference exchange rate,"ECB reference exchange rate, Czech koruna/Euro, 2.15 pm (C.E.T.)",CZK,0
EXR.D.CZK.EUR.SP00.A,D,CZK,EUR,SP00,A,2026-08-21,24.116,A,F,,,P1D,,A,,,,,,,99Q1=100,,,3,,4F0,,Czech koruna/Euro ECB reference exchange rate,"ECB reference exchange rate, Czech koruna/Euro, 2.15 pm (C.E.T.)",CZK,0
EXR.D.CZK.EUR.SP00.A,D,CZK,EUR,SP00,A,2026-08-24,24.1,A,F,,,P1D,,A,,,,,,,99Q1=100,,,3,,4F0,,Czech koruna/Euro ECB reference exchange rate,"ECB reference exchange rate, Czech koruna/Euro, 2.15 pm (C.E.T.)",CZK,0
EXR.D.CZK.EUR.SP00.A,D,CZK,EUR,SP00,A,2026-08-25,24.099,A,F,,,P1D,,A,,,,,,,99Q1=100,,,3,,4F0,,Czech koruna/Euro ECB reference exchange rate,"ECB reference exchange rate, Czech koruna/Euro, 2.15 pm (C.E.T.)",CZK,0
EXR.D.CZK.EUR.SP00.A,D,CZK,EUR,SP00,A,2026-08-26,24.083,A,F,,,P1D,,A,,,,,,,99Q1=100,,,3,,4F0,,Czech koruna/Euro ECB reference exchange rate,"ECB reference exchange rate, Czech koruna/Euro, 2.15 pm (C.E.T.)",CZK,0
EXR.D.CZK.EUR.SP00.A,D,CZK,EUR,SP00,A,2026-08-27,24.139,A,F,,,P1D,,A,,,,,,,99Q1=100,,,3,,4F0,,Czech koruna/Euro ECB reference exchange rate,"ECB reference exchange rate, Czech koruna/Euro, 2.15 pm (C.E.T.)",CZK,0
EXR.D.CZK.EUR.SP00.A,D,CZK,EUR,SP00,A,2026-08-28,24.148,A,F,,,P1D,,A,,,,,,,99Q1=100,,,3,,4F0,,Czech koruna/Euro ECB reference exchange rate,"ECB reference exchange rate, Czech koruna/Euro, 2.15 pm (C.E.T.)",CZK,0
EXR.D.CZK.EUR.SP00.A,D,CZK,EUR,SP00,A,2026-08-31,24.122,A,F,,,P1D,,A,,,,,,,99Q1=100,,,3,,4F0,,Czech koruna/Euro ECB reference exchange rate,"ECB reference exchange rate, Czech koruna/Euro, 2.15 pm (C.E.T.)",CZK,0
EXR.D.CZK.EUR.SP00.A,D,CZK,EUR,SP00,A,2026-09-01,24.159,A,F,,,P1D,,A,,,,,,,99Q1=100,,,3,,4F0,,Czech koruna/Euro ECB reference exchange rate,"ECB reference exchange rate, Czech koruna/Euro, 2.15 pm (C.E.T.)",CZK,0
EXR.D.CZK.EUR.SP00.A,D,CZK,EUR,SP00,A,2026-09-02,24.191,A,F,,,P1D,,A,,,,,,,99Q1=100,,,3,,4F0,,Czech koruna/Euro ECB reference exchange rate,"ECB reference exchange rate, Czech koruna/Euro, 2.15 pm (C.E.T.)",CZK,0
EXR.D.CZK.EUR.SP00.A,D,CZK,EUR,SP00,A,2026-09-03,24.221,A,F,,,P1D,,A,,,,,,,99Q1=100,,,3,,4F0,,Czech koruna/Euro ECB reference exchange rate,"ECB reference exchange rate, Czech koruna/Euro, 2.15 pm (C.E.T.)",CZK,0
EXR.D.CZK.EUR.SP00.A,D,CZK,EUR,SP00,A,2026-09-04,24.189,A,F,,,P1D,,A,,,,,,,99Q1=100,,,3,,4F0,,Czech koruna/Euro ECB reference exchange rate,"ECB reference exchange rate, Czech koruna/Euro, 2.15 pm (C.E.T.)",CZK,0
EXR.D.CZK.EUR.SP00.A,D,CZK,EUR,SP00,A,2026-09-07,24.197,A,F,,,P1D,,A,,,,,,,99Q1=100,,,3,,4F0,,Czech koruna/Euro ECB reference exchange rate,"ECB reference exchange rate, Czech koruna/Euro, 2.15 pm (C.E.T.)",CZK,0
EXR.D.CZK.EUR.SP00.A,D,CZK,EUR,SP00,A,2026-09-08,24.186,A,F,,,P1D,,A,,,,,,,99Q1=100,,,3,,4F0,,Czech koruna/Euro ECB reference exchange rate,"ECB reference exchange rate, Czech koruna/Euro, 2.15 pm (C.E.T.)",CZK,0
EXR.D.CZK.EUR.SP00.A,D,CZK,EUR,SP00,A,2026-09-09,24.247,A,F,,,P1D,,A,,,,,,,99Q1=100,,,3,,4F0,,Czech koruna/Euro ECB reference exchange rate,"ECB reference exchange rate, Czech koruna/Euro, 2.15 pm (C.E.T.)",CZK,0
EXR.D.CZK.EUR.SP00.A,D,CZK,EUR,SP00,A,2026-09-10,24.251,A,F,,,P1D,,A,,,,,,,99Q1=100,,,3,,4F0,,Czech koruna/Euro ECB reference exchange rate,"ECB reference exchange rate, Czech koruna/Euro, 2.15 pm (C.E.T.)",CZK,0
EXR.D.CZK.EUR.SP00.A,D,CZK,EUR,SP00,A,2026-09-11,24.264,A,F,,,P1D,,A,,,,,,,99Q1=100,,,3,,4F0,,Czech koruna/Euro ECB reference exchange rate,"ECB reference exchange rate, Czech koruna/Euro, 2.15 pm (C.E.T.)",CZK,0
EXR.D.CZK.EUR.SP00.A,D,CZK,EUR,SP00,A,2026-09-14,24.294,A,F,,,P1D,,A,,,,,,,99Q1=100,,,3,,4F0,,Czech koruna/Euro ECB reference exchange rate,"ECB reference exchange rate, Czech koruna/Euro, 2.15 pm (C.E.T.)",CZK,0
EXR.D.CZK.EUR.SP00.A,D,CZK,EUR,SP00,A,2026-09-15,24.292,A,F,,,P1D,,A,,,,,,,99Q1=100,,,3,,4F0,,Czech koruna/Euro ECB reference exchange rate,"ECB reference exchange rate, Czech koruna/Euro, 2.15 pm (C.E.T.)",CZK,0
EXR.D.CZK.EUR.SP00.A,D,CZK,EUR,SP00,A,2026-09-16,24.313,A,F,,,P1D,,A,,,,,,,99Q1=100,,,3,,4F0,,Czech koruna/Euro ECB reference exchange rate,"ECB reference exchange rate, Czech koruna/Euro, 2.15 pm (C.E.T.)",CZK,0
EXR.D.CZK.EUR.SP00.A,D,CZK,EUR,SP00,A,2026-09-17,24.308,A,F,,,P1D,,A,,,,,,,99Q1=100,,,3,,4F0,,Czech koruna/Euro ECB reference exchange rate,"ECB reference exchange rate, Czech koruna/Euro, 2.15 pm (C.E.T.)",CZK,0
EXR.D.CZK.EUR.SP00.A,D,CZK,EUR,SP00,A,2026-09-18,24.339,A,F,,,P1D,,A,,,,,,,99Q1=100,,,3,,4F0,,Czech koruna/Euro ECB reference exchange rate,"ECB reference exchange rate, Czech koruna/Euro, 2.15 pm (C.E.T.)",CZK,0
EXR.D.CZK.EUR.SP00.A,D,CZK,EUR,SP00,A,2026-09-21,24.352,A,F,,,P1D,,A,,,,,,,99Q1=100,,,3,,4F0,,Czech koruna/Euro ECB reference exchange rate,"ECB reference exchange rate, Czech koruna/Euro, 2.15 pm (C.E.T.)",CZK,0
EXR.D.CZK.EUR.SP00.A,D,CZK,EUR,SP00,A,2026-09-22,24.344,A,F,,,P1D,,A,,,,,,,99Q1=100,,,3,,4F0,,Czech koruna/Euro ECB reference exchange rate,"ECB reference exchange rate, Czech koruna/Euro, 2.15 pm (C.E.T.)",CZK,0
EXR.D.CZK.EUR.SP00.A,D,CZK,EUR,SP00,A,2026-09-23,24.383,A,F,,,P1D,,A,,,,,,,99Q1=100,,,3,,4F0,,Czech koruna/Euro ECB reference exchange rate,"ECB reference exchange rate, Czech koruna/Euro, 2.15 pm (C.E.T.)",CZK,0
EXR.D.CZK.EUR.SP00.A,D,CZK,EUR,SP00,A,2026-09-24,24.399,A,F,,,P1D,,A,,,,,,,99Q1=100,,,3,,4F0,,Czech koruna/Euro ECB reference exchange rate,"ECB reference exchange rate, Czech koruna/Euro, 2.15 pm (C.E.T.)",CZK,0
EXR.D.DKK.EUR.SP00.A,D,DKK,EUR,SP00,A,2025-09-25,7.464,A,F,,,P1D,,A,,,,,,,99Q1=100,,,4,,4F0,,Danish krone/Euro ECB reference exchange rate,"ECB reference exchange rate, Danish krone/Euro, 2.15 pm (C.E.T.)",DKK,0
EXR.D.DKK.EUR.SP00.A,D,DKK,EUR,SP00,A,2025-09-26,7.4638,A,F,,,P1D,,A,,,,,,,99Q1=100,,,4,,4F0,,Danish krone/Euro ECB reference exchange rate,"ECB reference exchange rate, Danish krone/Euro, 2.15 pm (C.E.T.)",DKK,0
EXR.D.DKK.EUR.SP00.A,D,DKK,EUR,SP00,A,2025-09-29,7.4646,A,F,,,P1D,,A,,,,,,,99Q1=100,,,4,,4F0,,Danish krone/Euro ECB reference exchange rate,"ECB reference exchange rate, Danish krone/Euro, 2.15 pm (C.E.T.)",DKK,0
EXR.D.DKK.EUR.SP00.A,D,DKK,EUR,SP00,A,2025-09-30,7.4649,A,F,,,P1D,,A,,,,,,,99Q1=100,,,4,,4F0,,Danish krone/Euro ECB reference exchange rate,"ECB reference exchange rate, Danish krone/Euro, 2.15 pm (C.E.T.)",DKK,0
EXR.D.DKK.EUR.SP00.A,D,DKK,EUR,SP00,A,2025-10-01,7.4659,A,F,,,P1D,,A,,,,,,,99Q1=100,,,4,,4F0,,Danish krone/Euro ECB reference exchange rate,"ECB reference exchange rate, Danish krone/Euro, 2.15 pm (C.E.T.)",DKK,0
EXR.D.DKK.EUR.SP00.A,D,DKK,EUR,SP00,A,2025-10-02,7.4668,A,F,,,P1D,,A,,,,,,,99Q1=100,,,4,,4F0,,Danish krone/Euro ECB reference exchange rate,"ECB reference exchange rate, Danish krone/Euro, 2.15 pm (C.E.T.)",DKK,0
EXR.D.DKK.EUR.SP00.A,D,DKK,EUR,SP00,A,2025-10-03,7.4667,A,F,,,P1D,,A,,,,,,,99Q1=100,,,4,,4F0,,Danish krone/Euro ECB reference exchange rate,"ECB reference exchange rate, Danish krone/Euro, 2.15 pm (C.E.T.)",DKK,0
EXR.D.DKK.EUR.SP00.A,D,DKK,EUR,SP00,A,2025-10-06,7.4667,A,F,,,P1D,,A,,,,,,,99Q1=100,,,4,,4F0,,Danish krone/Euro ECB reference exchange rate,"ECB reference exchange rate, Danish krone/Euro, 2.15 pm (C.E.T.)",DKK,0
EXR.D.DKK.EUR.SP00.A,D,DKK,EUR,SP00,A,2025-10-07,7.4662,A,F,,,P1D,,A,,,,,,,99Q1=100,,,4,,4F0,,Danish krone/Euro ECB reference exchange rate,"ECB reference exchange rate, Danish krone/Euro, 2.15 pm (C.E.T.)",DKK,0
EXR.D.DKK.EUR.SP00.A,D,DKK,EUR,SP00,A,2025-10-08,7.4667,A,F,,,P1D,,A,,,,,,,99Q1=100,,,4,,4F0,,Danish krone/Euro ECB reference exchange rate,"ECB reference exchange rate, Danish krone/Euro, 2.15 pm (C.E.T.)",DKK,0
EXR.D.DKK.EUR.SP00.A,D,DKK,EUR,SP00,A,2025-10-09,7.4668,A,F,,,P1D,,A,,,,,,,99Q1=100,,,4,,4F0,,Danish krone/Euro ECB reference exchange rate,"ECB reference exchange rate, Danish krone/Euro, 2.15 pm (C.E.T.)",DKK,0
EXR.D.DKK.EUR.SP00.A,D,DKK,EUR,SP00,A,2025-10-10,7.4672,A,F,,,P1D,,A,,,,,,,99Q1=100,,,4,,4F0,,Danish krone/Euro ECB reference exchange rate,"ECB reference exchange rate, Danish krone/Euro, 2.15 pm (C.E.T.)",DKK,0
EXR.D.DKK.EUR.SP00.A,D,DKK,EUR,SP00,A,2025-10-13,7.4681,A,F,,,P1D,,A,,,,,,,99Q1=100,,,4,,4F0,,Danish krone/Euro ECB reference exchange rate,"ECB reference exchange rate, Danish krone/Euro, 2.15 pm (C.E.T.)",DKK,0
EXR.D.DKK.EUR.SP00.A,D,DKK,EUR,SP00,A,2025-10-14,7.4684,A,F,,,P1D,,A,,,,,,,99Q1=100,,,4,,4F0,,Danish krone/Euro ECB reference exchange rate,"ECB reference exchange rate, Danish krone/Euro, 2.15 pm (C.E.T.)",DKK,0
EXR.D.DKK.EUR.SP00.A,D,DKK,EUR,SP00,A,2025-10-15,7.4687,A,F,,,P1D,,A,,,,,,,99Q1=100,,,4,,4F0,,Danish krone/Euro ECB reference exchange rate,"ECB reference exchange rate, Danish krone/Euro, 2.15 pm (C.E.T.)",DKK,0
EXR.D.DKK.EUR.SP00.A,D,DKK,EUR,SP00,A,2025-10-16,7.4689,A,F,,,P1D,,A,,,,,,,99Q1=100,,,4,,4F0,,Danish krone/Euro ECB reference exchange rate,"ECB reference exchange rate, Danish krone/Euro, 2.15 pm (C.E.T.)",DKK,0
EXR.D.DKK.EUR.SP00.A,D,DKK,EUR,SP00,A,2025-10-17,7.469,A,F,,,P1D,,A,,,,,,,99Q1=100,,,4,,4F0,,Danish krone/Euro ECB reference exchange rate,"ECB reference exchange rate, Danish krone/Euro, 2.15 pm (C.E.T.)",DKK,0
EXR.D.DKK.EUR.SP00.A,D,DKK,EUR,SP00,A,2025-10-20,7.4684,A,F,,,P1D,,A,,,,,,,99Q1=100,,,4,,4F0,,Danish krone/Euro ECB reference exchange rate,"ECB reference exchange rate, Danish krone/Euro, 2.15 pm (C.E.T.)",DKK,0
EXR.D.DKK.EUR.SP00.A,D,DKK,EUR,SP00,A,2025-10-21,7.4691,A,F,,,P1D,,A,,,,,,,99Q1=100,,,4,,4F0,,Danish krone/Euro ECB reference exchange rate,"ECB reference exchange rate, Danish krone/Euro, 2.15 pm (C.E.T.)",DKK,0
EXR.D.DKK.EUR.SP00.A,D,DKK,EUR,SP00,A,2025-10-22,7.4694,A,F,,,P1D,,A,,,,,,,99Q1=100,,,4,,4F0,,Danish krone/Euro ECB reference exchange rate,"ECB reference exchange rate, Danish krone/Euro, 2.15 pm (C.E.T.)",DKK,0
EXR.D.DKK.EUR.SP00.A,D,DKK,EUR,SP00,A,2025-10-23,7.4694,A,F,,,P1D,,A,,,,,,,99Q1=100,,,4,,4F0,,Danish krone/Euro ECB reference exchange rate,"ECB reference exchange rate, Danish krone/Euro, 2.15 pm (C.E.T.)",DKK,0
EXR.D.DKK.EUR.SP00.A,D,DKK,EUR,SP00,A,2025-10-24,7.4698,A,F,,,P1D,,A,,,,,,,99Q1=100,,,4,,4F0,,Danish krone/Euro ECB reference exchange rate,"ECB reference exchange rate, Danish krone/Euro, 2.15 pm (C.E.T.)",DKK,0
EXR.D.DKK.EUR.SP00.A,D,DKK,EUR,SP00,A,2025-10-27,7.4694,A,F,,,P1D,,A,,,,,,,99Q1=100,,,4,,4F0,,Danish krone/Euro ECB reference exchange rate,"ECB reference exchange rate, Danish krone/Euro, 2.15 pm (C.E.T.)",DKK,0
EXR.D.DKK.EUR.SP00.A,D,DKK,EUR,SP00,A,2025-10-28,7.4693,A,F,,,P1D,,A,,,,,,,99Q1=100,,,4,,4F0,,Danish krone/Euro ECB reference exchange rate,"ECB reference exchange rate, Danish krone/Euro, 2.15 pm (C.E.T.)",DKK,0
EXR.D.DKK.EUR.SP00.A,D,DKK,EUR,SP00,A,2025-10-29,7.4684,A,F,,,P1D,,A,,,,,,,99Q1=100,,,4,,4F0,,Danish krone/Euro ECB reference exchange rate,"ECB reference exchange rate, Danish krone/Euro, 2.15 pm (C.E.T.)",DKK,0
EXR.D.DKK.EUR.SP00.A,D,DKK,EUR,SP00,A,2025-10-30,7.4679,A,F,,,P1D,,A,,,,,,,99Q1=100,,,4,,4F0,,Danish krone/Euro ECB reference exchange rate,"ECB reference exchange rate, Danish krone/Euro, 2.15 pm (C.E.T.)",DKK,0
EXR.D.DKK.EUR.SP00.A,D,DKK,EUR,SP00,A,2025-10-31,7.4677,A,F,,,P1D,,A,,,,,,,99Q1=100,,,4,,4F0,,Danish krone/Euro ECB reference exchange rate,"ECB reference exchange rate, Danish krone/Euro, 2.15 pm (C.E.T.)",DKK,0
EXR.D.DKK.EUR.SP00.A,D,DKK,EUR,SP00,A,2025-11-03,7.4676,A,F,,,P1D,,A,,,,,,,99Q1=100,,,4,,4F0,,Danish krone/Euro ECB reference exchange rate,"ECB reference exchange rate, Danish krone/Euro, 2.15 pm (C.E.T.)",DKK,0
EXR.D.DKK.EUR.SP00.A,D,DKK,EUR,SP00,A,2025-11-04,7.4658,A,F,,,P1D,,A,,,,,,,99Q1=100,,,4,,4F0,,Danish krone/Euro ECB reference exchange rate,"ECB reference exchange rate, Danish krone/Euro, 2.15 pm (C.E.T.)",DKK,0
EXR.D.DKK.EUR.SP00.A,D,DKK,EUR,SP00,A,2025-11-05,7.4656,A,F,,,P1D,,A,,,,,,,99Q1=100,,,4,,4F0,,Danish krone/Euro ECB reference exchange rate,"ECB reference exchange rate, Danish krone/Euro, 2.15 pm (C.E.T.)",DKK,0
EXR.D.DKK.EUR.SP00.A,D,DKK,EUR,SP00,A,2025-11-06,7.4673,A,F,,,P1D,,A,,,,,,,99Q1=100,,,4,,4F0,,Danish krone/Euro ECB reference exchange rate,"ECB reference exchange rate, Danish krone/Euro, 2.15 pm (C.E.T.)",DKK,0
EXR.D.DKK.EUR.SP00.A,D,DKK,EUR,SP00,A,2025-11-07,7.4667,A,F,,,P1D,,A,,,,,,,99Q1=100,,,4,,4F0,,Danish krone/Euro ECB reference exchange rate,"ECB reference exchange rate, Danish krone/Euro, 2.15 pm (C.E.T.)",DKK,0
EXR.D.DKK.EUR.SP00.A,D,DKK,EUR,SP00,A,2025-11-10,7.4672,A,F,,,P1D,,A,,,,,,,99Q1=100,,,4,,4F0,,Danish krone/Euro ECB reference exchange rate,"ECB reference exchange rate, Danish krone/Euro, 2.15 pm (C.E.T.)",DKK,0
EXR.D.DKK.EUR.SP00.A,D,DKK,EUR,SP00,A,2025-11-11,7.4679,A,F,,,P1D,,A,,,,,,,99Q1=100,,,4,,4F0,,Danish krone/Euro ECB reference exchange rate,"ECB reference exchange rate, Danish krone/Euro, 2.15 pm (C.E.T.)",DKK,0
EXR.D.DKK.EUR.SP00.A,D,DKK,EUR,SP00,A,2025-11-12,7.4671,A,F,,,P1D,,A,,,,,,,99Q1=100,,,4,,4F0,,Danish krone/Euro ECB reference exchange rate,"ECB reference exchange rate, Danish krone/Euro, 2.15 pm (C.E.T.)",DKK,0
EXR.D.DKK.EUR.SP00.A,D,DKK,EUR,SP00,A,2025-11-13,7.4677,A,F,,,P1D,,A,,,,,,,99Q1=100,,,4,,4F0,,Danish krone/Euro ECB reference exchange rate,"ECB reference exchange rate, Danish krone/Euro, 2.15 pm (C.E.T.)",DKK,0
EXR.D.DKK.EUR.SP00.A,D,DKK,EUR,SP00,A,2025-11-14,7.4679,A,F,,,P1D,,A,,,,,,,99Q1=100,,,4,,4F0,,Danish krone/Euro ECB reference exchange rate,"ECB reference exchange rate, Danish krone/Euro, 2.15 pm (C.E.T.)",DKK,0
EXR.D.DKK.EUR.SP00.A,D,DKK,EUR,SP00,A,2025-11-17,7.4683,A,F,,,P1D,,A,,,,,,,99Q1=100,,,4,,4F0,,Danish krone/Euro ECB reference exchange rate,"ECB reference exchange rate, Danish krone/Euro, 2.15 pm (C.E.T.)",DKK,0
EXR.D.DKK.EUR.SP00.A,D,DKK,EUR,SP00,A,2025-11-18,7.4684,A,F,,,P1D,,A,,,,,,,99Q1=100,,,4,,4F0,,Danish krone/Euro ECB reference exchange rate,"ECB reference exchange rate, Danish krone/Euro, 2.15 pm (C.E.T.)",DKK,0
EXR.D.DKK.EUR.SP00.A,D,DKK,EUR,SP00,A,2025-11-19,7.4691,A,F,,,P1D,,A,,,,,,,99Q1=100,,,4,,4F0,,Danish krone/Euro ECB reference exchange rate,"ECB reference exchange rate, Danish krone/Euro, 2.15 pm (C.E.T.)",DKK,0
EXR.D.DKK.EUR.SP00.A,D,DKK,EUR,SP00,A,2025-11-20,7.4691,A,F,,,P1D,,A,,,,,,,99Q1=100,,,4,,4F0,,Danish krone/Euro ECB reference exchange rate,"ECB reference exchange rate, Danish krone/Euro, 2.15 pm (C.E.T.)",DKK,0
EXR.D.DKK.EUR.SP00.A,D,DKK,EUR,SP00,A,2025-11-21,7.4687,A,F,,,P1D,,A,,,,,,,99Q1=100,,,4,,4F0,,Danish krone/Euro ECB reference exchange rate,"ECB reference exchange rate, Danish krone/Euro, 2.15 pm (C.E.T.)",DKK,0
EXR.D.DKK.EUR.SP00.A,D,DKK,EUR,SP00,A,2025-11-24,7.4691,A,F,,,P1D,,A,,,,,,,99Q1=100,,,4,,4F0,,Danish krone/Euro ECB reference exchange rate,"ECB reference exchange rate, Danish krone/Euro, 2.15 pm (C.E.T.)",DKK,0
EXR.D.DKK.EUR.SP00.A,D,DKK,EUR,SP00,A,2025-11-25,7.4691,A,F,,,P1D,,A,,,,,,,99Q1=100,,,4,,4F0,,Danish krone/Euro ECB reference exchange rate,"ECB reference exchange rate, Danish krone/Euro, 2.15 pm (C.E.T.)",DKK,0
EXR.D.DKK.EUR.SP00.A,D,DKK,EUR,SP00,A,2025-11-26,7.4687,A,F,,,P1D,,A,,,,,,,99Q1=100,,,4,,4F0,,Danish krone/Euro ECB reference exchange rate,"ECB reference exchange rate, Danish krone/Euro, 2.15 pm (C.E.T.)",DKK,0
EXR.D.DKK.EUR.SP00.A,D,DKK,EUR,SP00,A,2025-11-27,7.4688,A,F,,,P1D,,A,,,,,,,99Q1=100,,,4,,4F0,,Danish krone/Euro ECB reference exchange rate,"ECB reference exchange rate, Danish krone/Euro, 2.15 pm (C.E.T.)",DKK,0
EXR.D.DKK.EUR.SP00.A,D,DKK,EUR,SP00,A,2025-11-28,7.4688,A,F,,,P1D,,A,,,,,,,99Q1=100,,,4,,4F0,,Danish krone/Euro ECB reference exchange rate,"ECB reference exchange rate, Danish krone/Euro, 2.15 pm (C.E.T.)",DKK,0
EXR.D.DKK.EUR.SP00.A,D,DKK,EUR,SP00,A,2025-12-01,7.4687,A,F,,,P1D,,A,,,,,,,99Q1=100,,,4,,4F0,,Danish krone/Euro ECB reference exchange rate,"ECB reference exchange rate, Danish krone/Euro, 2.15 pm (C.E.T.)",DKK,0
EXR.D.DKK.EUR.SP00.A,D,DKK,EUR,SP00,A,2025-12-02,7.4686,A,F,,,P1D,,A,,,,,,,99Q1=100,,,4,,4F0,,Danish krone/Euro ECB reference exchange rate,"ECB reference exchange rate, Danish krone/Euro, 2.15 pm (C.E.T.)",DKK,0
EXR.D.DKK.EUR.SP00.A,D,DKK,EUR,SP00,A,2025-12-03,7.4689,A,F,,,P1D,,A,,,,,,,99Q1=100,,,4,,4F0,,Danish krone/Euro ECB reference exchange rate,"ECB reference exchange rate, Danish krone/Euro, 2.15 pm (C.E.T.)",DKK,0
EXR.D.DKK.EUR.SP00.A,D,DKK,EUR,SP00,A,2025-12-04,7.4686,A,F,,,P1D,,A,,,,,,,99Q1=100,,,4,,4F0,,Danish krone/Euro ECB reference exchange rate,"ECB reference exchange rate, Danish krone/Euro, 2.15 pm (C.E.T.)",DKK,0
EXR.D.DKK.EUR.SP00.A,D,DKK,EUR,SP00,A,2025-12-05,7.4689,A,F,,,P1D,,A,,,,,,,99Q1=100,,,4,,4F0,,Danish krone/Euro ECB reference exchange rate,"ECB reference exchange rate, Danish krone/Euro, 2.15 pm (C.E.T.)",DKK,0
EXR.D.DKK.EUR.SP00.A,D,DKK,EUR,SP00,A,2025-12-08,7.4688,A,F,,,P1D,,A,,,,,,,99Q1=100,,,4,,4F0,,Danish krone/Euro ECB reference exchange rate,"ECB reference exchange rate, Danish krone/Euro, 2.15 pm (C.E.T.)",DKK,0
EXR.D.DKK.EUR.SP00.A,D,DKK,EUR,SP00,A,2025-12-09,7.4689,A,F,,,P1D,,A,,,,,,,99Q1=100,,,4,,4F0,,Danish krone/Euro ECB reference exchange rate,"ECB reference exchange rate, Danish krone/Euro, 2.15 pm (C.E.T.)",DKK,0
EXR.D.DKK.EUR.SP00.A,D,DKK,EUR,SP00,A,2025-12-10,7.4691,A,F,,,P1D,,A,,,,,,,99Q1=100,,,4,,4F0,,Danish krone/Euro ECB reference exchange rate,"ECB reference exchange rate, Danish krone/Euro, 2.15 pm (C.E.T.)",DKK,0
EXR.D.DKK.EUR.SP00.A,D,DKK,EUR,SP00,A,2025-12-11,7.4691,A,F,,,P1D,,A,,,,,,,99Q1=100,,,4,,4F0,,Danish krone/Euro ECB reference exchange rate,"ECB reference exchange rate, Danish krone/Euro, 2.15 pm (C.E.T.)",DKK,0
EXR.D.DKK.EUR.SP00.A,D,DKK,EUR,SP00,A,2025-12-12,7.4698,A,F,,,P1D,,A,,,,,,,99Q1=100,,,4,,4F0,,Danish krone/Euro ECB reference exchange rate,"ECB reference exchange rate, Danish krone/Euro, 2.15 pm (C.E.T.)",DKK,0
EXR.D.DKK.EUR.SP00.A,D,DKK,EUR,SP00,A,2025-12-15,7.4704,A,F,,,P1D,,A,,,,,,,99Q1=100,,,4,,4F0,,Danish krone/Euro ECB reference exchange rate,"ECB reference exchange rate, Danish krone/Euro, 2.15 pm (C.E.T.)",DKK,0
EXR.D.DKK.EUR.SP00.A,D,DKK,EUR,SP00,A,2025-12-16,7.471,A,F,,,P1D,,A,,,,,,,99Q1=100,,,4,,4F0,,Danish krone/Euro ECB reference exchange rate,"ECB reference exchange rate, Danish krone/Euro, 2.15 pm (C.E.T.)",DKK,0
EXR.D.DKK.EUR.SP00.A,D,DKK,EUR,SP00,A,2025-12-17,7.4718,A,F,,,P1D,,A,,,,,,,99Q1=100,,,4,,4F0,,Danish krone/Euro ECB reference exchange rate,"ECB reference exchange rate, Danish krone/Euro, 2.15 pm (C.E.T.)",DKK,0
EXR.D.DKK.EUR.SP00.A,D,DKK,EUR,SP00,A,2025-12-18,7.4713,A,F,,,P1D,,A,,,,,,,99Q1=100,,,4,,4F0,,Danish krone/Euro ECB reference exchange rate,"ECB reference exchange rate, Danish krone/Euro, 2.15 pm (C.E.T.)",DKK,0
EXR.D.DKK.EUR.SP00.A,D,DKK,EUR,SP00,A,2025-12-19,7.4712,A,F,,,P1D,,A,,,,,,,99Q1=100,,,4,,4F0,,Danish krone/Euro ECB reference exchange rate,"ECB reference exchange rate, Danish krone/Euro, 2.15 pm (C.E.T.)",DKK,0
EXR.D.DKK.EUR.SP00.A,D,DKK,EUR,SP00,A,2025-12-22,7.4706,A,F,,,P1D,,A,,,,,,,99Q1=100,,,4,,4F0,,Danish krone/Euro ECB reference exchange rate,"ECB reference exchange rate, Danish krone/Euro, 2.15 pm (C.E.T.)",DKK,0
EXR.D.DKK.EUR.SP00.A,D,DKK,EUR,SP00,A,2025-12-23,7.4702,A,F,,,P1D,,A,,,,,,,99Q1=100,,,4,,4F0,,Danish krone/Euro ECB reference exchange rate,"ECB reference exchange rate, Danish krone/Euro, 2.15 pm (C.E.T.)",DKK,0
EXR.D.DKK.EUR.SP00.A,D,DKK,EUR,SP00,A,2025-12-24,7.4694,A,F,,,P1D,,A,,,,,,,99Q1=100,,,4,,4F0,,Danish krone/Euro ECB reference exchange rate,"ECB reference exchange rate, Danish krone/Euro, 2.15 pm (C.E.T.)",DKK,0
EXR.D.DKK.EUR.SP00.A,D,DKK,EUR,SP00,A,2025-12-29,7.4692,A,F,,,P1D,,A,,,,,,,99Q1=100,,,4,,4F0,,Danish krone/Euro ECB reference exchange rate,"ECB reference exchange rate, Danish krone/Euro, 2.15 pm (C.E.T.)",DKK,0
EXR.D.DKK.EUR.SP00.A,D,DKK,EUR,SP00,A,2025-12-30,7.4689,A,F,,,P1D,,A,,,,,,,99Q1=100,,,4,,4F0,,Danish krone/Euro ECB reference exchange rate,"ECB reference exchange rate, Danish krone/Euro, 2.15 pm (C.E.T.)",DKK,0
EXR.D.DKK.EUR.SP00.A,D,DKK,EUR,SP00,A,2025-12-31,7.4689,A,F,,,P1D,,A,,,,,,,99Q1=100,,,4,,4F0,,Danish krone/Euro ECB reference exchange rate,"ECB reference exchange rate, Danish krone/Euro, 2.15 pm (C.E.T.)",DKK,0
EXR.D.DKK.EUR.SP00.A,D,DKK,EUR,SP00,A,2026-01-02,7.4694,A,F,,,P1D,,A,,,,,,,99Q1=100,,,4,,4F0,,Danish krone/Euro ECB reference exchange rate,"ECB reference exchange rate, Danish krone/Euro, 2.15 pm (C.E.T.)",DKK,0
EXR.D.DKK.EUR.SP00.A,D,DKK,EUR,SP00,A,2026-01-05,7.4695,A,F,,,P1D,,A,,,,,,,99Q1=100,,,4,,4F0,,Danish krone/Euro ECB reference exchange rate,"ECB reference exchange rate, Danish krone/Euro, 2.15 pm (C.E.T.)",DKK,0
EXR.D.DKK.EUR.SP00.A,D,DKK,EUR,SP00,A,2026-01-06,7.4727,A,F,,,P1D,,A,,,,,,,99Q1=100,,,4,,4F0,,Danish krone/Euro ECB reference exchange rate,"ECB reference exchange rate, Danish krone/Euro, 2.15 pm (C.E.T.)",DKK,0
EXR.D.DKK.EUR.SP00.A,D,DKK,EUR,SP00,A,2026-01-07,7.4725,A,F,,,P1D,,A,,,,,,,99Q1=100,,,4,,4F0,,Danish krone/Euro ECB reference exchange rate,"ECB reference exchange rate, Danish krone/Euro, 2.15 pm (C.E.T.)",DKK,0
EXR.D.DKK.EUR.SP00.A,D,DKK,EUR,SP00,A,2026-01-08,7.472,A,F,,,P1D,,A,,,,,,,99Q1=100,,,4,,4F0,,Danish krone/Euro ECB reference exchange rate,"ECB reference exchange rate, Danish krone/Euro, 2.15 pm (C.E.T.)",DKK,0
EXR.D.DKK.EUR.SP00.A,D,DKK,EUR,SP00,A,2026-01-09,7.4724,A,F,,,P1D,,A,,,,,,,99Q1=100,,,4,,4F0,,Danish krone/Euro ECB reference exchange rate,"ECB reference exchange rate, Danish krone/Euro, 2.15 pm (C.E.T.)",DKK,0
EXR.D.DKK.EUR.SP00.A,D,DKK,EUR,SP00,A,2026-01-12,7.4722,A,F,,,P1D,,A,,,,,,,99Q1=100,,,4,,4F0,,Danish krone/Euro ECB reference exchange rate,"ECB reference exchange rate, Danish krone/Euro, 2.15 pm (C.E.T.)",DKK,0
EXR.D.DKK.EUR.SP00.A,D,DKK,EUR,SP00,A,2026-01-13,7.4726,A,F,,,P1D,,A,,,,,,,99Q1=100,,,4,,4F0,,Danish krone/Euro ECB reference exchange rate,"ECB reference exchange rate, Danish krone/Euro, 2.15 pm (C.E.T.)",DKK,0
EXR.D.DKK.EUR.SP00.A,D,DKK,EUR,SP00,A,2026-01-14,7.4723,A,F,,,P1D,,A,,,,,,,99Q1=100,,,4,,4F0,,Danish krone/Euro ECB reference exchange rate,"ECB reference exchange rate, Danish krone/Euro, 2.15 pm (C.E.T.)",DKK,0
EXR.D.DKK.EUR.SP00.A,D,DKK,EUR,SP00,A,2026-01-15,7.4721,A,F,,,P1D,,A,,,,,,,99Q1=100,,,4,,4F0,,Danish krone/Euro ECB reference exchange rate,"ECB reference exchange rate, Danish krone/Euro, 2.15 pm (C.E.T.)",DKK,0
EXR.D.DKK.EUR.SP00.A,D,DKK,EUR,SP00,A,2026-01-16,7.4712,A,F,,,P1D,,A,,,,,,,99Q1=100,,,4,,4F0,,Danish krone/Euro ECB reference exchange rate,"ECB reference exchange rate, Danish krone/Euro, 2.15 pm (C.E.T.)",DKK,0
EXR.D.DKK.EUR.SP00.A,D,DKK,EUR,SP00,A,2026-01-19,7.4717,A,F,,,P1D,,A,,,,,,,99Q1=100,,,4,,4F0,,Danish krone/Euro ECB reference exchange rate,"ECB reference exchange rate, Danish krone/Euro, 2.15 pm (C.E.T.)",DKK,0
EXR.D.DKK.EUR.SP00.A,D,DKK,EUR,SP00,A,2026-01-20,7.4708,A,F,,,P1D,,A,,,,,,,99Q1=100,,,4,,4F0,,Danish krone/Euro ECB reference exchange rate,"ECB reference exchange rate, Danish krone/Euro, 2.15 pm (C.E.T.)",DKK,0
EXR.D.DKK.EUR.SP00.A,D,DKK,EUR,SP00,A,2026-01-21,7.4705,A,F,,,P1D,,A,,,,,,,99Q1=100,,,4,,4F0,,Danish krone/Euro ECB reference exchange rate,"ECB reference exchange rate, Danish krone/Euro, 2.15 pm (C.E.T.)",DKK,0
EXR.D.DKK.EUR.SP00.A,D,DKK,EUR,SP00,A,2026-01-22,7.4688,A,F,,,P1D,,A,,,,,,,99Q1=100,,,4,,4F0,,Danish krone/Euro ECB reference exchange rate,"ECB reference exchange rate, Danish krone/Euro, 2.15 pm (C.E.T.)",DKK,0
EXR.D.DKK.EUR.SP00.A,D,DKK,EUR,SP00,A,2026-01-23,7.4686,A,F,,,P1D,,A,,,,,,,99Q1=100,,,4,,4F0,,Danish krone/Euro ECB reference exchange rate,"ECB reference exchange rate, Danish krone/Euro, 2.15 pm (C.E.T.)",DKK,0
EXR.D.DKK.EUR.SP00.A,D,DKK,EUR,SP00,A,2026-01-26,7.4678,A,F,,,P1D,,A,,,,,,,99Q1=100,,,4,,4F0,,Danish krone/Euro ECB reference exchange rate,"ECB reference exchange rate, Danish krone/Euro, 2.15 pm (C.E.T.)",DKK,0
EXR.D.DKK.EUR.SP00.A,D,DKK,EUR,SP00,A,2026-01-27,7.4677,A,F,,,P1D,,A,,,,,,,99Q1=100,,,4,,4F0,,Danish krone/Euro ECB reference exchange rate,"ECB reference exchange rate, Danish krone/Euro, 2.15 pm (C.E.T.)",DKK,0
EXR.D.DKK.EUR.SP00.A,D,DKK,EUR,SP00,A,2026-01-28,7.4666,A,F,,,P1D,,A,,,,,,,99Q1=100,,,4,,4F0,,Danish krone/Euro ECB reference exchange rate,"ECB reference exchange rate, Danish krone/Euro, 2.15 pm (C.E.T.)",DKK,0
EXR.D.DKK.EUR.SP00.A,D,DKK,EUR,SP00,A,2026-01-29,7.4668,A,F,,,P1D,,A,,,,,,,99Q1=100,,,4,,4F0,,Danish krone/Euro ECB reference exchange rate,"ECB reference exchange rate, Danish krone/Euro, 2.15 pm (C.E.T.)",DKK,0
EXR.D.DKK.EUR.SP00.A,D,DKK,EUR,SP00,A,2026-01-30,7.4674,A,F,,,P1D,,A,,,,,,,99Q1=100,,,4,,4F0,,Danish krone/Euro ECB reference exchange rate,"ECB reference exchange rate, Danish krone/Euro, 2.15 pm (C.E.T.)",DKK,0
EXR.D.DKK.EUR.SP00.A,D,DKK,EUR,SP00,A,2026-02-02,7.4691,A,F,,,P1D,,A,,,,,,,99Q1=100,,,4,,4F0,,Danish krone/Euro ECB reference exchange rate,"ECB reference exchange rate, Danish krone/Euro, 2.15 pm (C.E.T.)",DKK,0
EXR.D.DKK.EUR.SP00.A,D,DKK,EUR,SP00,A,2026-02-03,7.4687,A,F,,,P1D,,A,,,,,,,99Q1=100,,,4,,4F0,,Danish krone/Euro ECB reference exchange rate,"ECB reference exchange rate, Danish krone/Euro, 2.15 pm (C.E.T.)",DKK,0
EXR.D.DKK.EUR.SP00.A,D,DKK,EUR,SP00,A,2026-02-04,7.4673,A,F,,,P1D,,A,,,,,,,99Q1=100,,,4,,4F0,,Danish krone/Euro ECB reference exchange rate,"ECB reference exchange rate, Danish krone/Euro, 2.15 pm (C.E.T.)",DKK,0
EXR.D.DKK.EUR.SP00.A,D,DKK,EUR,SP00,A,2026-02-05,7.4662,A,F,,,P1D,,A,,,,,,,99Q1=100,,,4,,4F0,,Danish krone/Euro ECB reference exchange rate,"ECB reference exchange rate, Danish krone/Euro, 2.15 pm (C.E.T.)",DKK,0
EXR.D.DKK.EUR.SP00.A,D,DKK,EUR,SP00,A,2026-02-06,7.4672,A,F,,,P1D,,A,,,,,,,99Q1=100,,,4,,4F0,,Danish krone/Euro ECB reference exchange rate,"ECB reference exchange rate, Danish krone/Euro, 2.15 pm (C.E.T.)",DKK,0
EXR.D.DKK.EUR.SP00.A,D,DKK,EUR,SP00,A,2026-02-09,7.4692,A,F,,,P1D,,A,,,,,,,99Q1=100,,,4,,4F0,,Danish krone/Euro ECB reference exchange rate,"ECB reference exchange rate, Danish krone/Euro, 2.15 pm (C.E.T.)",DKK,0
EXR.D.DKK.EUR.SP00.A,D,DKK,EUR,SP00,A,2026-02-10,7.4715,A,F,,,P1D,,A,,,,,,,99Q1=100,,,4,,4F0,,Danish krone/Euro ECB reference exchange rate,"ECB reference exchange rate, Danish krone/Euro, 2.15 pm (C.E.T.)",DKK,0
EXR.D.DKK.EUR.SP00.A,D,DKK,EUR,SP00,A,2026-02-11,7.4698,A,F,,,P1D,,A,,,,,,,99Q1=100,,,4,,4F0,,Danish krone/Euro ECB reference exchange rate,"ECB reference exchange rate, Danish krone/Euro, 2.15 pm (C.E.T.)",DKK,0
EXR.D.DKK.EUR.SP00.A,D,DKK,EUR,SP00,A,2026-02-12,7.4712,A,F,,,P1D,,A,,,,,,,99Q1=100,,,4,,4F0,,Danish krone/Euro ECB reference exchange rate,"ECB reference exchange rate, Danish krone/Euro, 2.15 pm (C.E.T.)",DKK,0
EXR.D.DKK.EUR.SP00.A,D,DKK,EUR,SP00,A,2026-02-13,7.4709,A,F,,,P1D,,A,,,,,,,99Q1=100,,,4,,4F0,,Danish krone/Euro ECB reference exchange rate,"ECB reference exchange rate, Danish krone/Euro, 2.15 pm (C.E.T.)",DKK,0
EXR.D.DKK.EUR.SP00.A,D,DKK,EUR,SP00,A,2026-02-16,7.4707,A,F,,,P1D,,A,,,,,,,99Q1=100,,,4,,4F0,,Danish krone/Euro ECB reference exchange rate,"ECB reference exchange rate, Danish krone/Euro, 2.15 pm (C.E.T.)",DKK,0
EXR.D.DKK.EUR.SP00.A,D,DKK,EUR,SP00,A,2026-02-17,7.4706,A,F,,,P1D,,A,,,,,,,99Q1=100,,,4,,4F0,,Danish krone/Euro ECB reference exchange rate,"ECB reference exchange rate, Danish krone/Euro, 2.15 pm (C.E.T.)",DKK,0
EXR.D.DKK.EUR.SP00.A,D,DKK,EUR,SP00,A,2026-02-18,7.4714,A,F,,,P1D,,A,,,,,,,99Q1=100,,,4,,4F0,,Danish krone/Euro ECB reference exchange rate,"ECB reference exchange rate, Danish krone/Euro, 2.15 pm (C.E.T.)",DKK,0
EXR.D.DKK.EUR.SP00.A,D,DKK,EUR,SP00,A,2026-02-19,7.4717,A,F,,,P1D,,A,,,,,,,99Q1=100,,,4,,4F0,,Danish krone/Euro ECB reference exchange rate,"ECB reference exchange rate, Danish krone/Euro, 2.15 pm (C.E.T.)",DKK,0
EXR.D.DKK.EUR.SP00.A,D,DKK,EUR,SP00,A,2026-02-20,7.4716,A,F,,,P1D,,A,,,,,,,99Q1=100,,,4,,4F0,,Danish krone/Euro ECB reference exchange rate,"ECB reference exchange rate, Danish krone/Euro, 2.15 pm (C.E.T.)",DKK,0
EXR.D.DKK.EUR.SP00.A,D,DKK,EUR,SP00,A,2026-02-23,7.4707,A,F,,,P1D,,A,,,,,,,99Q1=100,,,4,,4F0,,Danish krone/Euro ECB reference exchange rate,"ECB reference exchange rate, Danish krone/Euro, 2.15 pm (C.E.T.)",DKK,0
EXR.D.DKK.EUR.SP00.A,D,DKK,EUR,SP00,A,2026-02-24,7.4712,A,F,,,P1D,,A,,,,,,,99Q1=100,,,4,,4F0,,Danish krone/Euro ECB reference exchange rate,"ECB reference exchange rate, Danish krone/Euro, 2.15 pm (C.E.T.)",DKK,0
EXR.D.DKK.EUR.SP00.A,D,DKK,EUR,SP00,A,2026-02-25,7.4713,A,F,,,P1D,,A,,,,,,,99Q1=100,,,4,,4F0,,Danish krone/Euro ECB reference exchange rate,"ECB reference exchange rate, Danish krone/Euro, 2.15 pm (C.E.T.)",DKK,0
EXR.D.DKK.EUR.SP00.A,D,DKK,EUR,SP00,A,2026-02-26,7.4719,A,F,,,P1D,,A,,,,,,,99Q1=100,,,4,,4F0,,Danish krone/Euro ECB reference exchange rate,"ECB reference exchange rate, Danish krone/Euro, 2.15 pm (C.E.T.)",DKK,0
EXR.D.DKK.EUR.SP00.A,D,DKK,EUR,SP00,A,2026-02-27,7.4718,A,F,,,P1D,,A,,,,,,,99Q1=100,,,4,,4F0,,Danish krone/Euro ECB reference exchange rate,"ECB reference exchange rate, Danish krone/Euro, 2.15 pm (C.E.T.)",DKK,0
EXR.D.DKK.EUR.SP00.A,D,DKK,EUR,SP00,A,2026-03-02,7.4712,A,F,,,P1D,,A,,,,,,,99Q1=100,,,4,,4F0,,Danish krone/Euro ECB reference exchange rate,"ECB reference exchange rate, Danish krone/Euro, 2.15 pm (C.E.T.)",DKK,0
EXR.D.DKK.EUR.SP00.A,D,DKK,EUR,SP00,A,2026-03-03,7.4704,A,F,,,P1D,,A,,,,,,,99Q1=100,,,4,,4F0,,Danish krone/Euro ECB reference exchange rate,"ECB reference exchange rate, Danish krone/Euro, 2.15 pm (C.E.T.)",DKK,0
EXR.D.DKK.EUR.SP00.A,D,DKK,EUR,SP00,A,2026-03-04,7.4715,A,F,,,P1D,,A,,,,,,,99Q1=100,,,4,,4F0,,Danish krone/Euro ECB reference exchange rate,"ECB reference exchange rate, Danish krone/Euro, 2.15 pm (C.E.T.)",DKK,0
EXR.D.DKK.EUR.SP00.A,D,DKK,EUR,SP00,A,2026-03-05,7.4716,A,F,,,P1D,,A,,,,,,,99Q1=100,,,4,,4F0,,Danish krone/Euro ECB reference exchange rate,"ECB reference exchange rate, Danish krone/Euro, 2.15 pm (C.E.T.)",DKK,0
EXR.D.DKK.EUR.SP00.A,D,DKK,EUR,SP00,A,2026-03-06,7.4708,A,F,,,P1D,,A,,,,,,,99Q1=100,,,4,,4F0,,Danish krone/Euro ECB reference exchange rate,"ECB reference exchange rate, Danish krone/Euro, 2.15 pm (C.E.T.)",DKK,0
EXR.D.DKK.EUR.SP00.A,D,DKK,EUR,SP00,A,2026-03-09,7.4708,A,F,,,P1D,,A,,,,,,,99Q1=100,,,4,,4F0,,Danish krone/Euro ECB reference exchange rate,"ECB reference exchange rate, Danish krone/Euro, 2.15 pm (C.E.T.)",DKK,0
EXR.D.DKK.EUR.SP00.A,D,DKK,EUR,SP00,A,2026-03-10,7.4713,A,F,,,P1D,,A,,,,,,,99Q1=100,,,4,,4F0,,Danish krone/Euro ECB reference exchange rate,"ECB reference exchange rate, Danish krone/Euro, 2.15 pm (C.E.T.)",DKK,0
EXR.D.DKK.EUR.SP00.A,D,DKK,EUR,SP00,A,2026-03-11,7.4718,A,F,,,P1D,,A,,,,,,,99Q1=100,,,4,,4F0,,Danish krone/Euro ECB reference exchange rate,"ECB reference exchange rate, Danish krone/Euro, 2.15 pm (C.E.T.)",DKK,0
EXR.D.DKK.EUR.SP00.A,D,DKK,EUR,SP00,A,2026-03-12,7.4722,A,F,,,P1D,,A,,,,,,,99Q1=100,,,4,,4F0,,Danish krone/Euro ECB reference exchange rate,"ECB reference exchange rate, Danish krone/Euro, 2.15 pm (C.E.T.)",DKK,0
EXR.D.DKK.EUR.SP00.A,D,DKK,EUR,SP00,A,2026-03-13,7.4726,A,F,,,P1D,,A,,,,,,,99Q1=100,,,4,,4F0,,Danish krone/Euro ECB reference exchange rate,"ECB reference exchange rate, Danish krone/Euro, 2.15 pm (C.E.T.)",DKK,0
EXR.D.DKK.EUR.SP00.A,D,DKK,EUR,SP00,A,2026-03-16,7.472,A,F,,,P1D,,A,,,,,,,99Q1=100,,,4,,4F0,,Danish krone/Euro ECB reference exchange rate,"ECB reference exchange rate, Danish krone/Euro, 2.15 pm (C.E.T.)",DKK,0
EXR.D.DKK.EUR.SP00.A,D,DKK,EUR,SP00,A,2026-03-17,7.4718,A,F,,,P1D,,A,,,,,,,99Q1=100,,,4,,4F0,,Danish krone/Euro ECB reference exchange rate,"ECB reference exchange rate, Danish krone/Euro, 2.15 pm (C.E.T.)",DKK,0
EXR.D.DKK.EUR.SP00.A,D,DKK,EUR,SP00,A,2026-03-18,7.472,A,F,,,P1D,,A,,,,,,,99Q1=100,,,4,,4F0,,Danish krone/Euro ECB reference exchange rate,"ECB reference exchange rate, Danish krone/Euro, 2.15 pm (C.E.T.)",DKK,0
EXR.D.DKK.EUR.SP00.A,D,DKK,EUR,SP00,A,2026-03-19,7.4716,A,F,,,P1D,,A,,,,,,,99Q1=100,,,4,,4F0,,Danish krone/Euro ECB reference exchange rate,"ECB reference exchange rate, Danish krone/Euro, 2.15 pm (C.E.T.)",DKK,0
EXR.D.DKK.EUR.SP00.A,D,DKK,EUR,SP00,A,2026-03-20,7.4712,A,F,,,P1D,,A,,,,,,,99Q1=100,,,4,,4F0,,Danish krone/Euro ECB reference exchange rate,"ECB reference exchange rate, Danish krone/Euro, 2.15 pm (C.E.T.)",DKK,0
EXR.D.DKK.EUR.SP00.A,D,DKK,EUR,SP00,A,2026-03-23,7.4717,A,F,,,P1D,,A,,,,,,,99Q1=100,,,4,,4F0,,Danish krone/Euro ECB reference exchange rate,"ECB reference exchange rate, Danish krone/Euro, 2.15 pm (C.E.T.)",DKK,0
EXR.D.DKK.EUR.SP00.A,D,DKK,EUR,SP00,A,2026-03-24,7.4711,A,F,,,P1D,,A,,,,,,,99Q1=100,,,4,,4F0,,Danish krone/Euro ECB reference exchange rate,"ECB reference exchange rate, Danish krone/Euro, 2.15 pm (C.E.T.)",DKK,0
EXR.D.DKK.EUR.SP00.A,D,DKK,EUR,SP00,A,2026-03-25,7.4717,A,F,,,P1D,,A,,,,,,,99Q1=100,,,4,,4F0,,Danish krone/Euro ECB reference exchange rate,"ECB reference exchange rate, Danish krone/Euro, 2.15 pm (C.E.T.)",DKK,0
EXR.D.DKK.EUR.SP00.A,D,DKK,EUR,SP00,A,2026-03-26,7.472,A,F,,,P1D,,A,,,,,,,99Q1=100,,,4,,4F0,,Danish krone/Euro ECB reference exchange rate,"ECB reference exchange rate, Danish krone/Euro, 2.15 pm (C.E.T.)",DKK,0
EXR.D.DKK.EUR.SP00.A,D,DKK,EUR,SP00,A,2026-03-27,7.4721,A,F,,,P1D,,A,,,,,,,99Q1=100,,,4,,4F0,,Danish krone/Euro ECB reference exchange rate,"ECB reference exchange rate, Danish krone/Euro, 2.15 pm (C.E.T.)",DKK,0
EXR.D.DKK.EUR.SP00.A,D,DKK,EUR,SP00,A,2026-03-30,7.4727,A,F,,,P1D,,A,,,,,,,99Q1=100,,,4,,4F0,,Danish krone/Euro ECB reference exchange rate,"ECB reference exchange rate, Danish krone/Euro, 2.15 pm (C.E.T.)",DKK,0
EXR.D.DKK.EUR.SP00.A,D,DKK,EUR,SP00,A,2026-03-31,7.473,A,F,,,P1D,,A,,,,,,,99Q1=100,,,4,,4F0,,Danish krone/Euro ECB reference exchange rate,"ECB reference exchange rate, Danish krone/Euro, 2.15 pm (C.E.T.)",DKK,0
EXR.D.DKK.EUR.SP00.A,D,DKK,EUR,SP00,A,2026-04-01,7.4726,A,F,,,P1D,,A,,,,,,,99Q1=100,,,4,,4F0,,Danish krone/Euro ECB reference exchange rate,"ECB reference exchange rate, Danish krone/Euro, 2.15 pm (C.E.T.)",DKK,0
EXR.D.DKK.EUR.SP00.A,D,DKK,EUR,SP00,A,2026-04-02,7.4722,A,F,,,P1D,,A,,,,,,,99Q1=100,,,4,,4F0,,Danish krone/Euro ECB reference exchange rate,"ECB reference exchange rate, Danish krone/Euro, 2.15 pm (C.E.T.)",DKK,0
EXR.D.DKK.EUR.SP00.A,D,DKK,EUR,SP00,A,2026-04-07,7.4725,A,F,,,P1D,,A,,,,,,,99Q1=100,,,4,,4F0,,Danish krone/Euro ECB reference exchange rate,"ECB reference exchange rate, Danish krone/Euro, 2.15 pm (C.E.T.)",DKK,0
EXR.D.DKK.EUR.SP00.A,D,DKK,EUR,SP00,A,2026-04-08,7.4728,A,F,,,P1D,,A,,,,,,,99Q1=100,,,4,,4F0,,Danish krone/Euro ECB reference exchange rate,"ECB reference exchange rate, Danish krone/Euro, 2.15 pm (C.E.T.)",DKK,0
EXR.D.DKK.EUR.SP00.A,D,DKK,EUR,SP00,A,2026-04-09,7.4728,A,F,,,P1D,,A,,,,,,,99Q1=100,,,4,,4F0,,Danish krone/Euro ECB reference exchange rate,"ECB reference exchange rate, Danish krone/Euro, 2.15 pm (C.E.T.)",DKK,0
EXR.D.DKK.EUR.SP00.A,D,DKK,EUR,SP00,A,2026-04-10,7.4727,A,F,,,P1D,,A,,,,,,,99Q1=100,,,4,,4F0,,Danish krone/Euro ECB reference exchange rate,"ECB reference exchange rate, Danish krone/Euro, 2.15 pm (C.E.T.)",DKK,0
EXR.D.DKK.EUR.SP00.A,D,DKK,EUR,SP00,A,2026-04-13,7.4727,A,F,,,P1D,,A,,,,,,,99Q1=100,,,4,,4F0,,Danish krone/Euro ECB reference exchange rate,"ECB reference exchange rate, Danish krone/Euro, 2.15 pm (C.E.T.)",DKK,0
EXR.D.DKK.EUR.SP00.A,D,DKK,EUR,SP00,A,2026-04-14,7.4726,A,F,,,P1D,,A,,,,,,,99Q1=100,,,4,,4F0,,Danish krone/Euro ECB reference exchange rate,"ECB reference exchange rate, Danish krone/Euro, 2.15 pm (C.E.T.)",DKK,0
EXR.D.DKK.EUR.SP00.A,D,DKK,EUR,SP00,A,2026-04-15,7.473,A,F,,,P1D,,A,,,,,,,99Q1=100,,,4,,4F0,,Danish krone/Euro ECB reference exchange rate,"ECB reference exchange rate, Danish krone/Euro, 2.15 pm (C.E.T.)",DKK,0
EXR.D.DKK.EUR.SP00.A,D,DKK,EUR,SP00,A,2026-04-16,7.4731,A,F,,,P1D,,A,,,,,,,99Q1=100,,,4,,4F0,,Danish krone/Euro ECB reference exchange rate,"ECB reference exchange rate, Danish krone/Euro, 2.15 pm (C.E.T.)",DKK,0
EXR.D.DKK.EUR.SP00.A,D,DKK,EUR,SP00,A,2026-04-17,7.4734,A,F,,,P1D,,A,,,,,,,99Q1=100,,,4,,4F0,,Danish krone/Euro ECB reference exchange rate,"ECB reference exchange rate, Danish krone/Euro, 2.15 pm (C.E.T.)",DKK,0
EXR.D.DKK.EUR.SP00.A,D,DKK,EUR,SP00,A,2026-04-20,7.4734,A,F,,,P1D,,A,,,,,,,99Q1=100,,,4,,4F0,,Danish krone/Euro ECB reference exchange rate,"ECB reference exchange rate, Danish krone/Euro, 2.15 pm (C.E.T.)",DKK,0
EXR.D.DKK.EUR.SP00.A,D,DKK,EUR,SP00,A,2026-04-21,7.4734,A,F,,,P1D,,A,,,,,,,99Q1=100,,,4,,4F0,,Danish krone/Euro ECB reference exchange rate,"ECB reference exchange rate, Danish krone/Euro, 2.15 pm (C.E.T.)",DKK,0
EXR.D.DKK.EUR.SP00.A,D,DKK,EUR,SP00,A,2026-04-22,7.4735,A,F,,,P1D,,A,,,,,,,99Q1=100,,,4,,4F0,,Danish krone/Euro ECB reference exchange rate,"ECB reference exchange rate, Danish krone/Euro, 2.15 pm (C.E.T.)",DKK,0
EXR.D.DKK.EUR.SP00.A,D,DKK,EUR,SP00,A,2026-04-23,7.473,A,F,,,P1D,,A,,,,,,,99Q1=100,,,4,,4F0,,Danish krone/Euro ECB reference exchange rate,"ECB reference exchange rate, Danish krone/Euro, 2.15 pm (C.E.T.)",DKK,0
EXR.D.DKK.EUR.SP00.A,D,DKK,EUR,SP00,A,2026-04-24,7.473,A,F,,,P1D,,A,,,,,,,99Q1=100,,,4,,4F0,,Danish krone/Euro ECB reference exchange rate,"ECB reference exchange rate, Danish krone/Euro, 2.15 pm (C.E.T.)",DKK,0
EXR.D.DKK.EUR.SP00.A,D,DKK,EUR,SP00,A,2026-04-27,7.4726,A,F,,,P1D,,A,,,,,,,99Q1=100,,,4,,4F0,,Danish krone/Euro ECB reference exchange rate,"ECB reference exchange rate, Danish krone/Euro, 2.15 pm (C.E.T.)",DKK,0
EXR.D.DKK.EUR.SP00.A,D,DKK,EUR,SP00,A,2026-04-28,7.4723,A,F,,,P1D,,A,,,,,,,99Q1=100,,,4,,4F0,,Danish krone/Euro ECB reference exchange rate,"ECB reference exchange rate, Danish krone/Euro, 2.15 pm (C.E.T.)",DKK,0
EXR.D.DKK.EUR.SP00.A,D,DKK,EUR,SP00,A,2026-04-29,7.4727,A,F,,,P1D,,A,,,,,,,99Q1=100,,,4,,4F0,,Danish krone/Euro ECB reference exchange rate,"ECB reference exchange rate, Danish krone/Euro, 2.15 pm (C.E.T.)",DKK,0
EXR.D.DKK.EUR.SP00.A,D,DKK,EUR,SP00,A,2026-04-30,7.4716,A,F,,,P1D,,A,,,,,,,99Q1=100,,,4,,4F0,,Danish krone/Euro ECB reference exchange rate,"ECB reference exchange rate, Danish krone/Euro, 2.15 pm (C.E.T.)",DKK,0
EXR.D.DKK.EUR.SP00.A,D,DKK,EUR,SP00,A,2026-05-04,7.4725,A,F,,,P1D,,A,,,,,,,99Q1=100,,,4,,4F0,,Danish krone/Euro ECB reference exchange rate,"ECB reference exchange rate, Danish krone/Euro, 2.15 pm (C.E.T.)",DKK,0
EXR.D.DKK.EUR.SP00.A,D,DKK,EUR,SP00,A,2026-05-05,7.4728,A,F,,,P1D,,A,,,,,,,99Q1=100,,,4,,4F0,,Danish krone/Euro ECB reference exchange rate,"ECB reference exchange rate, Danish krone/Euro, 2.15 pm (C.E.T.)",DKK,0
EXR.D.DKK.EUR.SP00.A,D,DKK,EUR,SP00,A,2026-05-06,7.4725,A,F,,,P1D,,A,,,,,,,99Q1=100,,,4,,4F0,,Danish krone/Euro ECB reference exchange rate,"ECB reference exchange rate, Danish krone/Euro, 2.15 pm (C.E.T.)",DKK,0
EXR.D.DKK.EUR.SP00.A,D,DKK,EUR,SP00,A,2026-05-07,7.4726,A,F,,,P1D,,A,,,,,,,99Q1=100,,,4,,4F0,,Danish krone/Euro ECB reference exchange rate,"ECB reference exchange rate, Danish krone/Euro, 2.15 pm (C.E.T.)",DKK,0
EXR.D.DKK.EUR.SP00.A,D,DKK,EUR,SP00,A,2026-05-08,7.4726,A,F,,,P1D,,A,,,,,,,99Q1=100,,,4,,4F0,,Danish krone/Euro ECB reference exchange rate,"ECB reference exchange rate, Danish krone/Euro, 2.15 pm (C.E.T.)",DKK,0
EXR.D.DKK.EUR.SP00.A,D,DKK,EUR,SP00,A,2026-05-11,7.4726,A,F,,,P1D,,A,,,,,,,99Q1=100,,,4,,4F0,,Danish krone/Euro ECB reference exchange rate,"ECB reference exchange rate, Danish krone/Euro, 2.15 pm (C.E.T.)",DKK,0
EXR.D.DKK.EUR.SP00.A,D,DKK,EUR,SP00,A,2026-05-12,7.4729,A,F,,,P1D,,A,,,,,,,99Q1=100,,,4,,4F0,,Danish krone/Euro ECB reference exchange rate,"ECB reference exchange rate, Danish krone/Euro, 2.15 pm (C.E.T.)",DKK,0
EXR.D.DKK.EUR.SP00.A,D,DKK,EUR,SP00,A,2026-05-13,7.4738,A,F,,,P1D,,A,,,,,,,99Q1=100,,,4,,4F0,,Danish krone/Euro ECB reference exchange rate,"ECB reference exchange rate, Danish krone/Euro, 2.15 pm (C.E.T.)",DKK,0
EXR.D.DKK.EUR.SP00.A,D,DKK,EUR,SP00,A,2026-05-14,7.4729,A,F,,,P1D,,A,,,,,,,99Q1=100,,,4,,4F0,,Danish krone/Euro ECB reference exchange rate,"ECB reference exchange rate, Danish krone/Euro, 2.15 pm (C.E.T.)",DKK,0
EXR.D.DKK.EUR.SP00.A,D,DKK,EUR,SP00,A,2026-05-15,7.4728,A,F,,,P1D,,A,,,,,,,99Q1=100,,,4,,4F0,,Danish krone/Euro ECB reference exchange rate,"ECB reference exchange rate, Danish krone/Euro, 2.15 pm (C.E.T.)",DKK,0
EXR.D.DKK.EUR.SP00.A,D,DKK,EUR,SP00,A,2026-05-18,7.4733,A,F,,,P1D,,A,,,,,,,99Q1=100,,,4,,4F0,,Danish krone/Euro ECB reference exchange rate,"ECB reference exchange rate, Danish krone/Euro, 2.15 pm (C.E.T.)",DKK,0
EXR.D.DKK.EUR.SP00.A,D,DKK,EUR,SP00,A,2026-05-19,7.4731,A,F,,,P1D,,A,,,,,,,99Q1=100,,,4,,4F0,,Danish krone/Euro ECB reference exchange rate,"ECB reference exchange rate, Danish krone/Euro, 2.15 pm (C.E.T.)",DKK,0
EXR.D.DKK.EUR.SP00.A,D,DKK,EUR,SP00,A,2026-05-20,7.4732,A,F,,,P1D,,A,,,,,,,99Q1=100,,,4,,4F0,,Danish krone/Euro ECB reference exchange rate,"ECB reference exchange rate, Danish krone/Euro, 2.15 pm (C.E.T.)",DKK,0
EXR.D.DKK.EUR.SP00.A,D,DKK,EUR,SP00,A,2026-05-21,7.473,A,F,,,P1D,,A,,,,,,,99Q1=100,,,4,,4F0,,Danish krone/Euro ECB reference exchange rate,"ECB reference exchange rate, Danish krone/Euro, 2.15 pm (C.E.T.)",DKK,0
EXR.D.DKK.EUR.SP00.A,D,DKK,EUR,SP00,A,2026-05-22,7.4731,A,F,,,P1D,,A,,,,,,,99Q1=100,,,4,,4F0,,Danish krone/Euro ECB reference exchange rate,"ECB reference exchange rate, Danish krone/Euro, 2.15 pm (C.E.T.)",DKK,0
EXR.D.DKK.EUR.SP00.A,D,DKK,EUR,SP00,A,2026-05-25,7.4719,A,F,,,P1D,,A,,,,,,,99Q1=100,,,4,,4F0,,Danish krone/Euro ECB reference exchange rate,"ECB reference exchange rate, Danish krone/Euro, 2.15 pm (C.E.T.)",DKK,0
EXR.D.DKK.EUR.SP00.A,D,DKK,EUR,SP00,A,2026-05-26,7.4721,A,F,,,P1D,,A,,,,,,,99Q1=100,,,4,,4F0,,Danish krone/Euro ECB reference exchange rate,"ECB reference exchange rate, Danish krone/Euro, 2.15 pm (C.E.T.)",DKK,0
EXR.D.DKK.EUR.SP00.A,D,DKK,EUR,SP00,A,2026-05-27,7.4726,A,F,,,P1D,,A,,,,,,,99Q1=100,,,4,,4F0,,Danish krone/Euro ECB reference exchange rate,"ECB reference exchange rate, Danish krone/Euro, 2.15 pm (C.E.T.)",DKK,0
EXR.D.DKK.EUR.SP00.A,D,DKK,EUR,SP00,A,2026-05-28,7.4729,A,F,,,P1D,,A,,,,,,,99Q1=100,,,4,,4F0,,Danish krone/Euro ECB reference exchange rate,"ECB reference exchange rate, Danish krone/Euro, 2.15 pm (C.E.T.)",DKK,0
EXR.D.DKK.EUR.SP00.A,D,DKK,EUR,SP00,A,2026-05-29,7.4731,A,F,,,P1D,,A,,,,,,,99Q1=100,,,4,,4F0,,Danish krone/Euro ECB reference exchange rate,"ECB reference exchange rate, Danish krone/Euro, 2.15 pm (C.E.T.)",DKK,0
EXR.D.DKK.EUR.SP00.A,D,DKK,EUR,SP00,A,2026-06-01,7.4737,A,F,,,P1D,,A,,,,,,,99Q1=100,,,4,,4F0,,Danish krone/Euro ECB reference exchange rate,"ECB reference exchange rate, Danish krone/Euro, 2.15 pm (C.E.T.)",DKK,0
EXR.D.DKK.EUR.SP00.A,D,DKK,EUR,SP00,A,2026-06-02,7.474,A,F,,,P1D,,A,,,,,,,99Q1=100,,,4,,4F0,,Danish krone/Euro ECB reference exchange rate,"ECB reference exchange rate, Danish krone/Euro, 2.15 pm (C.E.T.)",DKK,0
EXR.D.DKK.EUR.SP00.A,D,DKK,EUR,SP00,A,2026-06-03,7.4739,A,F,,,P1D,,A,,,,,,,99Q1=100,,,4,,4F0,,Danish krone/Euro ECB reference exchange rate,"ECB reference exchange rate, Danish krone/Euro, 2.15 pm (C.E.T.)",DKK,0
EXR.D.DKK.EUR.SP00.A,D,DKK,EUR,SP00,A,2026-06-04,7.4742,A,F,,,P1D,,A,,,,,,,99Q1=100,,,4,,4F0,,Danish krone/Euro ECB reference exchange rate,"ECB reference exchange rate, Danish krone/Euro, 2.15 pm (C.E.T.)",DKK,0
EXR.D.DKK.EUR.SP00.A,D,DKK,EUR,SP00,A,2026-06-05,7.4743,A,F,,,P1D,,A,,,,,,,99Q1=100,,,4,,4F0,,Danish krone/Euro ECB reference exchange rate,"ECB reference exchange rate, Danish krone/Euro, 2.15 pm (C.E.T.)",DKK,0
EXR.D.DKK.EUR.SP00.A,D,DKK,EUR,SP00,A,2026-06-08,7.474,A,F,,,P1D,,A,,,,,,,99Q1=100,,,4,,4F0,,Danish krone/Euro ECB reference exchange rate,"ECB reference exchange rate, Danish krone/Euro, 2.15 pm (C.E.T.)",DKK,0
EXR.D.DKK.EUR.SP00.A,D,DKK,EUR,SP00,A,2026-06-09,7.4742,A,F,,,P1D,,A,,,,,,,99Q1=100,,,4,,4F0,,Danish krone/Euro ECB reference exchange rate,"ECB reference exchange rate, Danish krone/Euro, 2.15 pm (C.E.T.)",DKK,0
EXR.D.DKK.EUR.SP00.A,D,DKK,EUR,SP00,A,2026-06-10,7.4745,A,F,,,P1D,,A,,,,,,,99Q1=100,,,4,,4F0,,Danish krone/Euro ECB reference exchange rate,"ECB reference exchange rate, Danish krone/Euro, 2.15 pm (C.E.T.)",DKK,0
EXR.D.DKK.EUR.SP00.A,D,DKK,EUR,SP00,A,2026-06-11,7.4743,A,F,,,P1D,,A,,,,,,,99Q1=100,,,4,,4F0,,Danish krone/Euro ECB reference exchange rate,"ECB reference exchange rate, Danish krone/Euro, 2.15 pm (C.E.T.)",DKK,0
EXR.D.DKK.EUR.SP00.A,D,DKK,EUR,SP00,A,2026-06-12,7.4744,A,F,,,P1D,,A,,,,,,,99Q1=100,,,4,,4F0,,Danish krone/Euro ECB reference exchange rate,"ECB reference exchange rate, Danish krone/Euro, 2.15 pm (C.E.T.)",DKK,0
EXR.D.DKK.EUR.SP00.A,D,DKK,EUR,SP00,A,2026-06-15,7.474,A,F,,,P1D,,A,,,,,,,99Q1=100,,,4,,4F0,,Danish krone/Euro ECB reference exchange rate,"ECB reference exchange rate, Danish krone/Euro, 2.15 pm (C.E.T.)",DKK,0
EXR.D.DKK.EUR.SP00.A,D,DKK,EUR,SP00,A,2026-06-16,7.4747,A,F,,,P1D,,A,,,,,,,99Q1=100,,,4,,4F0,,Danish krone/Euro ECB reference exchange rate,"ECB reference exchange rate, Danish krone/Euro, 2.15 pm (C.E.T.)",DKK,0
EXR.D.DKK.EUR.SP00.A,D,DKK,EUR,SP00,A,2026-06-17,7.4749,A,F,,,P1D,,A,,,,,,,99Q1=100,,,4,,4F0,,Danish krone/Euro ECB reference exchange rate,"ECB reference exchange rate, Danish krone/Euro, 2.15 pm (C.E.T.)",DKK,0
EXR.D.DKK.EUR.SP00.A,D,DKK,EUR,SP00,A,2026-06-18,7.4747,A,F,,,P1D,,A,,,,,,,99Q1=100,,,4,,4F0,,Danish krone/Euro ECB reference exchange rate,"ECB reference exchange rate, Danish krone/Euro, 2.15 pm (C.E.T.)",DKK,0
EXR.D.DKK.EUR.SP00.A,D,DKK,EUR,SP00,A,2026-06-19,7.4746,A,F,,,P1D,,A,,,,,,,99Q1=100,,,4,,4F0,,Danish krone/Euro ECB reference exchange rate,"ECB reference exchange rate, Danish krone/Euro, 2.15 pm (C.E.T.)",DKK,0
EXR.D.DKK.EUR.SP00.A,D,DKK,EUR,SP00,A,2026-06-22,7.4747,A,F,,,P1D,,A,,,,,,,99Q1=100,,,4,,4F0,,Danish krone/Euro ECB reference exchange rate,"ECB reference exchange rate, Danish krone/Euro, 2.15 pm (C.E.T.)",DKK,0
EXR.D.DKK.EUR.SP00.A,D,DKK,EUR,SP00,A,2026-06-23,7.4749,A,F,,,P1D,,A,,,,,,,99Q1=100,,,4,,4F0,,Danish krone/Euro ECB reference exchange rate,"ECB reference exchange rate, Danish krone/Euro, 2.15 pm (C.E.T.)",DKK,0
EXR.D.DKK.EUR.SP00.A,D,DKK,EUR,SP00,A,2026-06-24,7.4755,A,F,,,P1D,,A,,,,,,,99Q1=100,,,4,,4F0,,Danish krone/Euro ECB reference exchange rate,"ECB reference exchange rate, Danish krone/Euro, 2.15 pm (C.E.T.)",DKK,0
EXR.D.DKK.EUR.SP00.A,D,DKK,EUR,SP00,A,2026-06-25,7.4745,A,F,,,P1D,,A,,,,,,,99Q1=100,,,4,,4F0,,Danish krone/Euro ECB reference exchange rate,"ECB reference exchange rate, Danish krone/Euro, 2.15 pm (C.E.T.)",DKK,0
EXR.D.DKK.EUR.SP00.A,D,DKK,EUR,SP00,A,2026-06-26,7.4746,A,F,,,P1D,,A,,,,,,,99Q1=100,,,4,,4F0,,Danish krone/Euro ECB reference exchange rate,"ECB reference exchange rate, Danish krone/Euro, 2.15 pm (C.E.T.)",DKK,0
EXR.D.DKK.EUR.SP00.A,D,DKK,EUR,SP00,A,2026-06-29,7.4745,A,F,,,P1D,,A,,,,,,,99Q1=100,,,4,,4F0,,Danish krone/Euro ECB reference exchange rate,"ECB reference exchange rate, Danish krone/Euro, 2.15 pm (C.E.T.)",DKK,0
EXR.D.DKK.EUR.SP00.A,D,DKK,EUR,SP00,A,2026-06-30,7.4744,A,F,,,P1D,,A,,,,,,,99Q1=100,,,4,,4F0,,Danish krone/Euro ECB reference exchange rate,"ECB reference exchange rate, Danish krone/Euro, 2.15 pm (C.E.T.)",DKK,0
EXR.D.DKK.EUR.SP00.A,D,DKK,EUR,SP00,A,2026-07-01,7.4745,A,F,,,P1D,,A,,,,,,,99Q1=100,,,4,,4F0,,Danish krone/Euro ECB reference exchange rate,"ECB reference exchange rate, Danish krone/Euro, 2.15 pm (C.E.T.)",DKK,0
EXR.D.DKK.EUR.SP00.A,D,DKK,EUR,SP00,A,2026-07-02,7.4747,A,F,,,P1D,,A,,,,,,,99Q1=100,,,4,,4F0,,Danish krone/Euro ECB reference exchange rate,"ECB reference exchange rate, Danish krone/Euro, 2.15 pm (C.E.T.)",DKK,0
EXR.D.DKK.EUR.SP00.A,D,DKK,EUR,SP00,A,2026-07-03,7.4746,A,F,,,P1D,,A,,,,,,,99Q1=100,,,4,,4F0,,Danish krone/Euro ECB reference exchange rate,"ECB reference exchange rate, Danish krone/Euro, 2.15 pm (C.E.T.)",DKK,0
EXR.D.DKK.EUR.SP00.A,D,DKK,EUR,SP00,A,2026-07-06,7.4748,A,F,,,P1D,,A,,,,,,,99Q1=100,,,4,,4F0,,Danish krone/Euro ECB reference exchange rate,"ECB reference exchange rate, Danish krone/Euro, 2.15 pm (C.E.T.)",DKK,0
EXR.D.DKK.EUR.SP00.A,D,DKK,EUR,SP00,A,2026-07-07,7.4746,A,F,,,P1D,,A,,,,,,,99Q1=100,,,4,,4F0,,Danish krone/Euro ECB reference exchange rate,"ECB reference exchange rate, Danish krone/Euro, 2.15 pm (C.E.T.)",DKK,0
EXR.D.DKK.EUR.SP00.A,D,DKK,EUR,SP00,A,2026-07-08,7.4754,A,F,,,P1D,,A,,,,,,,99Q1=100,,,4,,4F0,,Danish krone/Euro ECB reference exchange rate,"ECB reference exchange rate, Danish krone/Euro, 2.15 pm (C.E.T.)",DKK,0
EXR.D.DKK.EUR.SP00.A,D,DKK,EUR,SP00,A,2026-07-09,7.4753,A,F,,,P1D,,A,,,,,,,99Q1=100,,,4,,4F0,,Danish krone/Euro ECB reference exchange rate,"ECB reference exchange rate, Danish krone/Euro, 2.15 pm (C.E.T.)",DKK,0
EXR.D.DKK.EUR.SP00.A,D,DKK,EUR,SP00,A,2026-07-10,7.4751,A,F,,,P1D,,A,,,,,,,99Q1=100,,,4,,4F0,,Danish krone/Euro ECB reference exchange rate,"ECB reference exchange rate, Danish krone/Euro, 2.15 pm (C.E.T.)",DKK,0
EXR.D.DKK.EUR.SP00.A,D,DKK,EUR,SP00,A,2026-07-13,7.475,A,F,,,P1D,,A,,,,,,,99Q1=100,,,4,,4F0,,Danish krone/Euro ECB reference exchange rate,"ECB reference exchange rate, Danish krone/Euro, 2.15 pm (C.E.T.)",DKK,0
EXR.D.DKK.EUR.SP00.A,D,DKK,EUR,SP00,A,2026-07-14,7.4753,A,F,,,P1D,,A,,,,,,,99Q1=100,,,4,,4F0,,Danish krone/Euro ECB reference exchange rate,"ECB reference exchange rate, Danish krone/Euro, 2.15 pm (C.E.T.)",DKK,0
EXR.D.DKK.EUR.SP00.A,D,DKK,EUR,SP00,A,2026-07-15,7.4754,A,F,,,P1D,,A,,,,,,,99Q1=100,,,4,,4F0,,Danish krone/Euro ECB reference exchange rate,"ECB reference exchange rate, Danish krone/Euro, 2.15 pm (C.E.T.)",DKK,0
EXR.D.DKK.EUR.SP00.A,D,DKK,EUR,SP00,A,2026-07-16,7.4753,A,F,,,P1D,,A,,,,,,,99Q1=100,,,4,,4F0,,Danish krone/Euro ECB reference exchange rate,"ECB reference exchange rate, Danish krone/Euro, 2.15 pm (C.E.T.)",DKK,0
EXR.D.DKK.EUR.SP00.A,D,DKK,EUR,SP00,A,2026-07-17,7.4756,A,F,,,P1D,,A,,,,,,,99Q1=100,,,4,,4F0,,Danish krone/Euro ECB reference exchange rate,"ECB reference exchange rate, Danish krone/Euro, 2.15 pm (C.E.T.)",DKK,0
EXR.D.DKK.EUR.SP00.A,D,DKK,EUR,SP00,A,2026-07-20,7.4756,A,F,,,P1D,,A,,,,,,,99Q1=100,,,4,,4F0,,Danish krone/Euro ECB reference exchange rate,"ECB reference exchange rate, Danish krone/Euro, 2.15 pm (C.E.T.)",DKK,0
EXR.D.DKK.EUR.SP00.A,D,DKK,EUR,SP00,A,2026-07-21,7.4756,A,F,,,P1D,,A,,,,,,,99Q1=100,,,4,,4F0,,Danish krone/Euro ECB reference exchange rate,"ECB reference exchange rate, Danish krone/Euro, 2.15 pm (C.E.T.)",DKK,0
EXR.D.DKK.EUR.SP00.A,D,DKK,EUR,SP00,A,2026-07-22,7.4757,A,F,,,P1D,,A,,,,,,,99Q1=100,,,4,,4F0,,Danish krone/Euro ECB reference exchange rate,"ECB reference exchange rate, Danish krone/Euro, 2.15 pm (C.E.T.)",DKK,0
EXR.D.DKK.EUR.SP00.A,D,DKK,EUR,SP00,A,2026-07-23,7.4757,A,F,,,P1D,,A,,,,,,,99Q1=100,,,4,,4F0,,Danish krone/Euro ECB reference exchange rate,"ECB reference exchange rate, Danish krone/Euro, 2.15 pm (C.E.T.)",DKK,0
EXR.D.DKK.EUR.SP00.A,D,DKK,EUR,SP00,A,2026-07-24,7.4756,A,F,,,P1D,,A,,,,,,,99Q1=100,,,4,,4F0,,Danish krone/Euro ECB reference exchange rate,"ECB reference exchange rate, Danish krone/Euro, 2.15 pm (C.E.T.)",DKK,0
EXR.D.DKK.EUR.SP00.A,D,DKK,EUR,SP00,A,2026-07-27,7.4752,A,F,,,P1D,,A,,,,,,,99Q1=100,,,4,,4F0,,Danish krone/Euro ECB reference exchange rate,"ECB reference exchange rate, Danish krone/Euro, 2.15 pm (C.E.T.)",DKK,0
EXR.D.DKK.EUR.SP00.A,D,DKK,EUR,SP00,A,2026-07-28,7.4752,A,F,,,P1D,,A,,,,,,,99Q1=100,,,4,,4F0,,Danish krone/Euro ECB reference exchange rate,"ECB reference exchange rate, Danish krone/Euro, 2.15 pm (C.E.T.)",DKK,0
EXR.D.DKK.EUR.SP00.A,D,DKK,EUR,SP00,A,2026-07-29,7.4748,A,F,,,P1D,,A,,,,,,,99Q1=100,,,4,,4F0,,Danish krone/Euro ECB reference exchange rate,"ECB reference exchange rate, Danish krone/Euro, 2.15 pm (C.E.T.)",DKK,0
EXR.D.DKK.EUR.SP00.A,D,DKK,EUR,SP00,A,2026-07-30,7.4749,A,F,,,P1D,,A,,,,,,,99Q1=100,,,4,,4F0,,Danish krone/Euro ECB reference exchange rate,"ECB reference exchange rate, Danish krone/Euro, 2.15 pm (C.E.T.)",DKK,0
EXR.D.DKK.EUR.SP00.A,D,DKK,EUR,SP00,A,2026-07-31,7.4752,A,F,,,P1D,,A,,,,,,,99Q1=100,,,4,,4F0,,Danish krone/Euro ECB reference exchange rate,"ECB reference exchange rate, Danish krone/Euro, 2.15 pm (C.E.T.)",DKK,0
EXR.D.DKK.EUR.SP00.A,D,DKK,EUR,SP00,A,2026-08-03,7.4749,A,F,,,P1D,,A,,,,,,,99Q1=100,,,4,,4F0,,Danish krone/Euro ECB reference exchange rate,"ECB reference exchange rate, Danish krone/Euro, 2.15 pm (C.E.T.)",DKK,0
EXR.D.DKK.EUR.SP00.A,D,DKK,EUR,SP00,A,2026-08-04,7.4754,A,F,,,P1D,,A,,,,,,,99Q1=100,,,4,,4F0,,Danish krone/Euro ECB reference exchange rate,"ECB reference exchange rate, Danish krone/Euro, 2.15 pm (C.E.T.)",DKK,0
EXR.D.DKK.EUR.SP00.A,D,DKK,EUR,SP00,A,2026-08-05,7.4753,A,F,,,P1D,,A,,,,,,,99Q1=100,,,4,,4F0,,Danish krone/Euro ECB reference exchange rate,"ECB reference exchange rate, Danish krone/Euro, 2.15 pm (C.E.T.)",DKK,0
EXR.D.DKK.EUR.SP00.A,D,DKK,EUR,SP00,A,2026-08-06,7.4755,A,F,,,P1D,,A,,,,,,,99Q1=100,,,4,,4F0,,Danish krone/Euro ECB reference exchange rate,"ECB reference exchange rate, Danish krone/Euro, 2.15 pm (C.E.T.)",DKK,0
EXR.D.DKK.EUR.SP00.A,D,DKK,EUR,SP00,A,2026-08-07,7.4756,A,F,,,P1D,,A,,,,,,,99Q1=100,,,4,,4F0,,Danish krone/Euro ECB reference exchange rate,"ECB reference exchange rate, Danish krone/Euro, 2.15 pm (C.E.T.)",DKK,0
EXR.D.DKK.EUR.SP00.A,D,DKK,EUR,SP00,A,2026-08-10,7.4758,A,F,,,P1D,,A,,,,,,,99Q1=100,,,4,,4F0,,Danish krone/Euro ECB reference exchange rate,"ECB reference exchange rate, Danish krone/Euro, 2.15 pm (C.E.T.)",DKK,0
EXR.D.DKK.EUR.SP00.A,D,DKK,EUR,SP00,A,2026-08-11,7.4757,A,F,,,P1D,,A,,,,,,,99Q1=100,,,4,,4F0,,Danish krone/Euro ECB reference exchange rate,"ECB reference exchange rate, Danish krone/Euro, 2.15 pm (C.E.T.)",DKK,0
EXR.D.DKK.EUR.SP00.A,D,DKK,EUR,SP00,A,2026-08-12,7.4758,A,F,,,P1D,,A,,,,,,,99Q1=100,,,4,,4F0,,Danish krone/Euro ECB reference exchange rate,"ECB reference exchange rate, Danish krone/Euro, 2.15 pm (C.E.T.)",DKK,0
EXR.D.DKK.EUR.SP00.A,D,DKK,EUR,SP00,A,2026-08-13,7.4757,A,F,,,P1D,,A,,,,,,,99Q1=100,,,4,,4F0,,Danish krone/Euro ECB reference exchange rate,"ECB reference exchange rate, Danish krone/Euro, 2.15 pm (C.E.T.)",DKK,0
EXR.D.DKK.EUR.SP00.A,D,DKK,EUR,SP00,A,2026-08-14,7.4757,A,F,,,P1D,,A,,,,,,,99Q1=100,,,4,,4F0,,Danish krone/Euro ECB reference exchange rate,"ECB reference exchange rate, Danish krone/Euro, 2.15 pm (C.E.T.)",DKK,0
EXR.D.DKK.EUR.SP00.A,D,DKK,EUR,SP00,A,2026-08-17,7.4758,A,F,,,P1D,,A,,,,,,,99Q1=100,,,4,,4F0,,Danish krone/Euro ECB reference exchange rate,"ECB reference exchange rate, Danish krone/Euro, 2.15 pm (C.E.T.)",DKK,0
EXR.D.DKK.EUR.SP00.A,D,DKK,EUR,SP00,A,2026-08-18,7.4759,A,F,,,P1D,,A,,,,,,,99Q1=100,,,4,,4F0,,Danish krone/Euro ECB reference exchange rate,"ECB reference exchange rate, Danish krone/Euro, 2.15 pm (C.E.T.)",DKK,0
EXR.D.DKK.EUR.SP00.A,D,DKK,EUR,SP00,A,2026-08-19,7.4759,A,F,,,P1D,,A,,,,,,,99Q1=100,,,4,,4F0,,Danish krone/Euro ECB reference exchange rate,"ECB reference exchange rate, Danish krone/Euro, 2.15 pm (C.E.T.)",DKK,0
EXR.D.DKK.EUR.SP00.A,D,DKK,EUR,SP00,A,2026-08-20,7.4758,A,F,,,P1D,,A,,,,,,,99Q1=100,,,4,,4F0,,Danish krone/Euro ECB reference exchange rate,"ECB reference exchange rate, Danish krone/Euro, 2.15 pm (C.E.T.)",DKK,0
EXR.D.DKK.EUR.SP00.A,D,DKK,EUR,SP00,A,2026-08-21,7.4758,A,F,,,P1D,,A,,,,,,,99Q1=100,,,4,,4F0,,Danish krone/Euro ECB reference exchange rate,"ECB reference exchange rate, Danish krone/Euro, 2.15 pm (C.E.T.)",DKK,0
EXR.D.DKK.EUR.SP00.A,D,DKK,EUR,SP00,A,2026-08-24,7.4757,A,F,,,P1D,,A,,,,,,,99Q1=100,,,4,,4F0,,Danish krone/Euro ECB reference exchange rate,"ECB reference exchange rate, Danish krone/Euro, 2.15 pm (C.E.T.)",DKK,0
EXR.D.DKK.EUR.SP00.A,D,DKK,EUR,SP00,A,2026-08-25,7.4753,A,F,,,P1D,,A,,,,,,,99Q1=100,,,4,,4F0,,Danish krone/Euro ECB reference exchange rate,"ECB reference exchange rate, Danish krone/Euro, 2.15 pm (C.E.T.)",DKK,0
EXR.D.DKK.EUR.SP00.A,D,DKK,EUR,SP00,A,2026-08-26,7.4757,A,F,,,P1D,,A,,,,,,,99Q1=100,,,4,,4F0,,Danish krone/Euro ECB reference exchange rate,"ECB reference exchange rate, Danish krone/Euro, 2.15 pm (C.E.T.)",DKK,0
EXR.D.DKK.EUR.SP00.A,D,DKK,EUR,SP00,A,2026-08-27,7.4747,A,F,,,P1D,,A,,,,,,,99Q1=100,,,4,,4F0,,Danish krone/Euro ECB reference exchange rate,"ECB reference exchange rate, Danish krone/Euro, 2.15 pm (C.E.T.)",DKK,0
EXR.D.DKK.EUR.SP00.A,D,DKK,EUR,SP00,A,2026-08-28,7.4748,A,F,,,P1D,,A,,,,,,,99Q1=100,,,4,,4F0,,Danish krone/Euro ECB reference exchange rate,"ECB reference exchange rate, Danish krone/Euro, 2.15 pm (C.E.T.)",DKK,0
EXR.D.DKK.EUR.SP00.A,D,DKK,EUR,SP00,A,2026-08-31,7.4751,A,F,,,P1D,,A,,,,,,,99Q1=100,,,4,,4F0,,Danish krone/Euro ECB reference exchange rate,"ECB reference exchange rate, Danish krone/Euro, 2.15 pm (C.E.T.)",DKK,0
EXR.D.DKK.EUR.SP00.A,D,DKK,EUR,SP00,A,2026-09-01,7.4748,A,F,,,P1D,,A,,,,,,,99Q1=100,,,4,,4F0,,Danish krone/Euro ECB reference exchange rate,"ECB reference exchange rate, Danish krone/Euro, 2.15 pm (C.E.T.)",DKK,0
EXR.D.DKK.EUR.SP00.A,D,DKK,EUR,SP00,A,2026-09-02,7.475,A,F,,,P1D,,A,,,,,,,99Q1=100,,,4,,4F0,,Danish krone/Euro ECB reference exchange rate,"ECB reference exchange rate, Danish krone/Euro, 2.15 pm (C.E.T.)",DKK,0
EXR.D.DKK.EUR.SP00.A,D,DKK,EUR,SP00,A,2026-09-03,7.4746,A,F,,,P1D,,A,,,,,,,99Q1=100,,,4,,4F0,,Danish krone/Euro ECB reference exchange rate,"ECB reference exchange rate, Danish krone/Euro, 2.15 pm (C.E.T.)",DKK,0
EXR.D.DKK.EUR.SP00.A,D,DKK,EUR,SP00,A,2026-09-04,7.4747,A,F,,,P1D,,A,,,,,,,99Q1=100,,,4,,4F0,,Danish krone/Euro ECB reference exchange rate,"ECB reference exchange rate, Danish krone/Euro, 2.15 pm (C.E.T.)",DKK,0
EXR.D.DKK.EUR.SP00.A,D,DKK,EUR,SP00,A,2026-09-07,7.4746,A,F,,,P1D,,A,,,,,,,99Q1=100,,,4,,4F0,,Danish krone/Euro ECB reference exchange rate,"ECB reference exchange rate, Danish krone/Euro, 2.15 pm (C.E.T.)",DKK,0
EXR.D.DKK.EUR.SP00.A,D,DKK,EUR,SP00,A,2026-09-08,7.4748,A,F,,,P1D,,A,,,,,,,99Q1=100,,,4,,4F0,,Danish krone/Euro ECB reference exchange rate,"ECB reference exchange rate, Danish krone/Euro, 2.15 pm (C.E.T.)",DKK,0
EXR.D.DKK.EUR.SP00.A,D,DKK,EUR,SP00,A,2026-09-09,7.4748,A,F,,,P1D,,A,,,,,,,99Q1=100,,,4,,4F0,,Danish krone/Euro ECB reference exchange rate,"ECB reference exchange rate, Danish krone/Euro, 2.15 pm (C.E.T.)",DKK,0
EXR.D.DKK.EUR.SP00.A,D,DKK,EUR,SP00,A,2026-09-10,7.4751,A,F,,,P1D,,A,,,,,,,99Q1=100,,,4,,4F0,,Danish krone/Euro ECB reference exchange rate,"ECB reference exchange rate, Danish krone/Euro, 2.15 pm (C.E.T.)",DKK,0
EXR.D.DKK.EUR.SP00.A,D,DKK,EUR,SP00,A,2026-09-11,7.4748,A,F,,,P1D,,A,,,,,,,99Q1=100,,,4,,4F0,,Danish krone/Euro ECB reference exchange rate,"ECB reference exchange rate, Danish krone/Euro, 2.15 pm (C.E.T.)",DKK,0
EXR.D.DKK.EUR.SP00.A,D,DKK,EUR,SP00,A,2026-09-14,7.4753,A,F,,,P1D,,A,,,,,,,99Q1=100,,,4,,4F0,,Danish krone/Euro ECB reference exchange rate,"ECB reference exchange rate, Danish krone/Euro, 2.15 pm (C.E.T.)",DKK,0
EXR.D.DKK.EUR.SP00.A,D,DKK,EUR,SP00,A,2026-09-15,7.4752,A,F,,,P1D,,A,,,,,,,99Q1=100,,,4,,4F0,,Danish krone/Euro ECB reference exchange rate,"ECB reference exchange rate, Danish krone/Euro, 2.15 pm (C.E.T.)",DKK,0
EXR.D.DKK.EUR.SP00.A,D,DKK,EUR,SP00,A,2026-09-16,7.4755,A,F,,,P1D,,A,,,,,,,99Q1=100,,,4,,4F0,,Danish krone/Euro ECB reference exchange rate,"ECB reference exchange rate, Danish krone/Euro, 2.15 pm (C.E.T.)",DKK,0
EXR.D.DKK.EUR.SP00.A,D,DKK,EUR,SP00,A,2026-09-17,7.4753,A,F,,,P1D,,A,,,,,,,99Q1=100,,,4,,4F0,,Danish krone/Euro ECB reference exchange rate,"ECB reference exchange rate, Danish krone/Euro, 2.15 pm (C.E.T.)",DKK,0
EXR.D.DKK.EUR.SP00.A,D,DKK,EUR,SP00,A,2026-09-18,7.4754,A,F,,,P1D,,A,,,,,,,99Q1=100,,,4,,4F0,,Danish krone/Euro ECB reference exchange rate,"ECB reference exchange rate, Danish krone/Euro, 2.15 pm (C.E.T.)",DKK,0
EXR.D.DKK.EUR.SP00.A,D,DKK,EUR,SP00,A,2026-09-21,7.4755,A,F,,,P1D,,A,,,,,,,99Q1=100,,,4,,4F0,,Danish krone/Euro ECB reference exchange rate,"ECB reference exchange rate, Danish krone/Euro, 2.15 pm (C.E.T.)",DKK,0
EXR.D.DKK.EUR.SP00.A,D,DKK,EUR,SP00,A,2026-09-22,7.4756,A,F,,,P1D,,A,,,,,,,99Q1=100,,,4,,4F0,,Danish krone/Euro ECB reference exchange rate,"ECB reference exchange rate, Danish krone/Euro, 2.15 pm (C.E.T.)",DKK,0
EXR.D.DKK.EUR.SP00.A,D,DKK,EUR,SP00,A,2026-09-23,7.4756,A,F,,,P1D,,A,,,,,,,99Q1=100,,,4,,4F0,,Danish krone/Euro ECB reference exchange rate,"ECB reference exchange rate, Danish krone/Euro, 2.15 pm (C.E.T.)",DKK,0
EXR.D.DKK.EUR.SP00.A,D,DKK,EUR,SP00,A,2026-09-24,7.4756,A,F,,,P1D,,A,,,,,,,99Q1=100,,,4,,4F0,,Danish krone/Euro ECB reference exchange rate,"ECB reference exchange rate, Danish krone/Euro, 2.15 pm (C.E.T.)",DKK,0
EXR.D.HUF.EUR.SP00.A,D,HUF,EUR,SP00,A,2025-09-25,390.73,A,F,,,P1D,,A,,,,,,,99Q1=100,,,2,,4F0,,Hungarian forint/Euro ECB reference exchange rate,"ECB reference exchange rate, Hungarian forint/Euro, 2.15 pm (C.E.T.)",HUF,0
EXR.D.HUF.EUR.SP00.A,D,HUF,EUR,SP00,A,2025-09-26,391.6,A,F,,,P1D,,A,,,,,,,99Q1=100,,,2,,4F0,,Hungarian forint/Euro ECB reference exchange rate,"ECB reference exchange rate, Hungarian forint/Euro, 2.15 pm (C.E.T.)",HUF,0
EXR.D.HUF.EUR.SP00.A,D,HUF,EUR,SP00,A,2025-09-29,391.08,A,F,,,P1D,,A,,,,,,,99Q1=100,,,2,,4F0,,Hungarian forint/Euro ECB reference exchange rate,"ECB reference exchange rate, Hungarian forint/Euro, 2.15 pm (C.E.T.)",HUF,0
EXR.D.HUF.EUR.SP00.A,D,HUF,EUR,SP00,A,2025-09-30,390.26,A,F,,,P1D,,A,,,,,,,99Q1=100,,,2,,4F0,,Hungarian forint/Euro ECB reference exchange rate,"ECB reference exchange rate, Hungarian forint/Euro, 2.15 pm (C.E.T.)",HUF,0
EXR.D.HUF.EUR.SP00.A,D,HUF,EUR,SP00,A,2025-10-01,388.7,A,F,,,P1D,,A,,,,,,,99Q1=100,,,2,,4F0,,Hungarian forint/Euro ECB reference exchange rate,"ECB reference exchange rate, Hungarian forint/Euro, 2.15 pm (C.E.T.)",HUF,0
EXR.D.HUF.EUR.SP00.A,D,HUF,EUR,SP00,A,2025-10-02,388.75,A,F,,,P1D,,A,,,,,,,99Q1=100,,,2,,4F0,,Hungarian forint/Euro ECB reference exchange rate,"ECB reference exchange rate, Hungarian forint/Euro, 2.15 pm (C.E.T.)",HUF,0
EXR.D.HUF.EUR.SP00.A,D,HUF,EUR,SP00,A,2025-10-03,388.88,A,F,,,P1D,,A,,,,,,,99Q1=100,,,2,,4F0,,Hungarian forint/Euro ECB reference exchange rate,"ECB reference exchange rate, Hungarian forint/Euro, 2.15 pm (C.E.T.)",HUF,0
EXR.D.HUF.EUR.SP00.A,D,HUF,EUR,SP00,A,2025-10-06,389.13,A,F,,,P1D,,A,,,,,,,99Q1=100,,,2,,4F0,,Hungarian forint/Euro ECB reference exchange rate,"ECB reference exchange rate, Hungarian forint/Euro, 2.15 pm (C.E.T.)",HUF,0
EXR.D.HUF.EUR.SP00.A,D,HUF,EUR,SP00,A,2025-10-07,391.75,A,F,,,P1D,,A,,,,,,,99Q1=100,,,2,,4F0,,Hungarian forint/Euro ECB reference exchange rate,"ECB reference exchange rate, Hungarian forint/Euro, 2.15 pm (C.E.T.)",HUF,0
EXR.D.HUF.EUR.SP00.A,D,HUF,EUR,SP00,A,2025-10-08,392.4,A,F,,,P1D,,A,,,,,,,99Q1=100,,,2,,4F0,,Hungarian forint/Euro ECB reference exchange rate,"ECB reference exchange rate, Hungarian forint/Euro, 2.15 pm (C.E.T.)",HUF,0
EXR.D.HUF.EUR.SP00.A,D,HUF,EUR,SP00,A,2025-10-09,390.98,A,F,,,P1D,,A,,,,,,,99Q1=100,,,2,,4F0,,Hungarian forint/Euro ECB reference exchange rate,"ECB reference exchange rate, Hungarian forint/Euro, 2.15 pm (C.E.T.)",HUF,0
EXR.D.HUF.EUR.SP00.A,D,HUF,EUR,SP00,A,2025-10-10,390.49,A,F,,,P1D,,A,,,,,,,99Q1=100,,,2,,4F0,,Hungarian forint/Euro ECB reference exchange rate,"ECB reference exchange rate, Hungarian forint/Euro, 2.15 pm (C.E.T.)",HUF,0
EXR.D.HUF.EUR.SP00.A,D,HUF,EUR,SP00,A,2025-10-13,392.68,A,F,,,P1D,,A,,,,,,,99Q1=100,,,2,,4F0,,Hungarian forint/Euro ECB reference exchange rate,"ECB reference exchange rate, Hungarian forint/Euro, 2.15 pm (C.E.T.)",HUF,0
EXR.D.HUF.EUR.SP00.A,D,HUF,EUR,SP00,A,2025-10-14,393,A,F,,,P1D,,A,,,,,,,99Q1=100,,,2,,4F0,,Hungarian forint/Euro ECB reference exchange rate,"ECB reference exchange rate, Hungarian forint/Euro, 2.15 pm (C.E.T.)",HUF,0
EXR.D.HUF.EUR.SP00.A,D,HUF,EUR,SP00,A,2025-10-15,390.83,A,F,,,P1D,,A,,,,,,,99Q1=100,,,2,,4F0,,Hungarian forint/Euro ECB reference exchange rate,"ECB reference exchange rate, Hungarian forint/Euro, 2.15 pm (C.E.T.)",HUF,0
EXR.D.HUF.EUR.SP00.A,D,HUF,EUR,SP00,A,2025-10-16,389.78,A,F,,,P1D,,A,,,,,,,99Q1=100,,,2,,4F0,,Hungarian forint/Euro ECB reference exchange rate,"ECB reference exchange rate, Hungarian forint/Euro, 2.15 pm (C.E.T.)",HUF,0
EXR.D.HUF.EUR.SP00.A,D,HUF,EUR,SP00,A,2025-10-17,389.73,A,F,,,P1D,,A,,,,,,,99Q1=100,,,2,,4F0,,Hungarian forint/Euro ECB reference exchange rate,"ECB reference exchange rate, Hungarian forint/Euro, 2.15 pm (C.E.T.)",HUF,0
EXR.D.HUF.EUR.SP00.A,D,HUF,EUR,SP00,A,2025-10-20,389.55,A,F,,,P1D,,A,,,,,,,99Q1=100,,,2,,4F0,,Hungarian forint/Euro ECB reference exchange rate,"ECB reference exchange rate, Hungarian forint/Euro, 2.15 pm (C.E.T.)",HUF,0
EXR.D.HUF.EUR.SP00.A,D,HUF,EUR,SP00,A,2025-10-21,389.63,A,F,,,P1D,,A,,,,,,,99Q1=100,,,2,,4F0,,Hungarian forint/Euro ECB reference exchange rate,"ECB reference exchange rate, Hungarian forint/Euro, 2.15 pm (C.E.T.)",HUF,0
EXR.D.HUF.EUR.SP00.A,D,HUF,EUR,SP00,A,2025-10-22,389.39,A,F,,,P1D,,A,,,,,,,99Q1=100,,,2,,4F0,,Hungarian forint/Euro ECB reference exchange rate,"ECB reference exchange rate, Hungarian forint/Euro, 2.15 pm (C.E.T.)",HUF,0
EXR.D.HUF.EUR.SP00.A,D,HUF,EUR,SP00,A,2025-10-23,389.99,A,F,,,P1D,,A,,,,,,,99Q1=100,,,2,,4F0,,Hungarian forint/Euro ECB reference exchange rate,"ECB reference exchange rate, Hungarian forint/Euro, 2.15 pm (C.E.T.)",HUF,0
EXR.D.HUF.EUR.SP00.A,D,HUF,EUR,SP00,A,2025-10-24,389.55,A,F,,,P1D,,A,,,,,,,99Q1=100,,,2,,4F0,,Hungarian forint/Euro ECB reference exchange rate,"ECB reference exchange rate, Hungarian forint/Euro, 2.15 pm (C.E.T.)",HUF,0
EXR.D.HUF.EUR.SP00.A,D,HUF,EUR,SP00,A,2025-10-27,389.18,A,F,,,P1D,,A,,,,,,,99Q1=100,,,2,,4F0,,Hungarian forint/Euro ECB reference exchange rate,"ECB reference exchange rate, Hungarian forint/Euro, 2.15 pm (C.E.T.)",HUF,0
EXR.D.HUF.EUR.SP00.A,D,HUF,EUR,SP00,A,2025-10-28,388.3,A,F,,,P1D,,A,,,,,,,99Q1=100,,,2,,4F0,,Hungarian forint/Euro ECB reference exchange rate,"ECB reference exchange rate, Hungarian forint/Euro, 2.15 pm (C.E.T.)",HUF,0
EXR.D.HUF.EUR.SP00.A,D,HUF,EUR,SP00,A,2025-10-29,388.23,A,F,,,P1D,,A,,,,,,,99Q1=100,,,2,,4F0,,Hungarian forint/Euro ECB reference exchange rate,"ECB reference exchange rate, Hungarian forint/Euro, 2.15 pm (C.E.T.)",HUF,0
EXR.D.HUF.EUR.SP00.A,D,HUF,EUR,SP00,A,2025-10-30,388.95,A,F,,,P1D,,A,,,,,,,99Q1=100,,,2,,4F0,,Hungarian forint/Euro ECB reference exchange rate,"ECB reference exchange rate, Hungarian forint/Euro, 2.15 pm (C.E.T.)",HUF,0
EXR.D.HUF.EUR.SP00.A,D,HUF,EUR,SP00,A,2025-10-31,388.1,A,F,,,P1D,,A,,,,,,,99Q1=100,,,2,,4F0,,Hungarian forint/Euro ECB reference exchange rate,"ECB reference exchange rate, Hungarian forint/Euro, 2.15 pm (C.E.T.)",HUF,0
EXR.D.HUF.EUR.SP00.A,D,HUF,EUR,SP00,A,2025-11-03,387.35,A,F,,,P1D,,A,,,,,,,99Q1=100,,,2,,4F0,,Hungarian forint/Euro ECB reference exchange rate,"ECB reference exchange rate, Hungarian forint/Euro, 2.15 pm (C.E.T.)",HUF,0
EXR.D.HUF.EUR.SP00.A,D,HUF,EUR,SP00,A,2025-11-04,388.36,A,F,,,P1D,,A,,,,,,,99Q1=100,,,2,,4F0,,Hungarian forint/Euro ECB reference exchange rate,"ECB reference exchange rate, Hungarian forint/Euro, 2.15 pm (C.E.T.)",HUF,0
EXR.D.HUF.EUR.SP00.A,D,HUF,EUR,SP00,A,2025-11-05,387.03,A,F,,,P1D,,A,,,,,,,99Q1=100,,,2,,4F0,,Hungarian forint/Euro ECB reference exchange rate,"ECB reference exchange rate, Hungarian forint/Euro, 2.15 pm (C.E.T.)",HUF,0
EXR.D.HUF.EUR.SP00.A,D,HUF,EUR,SP00,A,2025-11-06,386.3,A,F,,,P1D,,A,,,,,,,99Q1=100,,,2,,4F0,,Hungarian forint/Euro ECB reference exchange rate,"ECB reference exchange rate, Hungarian forint/Euro, 2.15 pm (C.E.T.)",HUF,0
EXR.D.HUF.EUR.SP00.A,D,HUF,EUR,SP00,A,2025-11-07,385.44,A,F,,,P1D,,A,,,,,,,99Q1=100,,,2,,4F0,,Hungarian forint/Euro ECB reference exchange rate,"ECB reference exchange rate, Hungarian forint/Euro, 2.15 pm (C.E.T.)",HUF,0
EXR.D.HUF.EUR.SP00.A,D,HUF,EUR,SP00,A,2025-11-10,383.58,A,F,,,P1D,,A,,,,,,,99Q1=100,,,2,,4F0,,Hungarian forint/Euro ECB reference exchange rate,"ECB reference exchange rate, Hungarian forint/Euro, 2.15 pm (C.E.T.)",HUF,0
EXR.D.HUF.EUR.SP00.A,D,HUF,EUR,SP00,A,2025-11-11,385.66,A,F,,,P1D,,A,,,,,,,99Q1=100,,,2,,4F0,,Hungarian forint/Euro ECB reference exchange rate,"ECB reference exchange rate, Hungarian forint/Euro, 2.15 pm (C.E.T.)",HUF,0
EXR.D.HUF.EUR.SP00.A,D,HUF,EUR,SP00,A,2025-11-12,385.05,A,F,,,P1D,,A,,,,,,,99Q1=100,,,2,,4F0,,Hungarian forint/Euro ECB reference exchange rate,"ECB reference exchange rate, Hungarian forint/Euro, 2.15 pm (C.E.T.)",HUF,0
EXR.D.HUF.EUR.SP00.A,D,HUF,EUR,SP00,A,2025-11-13,384,A,F,,,P1D,,A,,,,,,,99Q1=100,,,2,,4F0,,Hungarian forint/Euro ECB reference exchange rate,"ECB reference exchange rate, Hungarian forint/Euro, 2.15 pm (C.E.T.)",HUF,0
EXR.D.HUF.EUR.SP00.A,D,HUF,EUR,SP00,A,2025-11-14,384.9,A,F,,,P1D,,A,,,,,,,99Q1=100,,,2,,4F0,,Hungarian forint/Euro ECB reference exchange rate,"ECB reference exchange rate, Hungarian forint/Euro, 2.15 pm (C.E.T.)",HUF,0
EXR.D.HUF.EUR.SP00.A,D,HUF,EUR,SP00,A,2025-11-17,383.93,A,F,,,P1D,,A,,,,,,,99Q1=100,,,2,,4F0,,Hungarian forint/Euro ECB reference exchange rate,"ECB reference exchange rate, Hungarian forint/Euro, 2.15 pm (C.E.T.)",HUF,0
EXR.D.HUF.EUR.SP00.A,D,HUF,EUR,SP00,A,2025-11-18,384.96,A,F,,,P1D,,A,,,,,,,99Q1=100,,,2,,4F0,,Hungarian forint/Euro ECB reference exchange rate,"ECB reference exchange rate, Hungarian forint/Euro, 2.15 pm (C.E.T.)",HUF,0
EXR.D.HUF.EUR.SP00.A,D,HUF,EUR,SP00,A,2025-11-19,382.33,A,F,,,P1D,,A,,,,,,,99Q1=100,,,2,,4F0,,Hungarian forint/Euro ECB reference exchange rate,"ECB reference exchange rate, Hungarian forint/Euro, 2.15 pm (C.E.T.)",HUF,0
EXR.D.HUF.EUR.SP00.A,D,HUF,EUR,SP00,A,2025-11-20,382.5,A,F,,,P1D,,A,,,,,,,99Q1=100,,,2,,4F0,,Hungarian forint/Euro ECB reference exchange rate,"ECB reference exchange rate, Hungarian forint/Euro, 2.15 pm (C.E.T.)",HUF,0
EXR.D.HUF.EUR.SP00.A,D,HUF,EUR,SP00,A,2025-11-21,383.43,A,F,,,P1D,,A,,,,,,,99Q1=100,,,2,,4F0,,Hungarian forint/Euro ECB reference exchange rate,"ECB reference exchange rate, Hungarian forint/Euro, 2.15 pm (C.E.T.)",HUF,0
EXR.D.HUF.EUR.SP00.A,D,HUF,EUR,SP00,A,2025-11-24,382.53,A,F,,,P1D,,A,,,,,,,99Q1=100,,,2,,4F0,,Hungarian forint/Euro ECB reference exchange rate,"ECB reference exchange rate, Hungarian forint/Euro, 2.15 pm (C.E.T.)",HUF,0
EXR.D.HUF.EUR.SP00.A,D,HUF,EUR,SP00,A,2025-11-25,381.56,A,F,,,P1D,,A,,,,,,,99Q1=100,,,2,,4F0,,Hungarian forint/Euro ECB reference exchange rate,"ECB reference exchange rate, Hungarian forint/Euro, 2.15 pm (C.E.T.)",HUF,0
EXR.D.HUF.EUR.SP00.A,D,HUF,EUR,SP00,A,2025-11-26,382,A,F,,,P1D,,A,,,,,,,99Q1=100,,,2,,4F0,,Hungarian forint/Euro ECB reference exchange rate,"ECB reference exchange rate, Hungarian forint/Euro, 2.15 pm (C.E.T.)",HUF,0
EXR.D.HUF.EUR.SP00.A,D,HUF,EUR,SP00,A,2025-11-27,381.68,A,F,,,P1D,,A,,,,,,,99Q1=100,,,2,,4F0,,Hungarian forint/Euro ECB reference exchange rate,"ECB reference exchange rate, Hungarian forint/Euro, 2.15 pm (C.E.T.)",HUF,0
EXR.D.HUF.EUR.SP00.A,D,HUF,EUR,SP00,A,2025-11-28,381.43,A,F,,,P1D,,A,,,,,,,99Q1=100,,,2,,4F0,,Hungarian forint/Euro ECB reference exchange rate,"ECB reference exchange rate, Hungarian forint/Euro, 2.15 pm (C.E.T.)",HUF,0
EXR.D.HUF.EUR.SP00.A,D,HUF,EUR,SP00,A,2025-12-01,380.64,A,F,,,P1D,,A,,,,,,,99Q1=100,,,2,,4F0,,Hungarian forint/Euro ECB reference exchange rate,"ECB reference exchange rate, Hungarian forint/Euro, 2.15 pm (C.E.T.)",HUF,0
EXR.D.HUF.EUR.SP00.A,D,HUF,EUR,SP00,A,2025-12-02,380.83,A,F,,,P1D,,A,,,,,,,99Q1=100,,,2,,4F0,,Hungarian forint/Euro ECB reference exchange rate,"ECB reference exchange rate, Hungarian forint/Euro, 2.15 pm (C.E.T.)",HUF,0
EXR.D.HUF.EUR.SP00.A,D,HUF,EUR,SP00,A,2025-12-03,381,A,F,,,P1D,,A,,,,,,,99Q1=100,,,2,,4F0,,Hungarian forint/Euro ECB reference exchange rate,"ECB reference exchange rate, Hungarian forint/Euro, 2.15 pm (C.E.T.)",HUF,0
EXR.D.HUF.EUR.SP00.A,D,HUF,EUR,SP00,A,2025-12-04,382.03,A,F,,,P1D,,A,,,,,,,99Q1=100,,,2,,4F0,,Hungarian forint/Euro ECB reference exchange rate,"ECB reference exchange rate, Hungarian forint/Euro, 2.15 pm (C.E.T.)",HUF,0
EXR.D.HUF.EUR.SP00.A,D,HUF,EUR,SP00,A,2025-12-05,381.78,A,F,,,P1D,,A,,,,,,,99Q1=100,,,2,,4F0,,Hungarian forint/Euro ECB reference exchange rate,"ECB reference exchange rate, Hungarian forint/Euro, 2.15 pm (C.E.T.)",HUF,0
EXR.D.HUF.EUR.SP00.A,D,HUF,EUR,SP00,A,2025-12-08,383.18,A,F,,,P1D,,A,,,,,,,99Q1=100,,,2,,4F0,,Hungarian forint/Euro ECB reference exchange rate,"ECB reference exchange rate, Hungarian forint/Euro, 2.15 pm (C.E.T.)",HUF,0
EXR.D.HUF.EUR.SP00.A,D,HUF,EUR,SP00,A,2025-12-09,383.85,A,F,,,P1D,,A,,,,,,,99Q1=100,,,2,,4F0,,Hungarian forint/Euro ECB reference exchange rate,"ECB reference exchange rate, Hungarian forint/Euro, 2.15 pm (C.E.T.)",HUF,0
EXR.D.HUF.EUR.SP00.A,D,HUF,EUR,SP00,A,2025-12-10,383.8,A,F,,,P1D,,A,,,,,,,99Q1=100,,,2,,4F0,,Hungarian forint/Euro ECB reference exchange rate,"ECB reference exchange rate, Hungarian forint/Euro, 2.15 pm (C.E.T.)",HUF,0
EXR.D.HUF.EUR.SP00.A,D,HUF,EUR,SP00,A,2025-12-11,384.49,A,F,,,P1D,,A,,,,,,,99Q1=100,,,2,,4F0,,Hungarian forint/Euro ECB reference exchange rate,"ECB reference exchange rate, Hungarian forint/Euro, 2.15 pm (C.E.T.)",HUF,0
EXR.D.HUF.EUR.SP00.A,D,HUF,EUR,SP00,A,2025-12-12,384.43,A,F,,,P1D,,A,,,,,,,99Q1=100,,,2,,4F0,,Hungarian forint/Euro ECB reference exchange rate,"ECB reference exchange rate, Hungarian forint/Euro, 2.15 pm (C.E.T.)",HUF,0
EXR.D.HUF.EUR.SP00.A,D,HUF,EUR,SP00,A,2025-12-15,385.15,A,F,,,P1D,,A,,,,,,,99Q1=100,,,2,,4F0,,Hungarian forint/Euro ECB reference exchange rate,"ECB reference exchange rate, Hungarian forint/Euro, 2.15 pm (C.E.T.)",HUF,0
EXR.D.HUF.EUR.SP00.A,D,HUF,EUR,SP00,A,2025-12-16,384.3,A,F,,,P1D,,A,,,,,,,99Q1=100,,,2,,4F0,,Hungarian forint/Euro ECB reference exchange rate,"ECB reference exchange rate, Hungarian forint/Euro, 2.15 pm (C.E.T.)",HUF,0
EXR.D.HUF.EUR.SP00.A,D,HUF,EUR,SP00,A,2025-12-17,387.15,A,F,,,P1D,,A,,,,,,,99Q1=100,,,2,,4F0,,Hungarian forint/Euro ECB reference exchange rate,"ECB reference exchange rate, Hungarian forint/Euro, 2.15 pm (C.E.T.)",HUF,0
EXR.D.HUF.EUR.SP00.A,D,HUF,EUR,SP00,A,2025-12-18,387.9,A,F,,,P1D,,A,,,,,,,99Q1=100,,,2,,4F0,,Hungarian forint/Euro ECB reference exchange rate,"ECB reference exchange rate, Hungarian forint/Euro, 2.15 pm (C.E.T.)",HUF,0
EXR.D.HUF.EUR.SP00.A,D,HUF,EUR,SP00,A,2025-12-19,386.8,A,F,,,P1D,,A,,,,,,,99Q1=100,,,2,,4F0,,Hungarian forint/Euro ECB reference exchange rate,"ECB reference exchange rate, Hungarian forint/Euro, 2.15 pm (C.E.T.)",HUF,0
EXR.D.HUF.EUR.SP00.A,D,HUF,EUR,SP00,A,2025-12-22,387.88,A,F,,,P1D,,A,,,,,,,99Q1=100,,,2,,4F0,,Hungarian forint/Euro ECB reference exchange rate,"ECB reference exchange rate, Hungarian forint/Euro, 2.15 pm (C.E.T.)",HUF,0
EXR.D.HUF.EUR.SP00.A,D,HUF,EUR,SP00,A,2025-12-23,391.03,A,F,,,P1D,,A,,,,,,,99Q1=100,,,2,,4F0,,Hungarian forint/Euro ECB reference exchange rate,"ECB reference exchange rate, Hungarian forint/Euro, 2.15 pm (C.E.T.)",HUF,0
EXR.D.HUF.EUR.SP00.A,D,HUF,EUR,SP00,A,2025-12-24,389.53,A,F,,,P1D,,A,,,,,,,99Q1=100,,,2,,4F0,,Hungarian forint/Euro ECB reference exchange rate,"ECB reference exchange rate, Hungarian forint/Euro, 2.15 pm (C.E.T.)",HUF,0
EXR.D.HUF.EUR.SP00.A,D,HUF,EUR,SP00,A,2025-12-29,387.5,A,F,,,P1D,,A,,,,,,,99Q1=100,,,2,,4F0,,Hungarian forint/Euro ECB reference exchange rate,"ECB reference exchange rate, Hungarian forint/Euro, 2.15 pm (C.E.T.)",HUF,0
EXR.D.HUF.EUR.SP00.A,D,HUF,EUR,SP00,A,2025-12-30,385.95,A,F,,,P1D,,A,,,,,,,99Q1=100,,,2,,4F0,,Hungarian forint/Euro ECB reference exchange rate,"ECB reference exchange rate, Hungarian forint/Euro, 2.15 pm (C.E.T.)",HUF,0
EXR.D.HUF.EUR.SP00.A,D,HUF,EUR,SP00,A,2025-12-31,385.15,A,F,,,P1D,,A,,,,,,,99Q1=100,,,2,,4F0,,Hungarian forint/Euro ECB reference exchange rate,"ECB reference exchange rate, Hungarian forint/Euro, 2.15 pm (C.E.T.)",HUF,0
EXR.D.HUF.EUR.SP00.A,D,HUF,EUR,SP00,A,2026-01-02,383.58,A,F,,,P1D,,A,,,,,,,99Q1=100,,,2,,4F0,,Hungarian forint/Euro ECB reference exchange rate,"ECB reference exchange rate, Hungarian forint/Euro, 2.15 pm (C.E.T.)",HUF,0
EXR.D.HUF.EUR.SP00.A,D,HUF,EUR,SP00,A,2026-01-05,384.55,A,F,,,P1D,,A,,,,,,,99Q1=100,,,2,,4F0,,Hungarian forint/Euro ECB reference exchange rate,"ECB reference exchange rate, Hungarian forint/Euro, 2.15 pm (C.E.T.)",HUF,0
EXR.D.HUF.EUR.SP00.A,D,HUF,EUR,SP00,A,2026-01-06,385.03,A,F,,,P1D,,A,,,,,,,99Q1=100,,,2,,4F0,,Hungarian forint/Euro ECB reference exchange rate,"ECB reference exchange rate, Hungarian forint/Euro, 2.15 pm (C.E.T.)",HUF,0
EXR.D.HUF.EUR.SP00.A,D,HUF,EUR,SP00,A,2026-01-07,384.98,A,F,,,P1D,,A,,,,,,,99Q1=100,,,2,,4F0,,Hungarian forint/Euro ECB reference exchange rate,"ECB reference exchange rate, Hungarian forint/Euro, 2.15 pm (C.E.T.)",HUF,0
EXR.D.HUF.EUR.SP00.A,D,HUF,EUR,SP00,A,2026-01-08,384.75,A,F,,,P1D,,A,,,,,,,99Q1=100,,,2,,4F0,,Hungarian forint/Euro ECB reference exchange rate,"ECB reference exchange rate, Hungarian forint/Euro, 2.15 pm (C.E.T.)",HUF,0
EXR.D.HUF.EUR.SP00.A,D,HUF,EUR,SP00,A,2026-01-09,386.03,A,F,,,P1D,,A,,,,,,,99Q1=100,,,2,,4F0,,Hungarian forint/Euro ECB reference exchange rate,"ECB reference exchange rate, Hungarian forint/Euro, 2.15 pm (C.E.T.)",HUF,0
EXR.D.HUF.EUR.SP00.A,D,HUF,EUR,SP00,A,2026-01-12,386.85,A,F,,,P1D,,A,,,,,,,99Q1=100,,,2,,4F0,,Hungarian forint/Euro ECB reference exchange rate,"ECB reference exchange rate, Hungarian forint/Euro, 2.15 pm (C.E.T.)",HUF,0
EXR.D.HUF.EUR.SP00.A,D,HUF,EUR,SP00,A,2026-01-13,386.75,A,F,,,P1D,,A,,,,,,,99Q1=100,,,2,,4F0,,Hungarian forint/Euro ECB reference exchange rate,"ECB reference exchange rate, Hungarian forint/Euro, 2.15 pm (C.E.T.)",HUF,0
EXR.D.HUF.EUR.SP00.A,D,HUF,EUR,SP00,A,2026-01-14,386.95,A,F,,,P1D,,A,,,,,,,99Q1=100,,,2,,4F0,,Hungarian forint/Euro ECB reference exchange rate,"ECB reference exchange rate, Hungarian forint/Euro, 2.15 pm (C.E.T.)",HUF,0
EXR.D.HUF.EUR.SP00.A,D,HUF,EUR,SP00,A,2026-01-15,385.65,A,F,,,P1D,,A,,,,,,,99Q1=100,,,2,,4F0,,Hungarian forint/Euro ECB reference exchange rate,"ECB reference exchange rate, Hungarian forint/Euro, 2.15 pm (C.E.T.)",HUF,0
EXR.D.HUF.EUR.SP00.A,D,HUF,EUR,SP00,A,2026-01-16,385.33,A,F,,,P1D,,A,,,,,,,99Q1=100,,,2,,4F0,,Hungarian forint/Euro ECB reference exchange rate,"ECB reference exchange rate, Hungarian forint/Euro, 2.15 pm (C.E.T.)",HUF,0
EXR.D.HUF.EUR.SP00.A,D,HUF,EUR,SP00,A,2026-01-19,386.15,A,F,,,P1D,,A,,,,,,,99Q1=100,,,2,,4F0,,Hungarian forint/Euro ECB reference exchange rate,"ECB reference exchange rate, Hungarian forint/Euro, 2.15 pm (C.E.T.)",HUF,0
EXR.D.HUF.EUR.SP00.A,D,HUF,EUR,SP00,A,2026-01-20,385.85,A,F,,,P1D,,A,,,,,,,99Q1=100,,,2,,4F0,,Hungarian forint/Euro ECB reference exchange rate,"ECB reference exchange rate, Hungarian forint/Euro, 2.15 pm (C.E.T.)",HUF,0
EXR.D.HUF.EUR.SP00.A,D,HUF,EUR,SP00,A,2026-01-21,385.65,A,F,,,P1D,,A,,,,,,,99Q1=100,,,2,,4F0,,Hungarian forint/Euro ECB reference exchange rate,"ECB reference exchange rate, Hungarian forint/Euro, 2.15 pm (C.E.T.)",HUF,0
EXR.D.HUF.EUR.SP00.A,D,HUF,EUR,SP00,A,2026-01-22,382.7,A,F,,,P1D,,A,,,,,,,99Q1=100,,,2,,4F0,,Hungarian forint/Euro ECB reference exchange rate,"ECB reference exchange rate, Hungarian forint/Euro, 2.15 pm (C.E.T.)",HUF,0
EXR.D.HUF.EUR.SP00.A,D,HUF,EUR,SP00,A,2026-01-23,382.15,A,F,,,P1D,,A,,,,,,,99Q1=100,,,2,,4F0,,Hungarian forint/Euro ECB reference exchange rate,"ECB reference exchange rate, Hungarian forint/Euro, 2.15 pm (C.E.T.)",HUF,0
EXR.D.HUF.EUR.SP00.A,D,HUF,EUR,SP00,A,2026-01-26,381.85,A,F,,,P1D,,A,,,,,,,99Q1=100,,,2,,4F0,,Hungarian forint/Euro ECB reference exchange rate,"ECB reference exchange rate, Hungarian forint/Euro, 2.15 pm (C.E.T.)",HUF,0
EXR.D.HUF.EUR.SP00.A,D,HUF,EUR,SP00,A,2026-01-27,380.6,A,F,,,P1D,,A,,,,,,,99Q1=100,,,2,,4F0,,Hungarian forint/Euro ECB reference exchange rate,"ECB reference exchange rate, Hungarian forint/Euro, 2.15 pm (C.E.T.)",HUF,0
EXR.D.HUF.EUR.SP00.A,D,HUF,EUR,SP00,A,2026-01-28,380.9,A,F,,,P1D,,A,,,,,,,99Q1=100,,,2,,4F0,,Hungarian forint/Euro ECB reference exchange rate,"ECB reference exchange rate, Hungarian forint/Euro, 2.15 pm (C.E.T.)",HUF,0
EXR.D.HUF.EUR.SP00.A,D,HUF,EUR,SP00,A,2026-01-29,380.73,A,F,,,P1D,,A,,,,,,,99Q1=100,,,2,,4F0,,Hungarian forint/Euro ECB reference exchange rate,"ECB reference exchange rate, Hungarian forint/Euro, 2.15 pm (C.E.T.)",HUF,0
EXR.D.HUF.EUR.SP00.A,D,HUF,EUR,SP00,A,2026-01-30,380.7,A,F,,,P1D,,A,,,,,,,99Q1=100,,,2,,4F0,,Hungarian forint/Euro ECB reference exchange rate,"ECB reference exchange rate, Hungarian forint/Euro, 2.15 pm (C.E.T.)",HUF,0
EXR.D.HUF.EUR.SP00.A,D,HUF,EUR,SP00,A,2026-02-02,381.2,A,F,,,P1D,,A,,,,,,,99Q1=100,,,2,,4F0,,Hungarian forint/Euro ECB reference exchange rate,"ECB reference exchange rate, Hungarian forint/Euro, 2.15 pm (C.E.T.)",HUF,0
EXR.D.HUF.EUR.SP00.A,D,HUF,EUR,SP00,A,2026-02-03,380.4,A,F,,,P1D,,A,,,,,,,99Q1=100,,,2,,4F0,,Hungarian forint/Euro ECB reference exchange rate,"ECB reference exchange rate, Hungarian forint/Euro, 2.15 pm (C.E.T.)",HUF,0
EXR.D.HUF.EUR.SP00.A,D,HUF,EUR,SP00,A,2026-02-04,380.38,A,F,,,P1D,,A,,,,,,,99Q1=100,,,2,,4F0,,Hungarian forint/Euro ECB reference exchange rate,"ECB reference exchange rate, Hungarian forint/Euro, 2.15 pm (C.E.T.)",HUF,0
EXR.D.HUF.EUR.SP00.A,D,HUF,EUR,SP00,A,2026-02-05,379.65,A,F,,,P1D,,A,,,,,,,99Q1=100,,,2,,4F0,,Hungarian forint/Euro ECB reference exchange rate,"ECB reference exchange rate, Hungarian forint/Euro, 2.15 pm (C.E.T.)",HUF,0
EXR.D.HUF.EUR.SP00.A,D,HUF,EUR,SP00,A,2026-02-06,377.95,A,F,,,P1D,,A,,,,,,,99Q1=100,,,2,,4F0,,Hungarian forint/Euro ECB reference exchange rate,"ECB reference exchange rate, Hungarian forint/Euro, 2.15 pm (C.E.T.)",HUF,0
EXR.D.HUF.EUR.SP00.A,D,HUF,EUR,SP00,A,2026-02-09,377.08,A,F,,,P1D,,A,,,,,,,99Q1=100,,,2,,4F0,,Hungarian forint/Euro ECB reference exchange rate,"ECB reference exchange rate, Hungarian forint/Euro, 2.15 pm (C.E.T.)",HUF,0
EXR.D.HUF.EUR.SP00.A,D,HUF,EUR,SP00,A,2026-02-10,377.95,A,F,,,P1D,,A,,,,,,,99Q1=100,,,2,,4F0,,Hungarian forint/Euro ECB reference exchange rate,"ECB reference exchange rate, Hungarian forint/Euro, 2.15 pm (C.E.T.)",HUF,0
EXR.D.HUF.EUR.SP00.A,D,HUF,EUR,SP00,A,2026-02-11,379.03,A,F,,,P1D,,A,,,,,,,99Q1=100,,,2,,4F0,,Hungarian forint/Euro ECB reference exchange rate,"ECB reference exchange rate, Hungarian forint/Euro, 2.15 pm (C.E.T.)",HUF,0
EXR.D.HUF.EUR.SP00.A,D,HUF,EUR,SP00,A,2026-02-12,379.88,A,F,,,P1D,,A,,,,,,,99Q1=100,,,2,,4F0,,Hungarian forint/Euro ECB reference exchange rate,"ECB reference exchange rate, Hungarian forint/Euro, 2.15 pm (C.E.T.)",HUF,0
EXR.D.HUF.EUR.SP00.A,D,HUF,EUR,SP00,A,2026-02-13,379.08,A,F,,,P1D,,A,,,,,,,99Q1=100,,,2,,4F0,,Hungarian forint/Euro ECB reference exchange rate,"ECB reference exchange rate, Hungarian forint/Euro, 2.15 pm (C.E.T.)",HUF,0
EXR.D.HUF.EUR.SP00.A,D,HUF,EUR,SP00,A,2026-02-16,377.13,A,F,,,P1D,,A,,,,,,,99Q1=100,,,2,,4F0,,Hungarian forint/Euro ECB reference exchange rate,"ECB reference exchange rate, Hungarian forint/Euro, 2.15 pm (C.E.T.)",HUF,0
EXR.D.HUF.EUR.SP00.A,D,HUF,EUR,SP00,A,2026-02-17,378.43,A,F,,,P1D,,A,,,,,,,99Q1=100,,,2,,4F0,,Hungarian forint/Euro ECB reference exchange rate,"ECB reference exchange rate, Hungarian forint/Euro, 2.15 pm (C.E.T.)",HUF,0
EXR.D.HUF.EUR.SP00.A,D,HUF,EUR,SP00,A,2026-02-18,378.23,A,F,,,P1D,,A,,,,,,,99Q1=100,,,2,,4F0,,Hungarian forint/Euro ECB reference exchange rate,"ECB reference exchange rate, Hungarian forint/Euro, 2.15 pm (C.E.T.)",HUF,0
EXR.D.HUF.EUR.SP00.A,D,HUF,EUR,SP00,A,2026-02-19,379.73,A,F,,,P1D,,A,,,,,,,99Q1=100,,,2,,4F0,,Hungarian forint/Euro ECB reference exchange rate,"ECB reference exchange rate, Hungarian forint/Euro, 2.15 pm (C.E.T.)",HUF,0
EXR.D.HUF.EUR.SP00.A,D,HUF,EUR,SP00,A,2026-02-20,379.65,A,F,,,P1D,,A,,,,,,,99Q1=100,,,2,,4F0,,Hungarian forint/Euro ECB reference exchange rate,"ECB reference exchange rate, Hungarian forint/Euro, 2.15 pm (C.E.T.)",HUF,0
EXR.D.HUF.EUR.SP00.A,D,HUF,EUR,SP00,A,2026-02-23,379.65,A,F,,,P1D,,A,,,,,,,99Q1=100,,,2,,4F0,,Hungarian forint/Euro ECB reference exchange rate,"ECB reference exchange rate, Hungarian forint/Euro, 2.15 pm (C.E.T.)",HUF,0
EXR.D.HUF.EUR.SP00.A,D,HUF,EUR,SP00,A,2026-02-24,379,A,F,,,P1D,,A,,,,,,,99Q1=100,,,2,,4F0,,Hungarian forint/Euro ECB reference exchange rate,"ECB reference exchange rate, Hungarian forint/Euro, 2.15 pm (C.E.T.)",HUF,0
EXR.D.HUF.EUR.SP00.A,D,HUF,EUR,SP00,A,2026-02-25,375.88,A,F,,,P1D,,A,,,,,,,99Q1=100,,,2,,4F0,,Hungarian forint/Euro ECB reference exchange rate,"ECB reference exchange rate, Hungarian forint/Euro, 2.15 pm (C.E.T.)",HUF,0
EXR.D.HUF.EUR.SP00.A,D,HUF,EUR,SP00,A,2026-02-26,375.2,A,F,,,P1D,,A,,,,,,,99Q1=100,,,2,,4F0,,Hungarian forint/Euro ECB reference exchange rate,"ECB reference exchange rate, Hungarian forint/Euro, 2.15 pm (C.E.T.)",HUF,0
EXR.D.HUF.EUR.SP00.A,D,HUF,EUR,SP00,A,2026-02-27,376.63,A,F,,,P1D,,A,,,,,,,99Q1=100,,,2,,4F0,,Hungarian forint/Euro ECB reference exchange rate,"ECB reference exchange rate, Hungarian forint/Euro, 2.15 pm (C.E.T.)",HUF,0
EXR.D.HUF.EUR.SP00.A,D,HUF,EUR,SP00,A,2026-03-02,381.7,A,F,,,P1D,,A,,,,,,,99Q1=100,,,2,,4F0,,Hungarian forint/Euro ECB reference exchange rate,"ECB reference exchange rate, Hungarian forint/Euro, 2.15 pm (C.E.T.)",HUF,0
EXR.D.HUF.EUR.SP00.A,D,HUF,EUR,SP00,A,2026-03-03,387.89,A,F,,,P1D,,A,,,,,,,99Q1=100,,,2,,4F0,,Hungarian forint/Euro ECB reference exchange rate,"ECB reference exchange rate, Hungarian forint/Euro, 2.15 pm (C.E.T.)",HUF,0
EXR.D.HUF.EUR.SP00.A,D,HUF,EUR,SP00,A,2026-03-04,384.33,A,F,,,P1D,,A,,,,,,,99Q1=100,,,2,,4F0,,Hungarian forint/Euro ECB reference exchange rate,"ECB reference exchange rate, Hungarian forint/Euro, 2.15 pm (C.E.T.)",HUF,0
EXR.D.HUF.EUR.SP00.A,D,HUF,EUR,SP00,A,2026-03-05,387.55,A,F,,,P1D,,A,,,,,,,99Q1=100,,,2,,4F0,,Hungarian forint/Euro ECB reference exchange rate,"ECB reference exchange rate, Hungarian forint/Euro, 2.15 pm (C.E.T.)",HUF,0
EXR.D.HUF.EUR.SP00.A,D,HUF,EUR,SP00,A,2026-03-06,393.4,A,F,,,P1D,,A,,,,,,,99Q1=100,,,2,,4F0,,Hungarian forint/Euro ECB reference exchange rate,"ECB reference exchange rate, Hungarian forint/Euro, 2.15 pm (C.E.T.)",HUF,0
EXR.D.HUF.EUR.SP00.A,D,HUF,EUR,SP00,A,2026-03-09,396.38,A,F,,,P1D,,A,,,,,,,99Q1=100,,,2,,4F0,,Hungarian forint/Euro ECB reference exchange rate,"ECB reference exchange rate, Hungarian forint/Euro, 2.15 pm (C.E.T.)",HUF,0
EXR.D.HUF.EUR.SP00.A,D,HUF,EUR,SP00,A,2026-03-10,385.83,A,F,,,P1D,,A,,,,,,,99Q1=100,,,2,,4F0,,Hungarian forint/Euro ECB reference exchange rate,"ECB reference exchange rate, Hungarian forint/Euro, 2.15 pm (C.E.T.)",HUF,0
EXR.D.HUF.EUR.SP00.A,D,HUF,EUR,SP00,A,2026-03-11,387.83,A,F,,,P1D,,A,,,,,,,99Q1=100,,,2,,4F0,,Hungarian forint/Euro ECB reference exchange rate,"ECB reference exchange rate, Hungarian forint/Euro, 2.15 pm (C.E.T.)",HUF,0
EXR.D.HUF.EUR.SP00.A,D,HUF,EUR,SP00,A,2026-03-12,387.54,A,F,,,P1D,,A,,,,,,,99Q1=100,,,2,,4F0,,Hungarian forint/Euro ECB reference exchange rate,"ECB reference exchange rate, Hungarian forint/Euro, 2.15 pm (C.E.T.)",HUF,0
EXR.D.HUF.EUR.SP00.A,D,HUF,EUR,SP00,A,2026-03-13,391.48,A,F,,,P1D,,A,,,,,,,99Q1=100,,,2,,4F0,,Hungarian forint/Euro ECB reference exchange rate,"ECB reference exchange rate, Hungarian forint/Euro, 2.15 pm (C.E.T.)",HUF,0
EXR.D.HUF.EUR.SP00.A,D,HUF,EUR,SP00,A,2026-03-16,390.23,A,F,,,P1D,,A,,,,,,,99Q1=100,,,2,,4F0,,Hungarian forint/Euro ECB reference exchange rate,"ECB reference exchange rate, Hungarian forint/Euro, 2.15 pm (C.E.T.)",HUF,0
EXR.D.HUF.EUR.SP00.A,D,HUF,EUR,SP00,A,2026-03-17,388.33,A,F,,,P1D,,A,,,,,,,99Q1=100,,,2,,4F0,,Hungarian forint/Euro ECB reference exchange rate,"ECB reference exchange rate, Hungarian forint/Euro, 2.15 pm (C.E.T.)",HUF,0
EXR.D.HUF.EUR.SP00.A,D,HUF,EUR,SP00,A,2026-03-18,392.83,A,F,,,P1D,,A,,,,,,,99Q1=100,,,2,,4F0,,Hungarian forint/Euro ECB reference exchange rate,"ECB reference exchange rate, Hungarian forint/Euro, 2.15 pm (C.E.T.)",HUF,0
EXR.D.HUF.EUR.SP00.A,D,HUF,EUR,SP00,A,2026-03-19,394.3,A,F,,,P1D,,A,,,,,,,99Q1=100,,,2,,4F0,,Hungarian forint/Euro ECB reference exchange rate,"ECB reference exchange rate, Hungarian forint/Euro, 2.15 pm (C.E.T.)",HUF,0
EXR.D.HUF.EUR.SP00.A,D,HUF,EUR,SP00,A,2026-03-20,392.48,A,F,,,P1D,,A,,,,,,,99Q1=100,,,2,,4F0,,Hungarian forint/Euro ECB reference exchange rate,"ECB reference exchange rate, Hungarian forint/Euro, 2.15 pm (C.E.T.)",HUF,0
EXR.D.HUF.EUR.SP00.A,D,HUF,EUR,SP00,A,2026-03-23,388.45,A,F,,,P1D,,A,,,,,,,99Q1=100,,,2,,4F0,,Hungarian forint/Euro ECB reference exchange rate,"ECB reference exchange rate, Hungarian forint/Euro, 2.15 pm (C.E.T.)",HUF,0
EXR.D.HUF.EUR.SP00.A,D,HUF,EUR,SP00,A,2026-03-24,389.88,A,F,,,P1D,,A,,,,,,,99Q1=100,,,2,,4F0,,Hungarian forint/Euro ECB reference exchange rate,"ECB reference exchange rate, Hungarian forint/Euro, 2.15 pm (C.E.T.)",HUF,0
EXR.D.HUF.EUR.SP00.A,D,HUF,EUR,SP00,A,2026-03-25,389.18,A,F,,,P1D,,A,,,,,,,99Q1=100,,,2,,4F0,,Hungarian forint/Euro ECB reference exchange rate,"ECB reference exchange rate, Hungarian forint/Euro, 2.15 pm (C.E.T.)",HUF,0
EXR.D.HUF.EUR.SP00.A,D,HUF,EUR,SP00,A,2026-03-26,388.35,A,F,,,P1D,,A,,,,,,,99Q1=100,,,2,,4F0,,Hungarian forint/Euro ECB reference exchange rate,"ECB reference exchange rate, Hungarian forint/Euro, 2.15 pm (C.E.T.)",HUF,0
EXR.D.HUF.EUR.SP00.A,D,HUF,EUR,SP00,A,2026-03-27,389.73,A,F,,,P1D,,A,,,,,,,99Q1=100,,,2,,4F0,,Hungarian forint/Euro ECB reference exchange rate,"ECB reference exchange rate, Hungarian forint/Euro, 2.15 pm (C.E.T.)",HUF,0
EXR.D.HUF.EUR.SP00.A,D,HUF,EUR,SP00,A,2026-03-30,389.53,A,F,,,P1D,,A,,,,,,,99Q1=100,,,2,,4F0,,Hungarian forint/Euro ECB reference exchange rate,"ECB reference exchange rate, Hungarian forint/Euro, 2.15 pm (C.E.T.)",HUF,0
EXR.D.HUF.EUR.SP00.A,D,HUF,EUR,SP00,A,2026-03-31,384.88,A,F,,,P1D,,A,,,,,,,99Q1=100,,,2,,4F0,,Hungarian forint/Euro ECB reference exchange rate,"ECB reference exchange rate, Hungarian forint/Euro, 2.15 pm (C.E.T.)",HUF,0
EXR.D.HUF.EUR.SP00.A,D,HUF,EUR,SP00,A,2026-04-01,381.9,A,F,,,P1D,,A,,,,,,,99Q1=100,,,2,,4F0,,Hungarian forint/Euro ECB reference exchange rate,"ECB reference exchange rate, Hungarian forint/Euro, 2.15 pm (C.E.T.)",HUF,0
EXR.D.HUF.EUR.SP00.A,D,HUF,EUR,SP00,A,2026-04-02,383.93,A,F,,,P1D,,A,,,,,,,99Q1=100,,,2,,4F0,,Hungarian forint/Euro ECB reference exchange rate,"ECB reference exchange rate, Hungarian forint/Euro, 2.15 pm (C.E.T.)",HUF,0
EXR.D.HUF.EUR.SP00.A,D,HUF,EUR,SP00,A,2026-04-07,382.3,A,F,,,P1D,,A,,,,,,,99Q1=100,,,2,,4F0,,Hungarian forint/Euro ECB reference exchange rate,"ECB reference exchange rate, Hungarian forint/Euro, 2.15 pm (C.E.T.)",HUF,0
EXR.D.HUF.EUR.SP00.A,D,HUF,EUR,SP00,A,2026-04-08,375.63,A,F,,,P1D,,A,,,,,,,99Q1=100,,,2,,4F0,,Hungarian forint/Euro ECB reference exchange rate,"ECB reference exchange rate, Hungarian forint/Euro, 2.15 pm (C.E.T.)",HUF,0
EXR.D.HUF.EUR.SP00.A,D,HUF,EUR,SP00,A,2026-04-09,377.08,A,F,,,P1D,,A,,,,,,,99Q1=100,,,2,,4F0,,Hungarian forint/Euro ECB reference exchange rate,"ECB reference exchange rate, Hungarian forint/Euro, 2.15 pm (C.E.T.)",HUF,0
EXR.D.HUF.EUR.SP00.A,D,HUF,EUR,SP00,A,2026-04-10,377.2,A,F,,,P1D,,A,,,,,,,99Q1=100,,,2,,4F0,,Hungarian forint/Euro ECB reference exchange rate,"ECB reference exchange rate, Hungarian forint/Euro, 2.15 pm (C.E.T.)",HUF,0
EXR.D.HUF.EUR.SP00.A,D,HUF,EUR,SP00,A,2026-04-13,366.9,A,F,,,P1D,,A,,,,,,,99Q1=100,,,2,,4F0,,Hungarian forint/Euro ECB reference exchange rate,"ECB reference exchange rate, Hungarian forint/Euro, 2.15 pm (C.E.T.)",HUF,0
EXR.D.HUF.EUR.SP00.A,D,HUF,EUR,SP00,A,2026-04-14,363.85,A,F,,,P1D,,A,,,,,,,99Q1=100,,,2,,4F0,,Hungarian forint/Euro ECB reference exchange rate,"ECB reference exchange rate, Hungarian forint/Euro, 2.15 pm (C.E.T.)",HUF,0
EXR.D.HUF.EUR.SP00.A,D,HUF,EUR,SP00,A,2026-04-15,364.88,A,F,,,P1D,,A,,,,,,,99Q1=100,,,2,,4F0,,Hungarian forint/Euro ECB reference exchange rate,"ECB reference exchange rate, Hungarian forint/Euro, 2.15 pm (C.E.T.)",HUF,0
EXR.D.HUF.EUR.SP00.A,D,HUF,EUR,SP00,A,2026-04-16,364.55,A,F,,,P1D,,A,,,,,,,99Q1=100,,,2,,4F0,,Hungarian forint/Euro ECB reference exchange rate,"ECB reference exchange rate, Hungarian forint/Euro, 2.15 pm (C.E.T.)",HUF,0
EXR.D.HUF.EUR.SP00.A,D,HUF,EUR,SP00,A,2026-04-17,362.7,A,F,,,P1D,,A,,,,,,,99Q1=100,,,2,,4F0,,Hungarian forint/Euro ECB reference exchange rate,"ECB reference exchange rate, Hungarian forint/Euro, 2.15 pm (C.E.T.)",HUF,0
EXR.D.HUF.EUR.SP00.A,D,HUF,EUR,SP00,A,2026-04-20,362.48,A,F,,,P1D,,A,,,,,,,99Q1=100,,,2,,4F0,,Hungarian forint/Euro ECB reference exchange rate,"ECB reference exchange rate, Hungarian forint/Euro, 2.15 pm (C.E.T.)",HUF,0
EXR.D.HUF.EUR.SP00.A,D,HUF,EUR,SP00,A,2026-04-21,362.15,A,F,,,P1D,,A,,,,,,,99Q1=100,,,2,,4F0,,Hungarian forint/Euro ECB reference exchange rate,"ECB reference exchange rate, Hungarian forint/Euro, 2.15 pm (C.E.T.)",HUF,0
EXR.D.HUF.EUR.SP00.A,D,HUF,EUR,SP00,A,2026-04-22,365.54,A,F,,,P1D,,A,,,,,,,99Q1=100,,,2,,4F0,,Hungarian forint/Euro ECB reference exchange rate,"ECB reference exchange rate, Hungarian forint/Euro, 2.15 pm (C.E.T.)",HUF,0
EXR.D.HUF.EUR.SP00.A,D,HUF,EUR,SP00,A,2026-04-23,364.89,A,F,,,P1D,,A,,,,,,,99Q1=100,,,2,,4F0,,Hungarian forint/Euro ECB reference exchange rate,"ECB reference exchange rate, Hungarian forint/Euro, 2.15 pm (C.E.T.)",HUF,0
EXR.D.HUF.EUR.SP00.A,D,HUF,EUR,SP00,A,2026-04-24,365.5,A,F,,,P1D,,A,,,,,,,99Q1=100,,,2,,4F0,,Hungarian forint/Euro ECB reference exchange rate,"ECB reference exchange rate, Hungarian forint/Euro, 2.15 pm (C.E.T.)",HUF,0
EXR.D.HUF.EUR.SP00.A,D,HUF,EUR,SP00,A,2026-04-27,363.68,A,F,,,P1D,,A,,,,,,,99Q1=100,,,2,,4F0,,Hungarian forint/Euro ECB reference exchange rate,"ECB reference exchange rate, Hungarian forint/Euro, 2.15 pm (C.E.T.)",HUF,0
EXR.D.HUF.EUR.SP00.A,D,HUF,EUR,SP00,A,2026-04-28,365.3,A,F,,,P1D,,A,,,,,,,99Q1=100,,,2,,4F0,,Hungarian forint/Euro ECB reference exchange rate,"ECB reference exchange rate, Hungarian forint/Euro, 2.15 pm (C.E.T.)",HUF,0
EXR.D.HUF.EUR.SP00.A,D,HUF,EUR,SP00,A,2026-04-29,363.88,A,F,,,P1D,,A,,,,,,,99Q1=100,,,2,,4F0,,Hungarian forint/Euro ECB reference exchange rate,"ECB reference exchange rate, Hungarian forint/Euro, 2.15 pm (C.E.T.)",HUF,0
EXR.D.HUF.EUR.SP00.A,D,HUF,EUR,SP00,A,2026-04-30,364.85,A,F,,,P1D,,A,,,,,,,99Q1=100,,,2,,4F0,,Hungarian forint/Euro ECB reference exchange rate,"ECB reference exchange rate, Hungarian forint/Euro, 2.15 pm (C.E.T.)",HUF,0
EXR.D.HUF.EUR.SP00.A,D,HUF,EUR,SP00,A,2026-05-04,363.33,A,F,,,P1D,,A,,,,,,,99Q1=100,,,2,,4F0,,Hungarian forint/Euro ECB reference exchange rate,"ECB reference exchange rate, Hungarian forint/Euro, 2.15 pm (C.E.T.)",HUF,0
EXR.D.HUF.EUR.SP00.A,D,HUF,EUR,SP00,A,2026-05-05,362.83,A,F,,,P1D,,A,,,,,,,99Q1=100,,,2,,4F0,,Hungarian forint/Euro ECB reference exchange rate,"ECB reference exchange rate, Hungarian forint/Euro, 2.15 pm (C.E.T.)",HUF,0
EXR.D.HUF.EUR.SP00.A,D,HUF,EUR,SP00,A,2026-05-06,359.15,A,F,,,P1D,,A,,,,,,,99Q1=100,,,2,,4F0,,Hungarian forint/Euro ECB reference exchange rate,"ECB reference exchange rate, Hungarian forint/Euro, 2.15 pm (C.E.T.)",HUF,0
EXR.D.HUF.EUR.SP00.A,D,HUF,EUR,SP00,A,2026-05-07,355.85,A,F,,,P1D,,A,,,,,,,99Q1=100,,,2,,4F0,,Hungarian forint/Euro ECB reference exchange rate,"ECB reference exchange rate, Hungarian forint/Euro, 2.15 pm (C.E.T.)",HUF,0
EXR.D.HUF.EUR.SP00.A,D,HUF,EUR,SP00,A,2026-05-08,356.15,A,F,,,P1D,,A,,,,,,,99Q1=100,,,2,,4F0,,Hungarian forint/Euro ECB reference exchange rate,"ECB reference exchange rate, Hungarian forint/Euro, 2.15 pm (C.E.T.)",HUF,0
EXR.D.HUF.EUR.SP00.A,D,HUF,EUR,SP00,A,2026-05-11,356.03,A,F,,,P1D,,A,,,,,,,99Q1=100,,,2,,4F0,,Hungarian forint/Euro ECB reference exchange rate,"ECB reference exchange rate, Hungarian forint/Euro, 2.15 pm (C.E.T.)",HUF,0
EXR.D.HUF.EUR.SP00.A,D,HUF,EUR,SP00,A,2026-05-12,357.23,A,F,,,P1D,,A,,,,,,,99Q1=100,,,2,,4F0,,Hungarian forint/Euro ECB reference exchange rate,"ECB reference exchange rate, Hungarian forint/Euro, 2.15 pm (C.E.T.)",HUF,0
EXR.D.HUF.EUR.SP00.A,D,HUF,EUR,SP00,A,2026-05-13,358.7,A,F,,,P1D,,A,,,,,,,99Q1=100,,,2,,4F0,,Hungarian forint/Euro ECB reference exchange rate,"ECB reference exchange rate, Hungarian forint/Euro, 2.15 pm (C.E.T.)",HUF,0
EXR.D.HUF.EUR.SP00.A,D,HUF,EUR,SP00,A,2026-05-14,357.43,A,F,,,P1D,,A,,,,,,,99Q1=100,,,2,,4F0,,Hungarian forint/Euro ECB reference exchange rate,"ECB reference exchange rate, Hungarian forint/Euro, 2.15 pm (C.E.T.)",HUF,0
EXR.D.HUF.EUR.SP00.A,D,HUF,EUR,SP00,A,2026-05-15,359.78,A,F,,,P1D,,A,,,,,,,99Q1=100,,,2,,4F0,,Hungarian forint/Euro ECB reference exchange rate,"ECB reference exchange rate, Hungarian forint/Euro, 2.15 pm (C.E.T.)",HUF,0
EXR.D.HUF.EUR.SP00.A,D,HUF,EUR,SP00,A,2026-05-18,361.08,A,F,,,P1D,,A,,,,,,,99Q1=100,,,2,,4F0,,Hungarian forint/Euro ECB reference exchange rate,"ECB reference exchange rate, Hungarian forint/Euro, 2.15 pm (C.E.T.)",HUF,0
EXR.D.HUF.EUR.SP00.A,D,HUF,EUR,SP00,A,2026-05-19,360.65,A,F,,,P1D,,A,,,,,,,99Q1=100,,,2,,4F0,,Hungarian forint/Euro ECB reference exchange rate,"ECB reference exchange rate, Hungarian forint/Euro, 2.15 pm (C.E.T.)",HUF,0
EXR.D.HUF.EUR.SP00.A,D,HUF,EUR,SP00,A,2026-05-20,361.3,A,F,,,P1D,,A,,,,,,,99Q1=100,,,2,,4F0,,Hungarian forint/Euro ECB reference exchange rate,"ECB reference exchange rate, Hungarian forint/Euro, 2.15 pm (C.E.T.)",HUF,0
EXR.D.HUF.EUR.SP00.A,D,HUF,EUR,SP00,A,2026-05-21,360.53,A,F,,,P1D,,A,,,,,,,99Q1=100,,,2,,4F0,,Hungarian forint/Euro ECB reference exchange rate,"ECB reference exchange rate, Hungarian forint/Euro, 2.15 pm (C.E.T.)",HUF,0
EXR.D.HUF.EUR.SP00.A,D,HUF,EUR,SP00,A,2026-05-22,359.08,A,F,,,P1D,,A,,,,,,,99Q1=100,,,2,,4F0,,Hungarian forint/Euro ECB reference exchange rate,"ECB reference exchange rate, Hungarian forint/Euro, 2.15 pm (C.E.T.)",HUF,0
EXR.D.HUF.EUR.SP00.A,D,HUF,EUR,SP00,A,2026-05-25,356.35,A,F,,,P1D,,A,,,,,,,99Q1=100,,,2,,4F0,,Hungarian forint/Euro ECB reference exchange rate,"ECB reference exchange rate, Hungarian forint/Euro, 2.15 pm (C.E.T.)",HUF,0
EXR.D.HUF.EUR.SP00.A,D,HUF,EUR,SP00,A,2026-05-26,355.35,A,F,,,P1D,,A,,,,,,,99Q1=100,,,2,,4F0,,Hungarian forint/Euro ECB reference exchange rate,"ECB reference exchange rate, Hungarian forint/Euro, 2.15 pm (C.E.T.)",HUF,0
EXR.D.HUF.EUR.SP00.A,D,HUF,EUR,SP00,A,2026-05-27,354.83,A,F,,,P1D,,A,,,,,,,99Q1=100,,,2,,4F0,,Hungarian forint/Euro ECB reference exchange rate,"ECB reference exchange rate, Hungarian forint/Euro, 2.15 pm (C.E.T.)",HUF,0
EXR.D.HUF.EUR.SP00.A,D,HUF,EUR,SP00,A,2026-05-28,355.28,A,F,,,P1D,,A,,,,,,,99Q1=100,,,2,,4F0,,Hungarian forint/Euro ECB reference exchange rate,"ECB reference exchange rate, Hungarian forint/Euro, 2.15 pm (C.E.T.)",HUF,0
EXR.D.HUF.EUR.SP00.A,D,HUF,EUR,SP00,A,2026-05-29,353.69,A,F,,,P1D,,A,,,,,,,99Q1=100,,,2,,4F0,,Hungarian forint/Euro ECB reference exchange rate,"ECB reference exchange rate, Hungarian forint/Euro, 2.15 pm (C.E.T.)",HUF,0
EXR.D.HUF.EUR.SP00.A,D,HUF,EUR,SP00,A,2026-06-01,354.8,A,F,,,P1D,,A,,,,,,,99Q1=100,,,2,,4F0,,Hungarian forint/Euro ECB reference exchange rate,"ECB reference exchange rate, Hungarian forint/Euro, 2.15 pm (C.E.T.)",HUF,0
EXR.D.HUF.EUR.SP00.A,D,HUF,EUR,SP00,A,2026-06-02,354.53,A,F,,,P1D,,A,,,,,,,99Q1=100,,,2,,4F0,,Hungarian forint/Euro ECB reference exchange rate,"ECB reference exchange rate, Hungarian forint/Euro, 2.15 pm (C.E.T.)",HUF,0
EXR.D.HUF.EUR.SP00.A,D,HUF,EUR,SP00,A,2026-06-03,354.85,A,F,,,P1D,,A,,,,,,,99Q1=100,,,2,,4F0,,Hungarian forint/Euro ECB reference exchange rate,"ECB reference exchange rate, Hungarian forint/Euro, 2.15 pm (C.E.T.)",HUF,0
EXR.D.HUF.EUR.SP00.A,D,HUF,EUR,SP00,A,2026-06-04,354.33,A,F,,,P1D,,A,,,,,,,99Q1=100,,,2,,4F0,,Hungarian forint/Euro ECB reference exchange rate,"ECB reference exchange rate, Hungarian forint/Euro, 2.15 pm (C.E.T.)",HUF,0
EXR.D.HUF.EUR.SP00.A,D,HUF,EUR,SP00,A,2026-06-05,354.15,A,F,,,P1D,,A,,,,,,,99Q1=100,,,2,,4F0,,Hungarian forint/Euro ECB reference exchange rate,"ECB reference exchange rate, Hungarian forint/Euro, 2.15 pm (C.E.T.)",HUF,0
EXR.D.HUF.EUR.SP00.A,D,HUF,EUR,SP00,A,2026-06-08,355.55,A,F,,,P1D,,A,,,,,,,99Q1=100,,,2,,4F0,,Hungarian forint/Euro ECB reference exchange rate,"ECB reference exchange rate, Hungarian forint/Euro, 2.15 pm (C.E.T.)",HUF,0
EXR.D.HUF.EUR.SP00.A,D,HUF,EUR,SP00,A,2026-06-09,355.33,A,F,,,P1D,,A,,,,,,,99Q1=100,,,2,,4F0,,Hungarian forint/Euro ECB reference exchange rate,"ECB reference exchange rate, Hungarian forint/Euro, 2.15 pm (C.E.T.)",HUF,0
EXR.D.HUF.EUR.SP00.A,D,HUF,EUR,SP00,A,2026-06-10,356.58,A,F,,,P1D,,A,,,,,,,99Q1=100,,,2,,4F0,,Hungarian forint/Euro ECB reference exchange rate,"ECB reference exchange rate, Hungarian forint/Euro, 2.15 pm (C.E.T.)",HUF,0
EXR.D.HUF.EUR.SP00.A,D,HUF,EUR,SP00,A,2026-06-11,355.1,A,F,,,P1D,,A,,,,,,,99Q1=100,,,2,,4F0,,Hungarian forint/Euro ECB reference exchange rate,"ECB reference exchange rate, Hungarian forint/Euro, 2.15 pm (C.E.T.)",HUF,0
EXR.D.HUF.EUR.SP00.A,D,HUF,EUR,SP00,A,2026-06-12,352.88,A,F,,,P1D,,A,,,,,,,99Q1=100,,,2,,4F0,,Hungarian forint/Euro ECB reference exchange rate,"ECB reference exchange rate, Hungarian forint/Euro, 2.15 pm (C.E.T.)",HUF,0
EXR.D.HUF.EUR.SP00.A,D,HUF,EUR,SP00,A,2026-06-15,350.48,A,F,,,P1D,,A,,,,,,,99Q1=100,,,2,,4F0,,Hungarian forint/Euro ECB reference exchange rate,"ECB reference exchange rate, Hungarian forint/Euro, 2.15 pm (C.E.T.)",HUF,0
EXR.D.HUF.EUR.SP00.A,D,HUF,EUR,SP00,A,2026-06-16,349.53,A,F,,,P1D,,A,,,,,,,99Q1=100,,,2,,4F0,,Hungarian forint/Euro ECB reference exchange rate,"ECB reference exchange rate, Hungarian forint/Euro, 2.15 pm (C.E.T.)",HUF,0
EXR.D.HUF.EUR.SP00.A,D,HUF,EUR,SP00,A,2026-06-17,349.68,A,F,,,P1D,,A,,,,,,,99Q1=100,,,2,,4F0,,Hungarian forint/Euro ECB reference exchange rate,"ECB reference exchange rate, Hungarian forint/Euro, 2.15 pm (C.E.T.)",HUF,0
EXR.D.HUF.EUR.SP00.A,D,HUF,EUR,SP00,A,2026-06-18,352.8,A,F,,,P1D,,A,,,,,,,99Q1=100,,,2,,4F0,,Hungarian forint/Euro ECB reference exchange rate,"ECB reference exchange rate, Hungarian forint/Euro, 2.15 pm (C.E.T.)",HUF,0
EXR.D.HUF.EUR.SP00.A,D,HUF,EUR,SP00,A,2026-06-19,352.68,A,F,,,P1D,,A,,,,,,,99Q1=100,,,2,,4F0,,Hungarian forint/Euro ECB reference exchange rate,"ECB reference exchange rate, Hungarian forint/Euro, 2.15 pm (C.E.T.)",HUF,0
EXR.D.HUF.EUR.SP00.A,D,HUF,EUR,SP00,A,2026-06-22,352.33,A,F,,,P1D,,A,,,,,,,99Q1=100,,,2,,4F0,,Hungarian forint/Euro ECB reference exchange rate,"ECB reference exchange rate, Hungarian forint/Euro, 2.15 pm (C.E.T.)",HUF,0
EXR.D.HUF.EUR.SP00.A,D,HUF,EUR,SP00,A,2026-06-23,354.58,A,F,,,P1D,,A,,,,,,,99Q1=100,,,2,,4F0,,Hungarian forint/Euro ECB reference exchange rate,"ECB reference exchange rate, Hungarian forint/Euro, 2.15 pm (C.E.T.)",HUF,0
EXR.D.HUF.EUR.SP00.A,D,HUF,EUR,SP00,A,2026-06-24,356.18,A,F,,,P1D,,A,,,,,,,99Q1=100,,,2,,4F0,,Hungarian forint/Euro ECB reference exchange rate,"ECB reference exchange rate, Hungarian forint/Euro, 2.15 pm (C.E.T.)",HUF,0
EXR.D.HUF.EUR.SP00.A,D,HUF,EUR,SP00,A,2026-06-25,355.53,A,F,,,P1D,,A,,,,,,,99Q1=100,,,2,,4F0,,Hungarian forint/Euro ECB reference exchange rate,"ECB reference exchange rate, Hungarian forint/Euro, 2.15 pm (C.E.T.)",HUF,0
EXR.D.HUF.EUR.SP00.A,D,HUF,EUR,SP00,A,2026-06-26,354.13,A,F,,,P1D,,A,,,,,,,99Q1=100,,,2,,4F0,,Hungarian forint/Euro ECB reference exchange rate,"ECB reference exchange rate, Hungarian forint/Euro, 2.15 pm (C.E.T.)",HUF,0
EXR.D.HUF.EUR.SP00.A,D,HUF,EUR,SP00,A,2026-06-29,354.33,A,F,,,P1D,,A,,,,,,,99Q1=100,,,2,,4F0,,Hungarian forint/Euro ECB reference exchange rate,"ECB reference exchange rate, Hungarian forint/Euro, 2.15 pm (C.E.T.)",HUF,0
EXR.D.HUF.EUR.SP00.A,D,HUF,EUR,SP00,A,2026-06-30,356.3,A,F,,,P1D,,A,,,,,,,99Q1=100,,,2,,4F0,,Hungarian forint/Euro ECB reference exchange rate,"ECB reference exchange rate, Hungarian forint/Euro, 2.15 pm (C.E.T.)",HUF,0
EXR.D.HUF.EUR.SP00.A,D,HUF,EUR,SP00,A,2026-07-01,355.83,A,F,,,P1D,,A,,,,,,,99Q1=100,,,2,,4F0,,Hungarian forint/Euro ECB reference exchange rate,"ECB reference exchange rate, Hungarian forint/Euro, 2.15 pm (C.E.T.)",HUF,0
EXR.D.HUF.EUR.SP00.A,D,HUF,EUR,SP00,A,2026-07-02,355.98,A,F,,,P1D,,A,,,,,,,99Q1=100,,,2,,4F0,,Hungarian forint/Euro ECB reference exchange rate,"ECB reference exchange rate, Hungarian forint/Euro, 2.15 pm (C.E.T.)",HUF,0
EXR.D.HUF.EUR.SP00.A,D,HUF,EUR,SP00,A,2026-07-03,353.1,A,F,,,P1D,,A,,,,,,,99Q1=100,,,2,,4F0,,Hungarian forint/Euro ECB reference exchange rate,"ECB reference exchange rate, Hungarian forint/Euro, 2.15 pm (C.E.T.)",HUF,0
EXR.D.HUF.EUR.SP00.A,D,HUF,EUR,SP00,A,2026-07-06,353.5,A,F,,,P1D,,A,,,,,,,99Q1=100,,,2,,4F0,,Hungarian forint/Euro ECB reference exchange rate,"ECB reference exchange rate, Hungarian forint/Euro, 2.15 pm (C.E.T.)",HUF,0
EXR.D.HUF.EUR.SP00.A,D,HUF,EUR,SP00,A,2026-07-07,353.9,A,F,,,P1D,,A,,,,,,,99Q1=100,,,2,,4F0,,Hungarian forint/Euro ECB reference exchange rate,"ECB reference exchange rate, Hungarian forint/Euro, 2.15 pm (C.E.T.)",HUF,0
EXR.D.HUF.EUR.SP00.A,D,HUF,EUR,SP00,A,2026-07-08,358,A,F,,,P1D,,A,,,,,,,99Q1=100,,,2,,4F0,,Hungarian forint/Euro ECB reference exchange rate,"ECB reference exchange rate, Hungarian forint/Euro, 2.15 pm (C.E.T.)",HUF,0
EXR.D.HUF.EUR.SP00.A,D,HUF,EUR,SP00,A,2026-07-09,357.8,A,F,,,P1D,,A,,,,,,,99Q1=100,,,2,,4F0,,Hungarian forint/Euro ECB reference exchange rate,"ECB reference exchange rate, Hungarian forint/Euro, 2.15 pm (C.E.T.)",HUF,0
EXR.D.HUF.EUR.SP00.A,D,HUF,EUR,SP00,A,2026-07-10,356.4,A,F,,,P1D,,A,,,,,,,99Q1=100,,,2,,4F0,,Hungarian forint/Euro ECB reference exchange rate,"ECB reference exchange rate, Hungarian forint/Euro, 2.15 pm (C.E.T.)",HUF,0
EXR.D.HUF.EUR.SP00.A,D,HUF,EUR,SP00,A,2026-07-13,356.78,A,F,,,P1D,,A,,,,,,,99Q1=100,,,2,,4F0,,Hungarian forint/Euro ECB reference exchange rate,"ECB reference exchange rate, Hungarian forint/Euro, 2.15 pm (C.E.T.)",HUF,0
EXR.D.HUF.EUR.SP00.A,D,HUF,EUR,SP00,A,2026-07-14,361.33,A,F,,,P1D,,A,,,,,,,99Q1=100,,,2,,4F0,,Hungarian forint/Euro ECB reference exchange rate,"ECB reference exchange rate, Hungarian forint/Euro, 2.15 pm (C.E.T.)",HUF,0
EXR.D.HUF.EUR.SP00.A,D,HUF,EUR,SP00,A,2026-07-15,359.65,A,F,,,P1D,,A,,,,,,,99Q1=100,,,2,,4F0,,Hungarian forint/Euro ECB reference exchange rate,"ECB reference exchange rate, Hungarian forint/Euro, 2.15 pm (C.E.T.)",HUF,0
EXR.D.HUF.EUR.SP00.A,D,HUF,EUR,SP00,A,2026-07-16,361.05,A,F,,,P1D,,A,,,,,,,99Q1=100,,,2,,4F0,,Hungarian forint/Euro ECB reference exchange rate,"ECB reference exchange rate, Hungarian forint/Euro, 2.15 pm (C.E.T.)",HUF,0
EXR.D.HUF.EUR.SP00.A,D,HUF,EUR,SP00,A,2026-07-17,363.53,A,F,,,P1D,,A,,,,,,,99Q1=100,,,2,,4F0,,Hungarian forint/Euro ECB reference exchange rate,"ECB reference exchange rate, Hungarian forint/Euro, 2.15 pm (C.E.T.)",HUF,0
EXR.D.HUF.EUR.SP00.A,D,HUF,EUR,SP00,A,2026-07-20,361.35,A,F,,,P1D,,A,,,,,,,99Q1=100,,,2,,4F0,,Hungarian forint/Euro ECB reference exchange rate,"ECB reference exchange rate, Hungarian forint/Euro, 2.15 pm (C.E.T.)",HUF,0
EXR.D.HUF.EUR.SP00.A,D,HUF,EUR,SP00,A,2026-07-21,360.4,A,F,,,P1D,,A,,,,,,,99Q1=100,,,2,,4F0,,Hungarian forint/Euro ECB reference exchange rate,"ECB reference exchange rate, Hungarian forint/Euro, 2.15 pm (C.E.T.)",HUF,0
EXR.D.HUF.EUR.SP00.A,D,HUF,EUR,SP00,A,2026-07-22,363.9,A,F,,,P1D,,A,,,,,,,99Q1=100,,,2,,4F0,,Hungarian forint/Euro ECB reference exchange rate,"ECB reference exchange rate, Hungarian forint/Euro, 2.15 pm (C.E.T.)",HUF,0
EXR.D.HUF.EUR.SP00.A,D,HUF,EUR,SP00,A,2026-07-23,364.45,A,F,,,P1D,,A,,,,,,,99Q1=100,,,2,,4F0,,Hungarian forint/Euro ECB reference exchange rate,"ECB reference exchange rate, Hungarian forint/Euro, 2.15 pm (C.E.T.)",HUF,0
EXR.D.HUF.EUR.SP00.A,D,HUF,EUR,SP00,A,2026-07-24,361.88,A,F,,,P1D,,A,,,,,,,99Q1=100,,,2,,4F0,,Hungarian forint/Euro ECB reference exchange rate,"ECB reference exchange rate, Hungarian forint/Euro, 2.15 pm (C.E.T.)",HUF,0
EXR.D.HUF.EUR.SP00.A,D,HUF,EUR,SP00,A,2026-07-27,359.78,A,F,,,P1D,,A,,,,,,,99Q1=100,,,2,,4F0,,Hungarian forint/Euro ECB reference exchange rate,"ECB reference exchange rate, Hungarian forint/Euro, 2.15 pm (C.E.T.)",HUF,0
EXR.D.HUF.EUR.SP00.A,D,HUF,EUR,SP00,A,2026-07-28,360.9,A,F,,,P1D,,A,,,,,,,99Q1=100,,,2,,4F0,,Hungarian forint/Euro ECB reference exchange rate,"ECB reference exchange rate, Hungarian forint/Euro, 2.15 pm (C.E.T.)",HUF,0
EXR.D.HUF.EUR.SP00.A,D,HUF,EUR,SP00,A,2026-07-29,362.18,A,F,,,P1D,,A,,,,,,,99Q1=100,,,2,,4F0,,Hungarian forint/Euro ECB reference exchange rate,"ECB reference exchange rate, Hungarian forint/Euro, 2.15 pm (C.E.T.)",HUF,0
EXR.D.HUF.EUR.SP00.A,D,HUF,EUR,SP00,A,2026-07-30,361.83,A,F,,,P1D,,A,,,,,,,99Q1=100,,,2,,4F0,,Hungarian forint/Euro ECB reference exchange rate,"ECB reference exchange rate, Hungarian forint/Euro, 2.15 pm (C.E.T.)",HUF,0
EXR.D.HUF.EUR.SP00.A,D,HUF,EUR,SP00,A,2026-07-31,364.25,A,F,,,P1D,,A,,,,,,,99Q1=100,,,2,,4F0,,Hungarian forint/Euro ECB reference exchange rate,"ECB reference exchange rate, Hungarian forint/Euro, 2.15 pm (C.E.T.)",HUF,0
EXR.D.HUF.EUR.SP00.A,D,HUF,EUR,SP00,A,2026-08-03,363.98,A,F,,,P1D,,A,,,,,,,99Q1=100,,,2,,4F0,,Hungarian forint/Euro ECB reference exchange rate,"ECB reference exchange rate, Hungarian forint/Euro, 2.15 pm (C.E.T.)",HUF,0
EXR.D.HUF.EUR.SP00.A,D,HUF,EUR,SP00,A,2026-08-04,362.3,A,F,,,P1D,,A,,,,,,,99Q1=100,,,2,,4F0,,Hungarian forint/Euro ECB reference exchange rate,"ECB reference exchange rate, Hungarian forint/Euro, 2.15 pm (C.E.T.)",HUF,0
EXR.D.HUF.EUR.SP00.A,D,HUF,EUR,SP00,A,2026-08-05,362.08,A,F,,,P1D,,A,,,,,,,99Q1=100,,,2,,4F0,,Hungarian forint/Euro ECB reference exchange rate,"ECB reference exchange rate, Hungarian forint/Euro, 2.15 pm (C.E.T.)",HUF,0
EXR.D.HUF.EUR.SP00.A,D,HUF,EUR,SP00,A,2026-08-06,363.75,A,F,,,P1D,,A,,,,,,,99Q1=100,,,2,,4F0,,Hungarian forint/Euro ECB reference exchange rate,"ECB reference exchange rate, Hungarian forint/Euro, 2.15 pm (C.E.T.)",HUF,0
EXR.D.HUF.EUR.SP00.A,D,HUF,EUR,SP00,A,2026-08-07,364.5,A,F,,,P1D,,A,,,,,,,99Q1=100,,,2,,4F0,,Hungarian forint/Euro ECB reference exchange rate,"ECB reference exchange rate, Hungarian forint/Euro, 2.15 pm (C.E.T.)",HUF,0
EXR.D.HUF.EUR.SP00.A,D,HUF,EUR,SP00,A,2026-08-10,363.65,A,F,,,P1D,,A,,,,,,,99Q1=100,,,2,,4F0,,Hungarian forint/Euro ECB reference exchange rate,"ECB reference exchange rate, Hungarian forint/Euro, 2.15 pm (C.E.T.)",HUF,0
EXR.D.HUF.EUR.SP00.A,D,HUF,EUR,SP00,A,2026-08-11,364.45,A,F,,,P1D,,A,,,,,,,99Q1=100,,,2,,4F0,,Hungarian forint/Euro ECB reference exchange rate,"ECB reference exchange rate, Hungarian forint/Euro, 2.15 pm (C.E.T.)",HUF,0
EXR.D.HUF.EUR.SP00.A,D,HUF,EUR,SP00,A,2026-08-12,364.1,A,F,,,P1D,,A,,,,,,,99Q1=100,,,2,,4F0,,Hungarian forint/Euro ECB reference exchange rate,"ECB reference exchange rate, Hungarian forint/Euro, 2.15 pm (C.E.T.)",HUF,0
EXR.D.HUF.EUR.SP00.A,D,HUF,EUR,SP00,A,2026-08-13,362.85,A,F,,,P1D,,A,,,,,,,99Q1=100,,,2,,4F0,,Hungarian forint/Euro ECB reference exchange rate,"ECB reference exchange rate, Hungarian forint/Euro, 2.15 pm (C.E.T.)",HUF,0
EXR.D.HUF.EUR.SP00.A,D,HUF,EUR,SP00,A,2026-08-14,362.58,A,F,,,P1D,,A,,,,,,,99Q1=100,,,2,,4F0,,Hungarian forint/Euro ECB reference exchange rate,"ECB reference exchange rate, Hungarian forint/Euro, 2.15 pm (C.E.T.)",HUF,0
EXR.D.HUF.EUR.SP00.A,D,HUF,EUR,SP00,A,2026-08-17,361.93,A,F,,,P1D,,A,,,,,,,99Q1=100,,,2,,4F0,,Hungarian forint/Euro ECB reference exchange rate,"ECB reference exchange rate, Hungarian forint/Euro, 2.15 pm (C.E.T.)",HUF,0
EXR.D.HUF.EUR.SP00.A,D,HUF,EUR,SP00,A,2026-08-18,364.3,A,F,,,P1D,,A,,,,,,,99Q1=100,,,2,,4F0,,Hungarian forint/Euro ECB reference exchange rate,"ECB reference exchange rate, Hungarian forint/Euro, 2.15 pm (C.E.T.)",HUF,0
EXR.D.HUF.EUR.SP00.A,D,HUF,EUR,SP00,A,2026-08-19,364.58,A,F,,,P1D,,A,,,,,,,99Q1=100,,,2,,4F0,,Hungarian forint/Euro ECB reference exchange rate,"ECB reference exchange rate, Hungarian forint/Euro, 2.15 pm (C.E.T.)",HUF,0
EXR.D.HUF.EUR.SP00.A,D,HUF,EUR,SP00,A,2026-08-20,365.1,A,F,,,P1D,,A,,,,,,,99Q1=100,,,2,,4F0,,Hungarian forint/Euro ECB reference exchange rate,"ECB reference exchange rate, Hungarian forint/Euro, 2.15 pm (C.E.T.)",HUF,0
EXR.D.HUF.EUR.SP00.A,D,HUF,EUR,SP00,A,2026-08-21,362.78,A,F,,,P1D,,A,,,,,,,99Q1=100,,,2,,4F0,,Hungarian forint/Euro ECB reference exchange rate,"ECB reference exchange rate, Hungarian forint/Euro, 2.15 pm (C.E.T.)",HUF,0
EXR.D.HUF.EUR.SP00.A,D,HUF,EUR,SP00,A,2026-08-24,362.55,A,F,,,P1D,,A,,,,,,,99Q1=100,,,2,,4F0,,Hungarian forint/Euro ECB reference exchange rate,"ECB reference exchange rate, Hungarian forint/Euro, 2.15 pm (C.E.T.)",HUF,0
EXR.D.HUF.EUR.SP00.A,D,HUF,EUR,SP00,A,2026-08-25,362.28,A,F,,,P1D,,A,,,,,,,99Q1=100,,,2,,4F0,,Hungarian forint/Euro ECB reference exchange rate,"ECB reference exchange rate, Hungarian forint/Euro, 2.15 pm (C.E.T.)",HUF,0
EXR.D.HUF.EUR.SP00.A,D,HUF,EUR,SP00,A,2026-08-26,360.18,A,F,,,P1D,,A,,,,,,,99Q1=100,,,2,,4F0,,Hungarian forint/Euro ECB reference exchange rate,"ECB reference exchange rate, Hungarian forint/Euro, 2.15 pm (C.E.T.)",HUF,0
EXR.D.HUF.EUR.SP00.A,D,HUF,EUR,SP00,A,2026-08-27,363.95,A,F,,,P1D,,A,,,,,,,99Q1=100,,,2,,4F0,,Hungarian forint/Euro ECB reference exchange rate,"ECB reference exchange rate, Hungarian forint/Euro, 2.15 pm (C.E.T.)",HUF,0
EXR.D.HUF.EUR.SP00.A,D,HUF,EUR,SP00,A,2026-08-28,364.79,A,F,,,P1D,,A,,,,,,,99Q1=100,,,2,,4F0,,Hungarian forint/Euro ECB reference exchange rate,"ECB reference exchange rate, Hungarian forint/Euro, 2.15 pm (C.E.T.)",HUF,0
EXR.D.HUF.EUR.SP00.A,D,HUF,EUR,SP00,A,2026-08-31,364.35,A,F,,,P1D,,A,,,,,,,99Q1=100,,,2,,4F0,,Hungarian forint/Euro ECB reference exchange rate,"ECB reference exchange rate, Hungarian forint/Euro, 2.15 pm (C.E.T.)",HUF,0
EXR.D.HUF.EUR.SP00.A,D,HUF,EUR,SP00,A,2026-09-01,366.71,A,F,,,P1D,,A,,,,,,,99Q1=100,,,2,,4F0,,Hungarian forint/Euro ECB reference exchange rate,"ECB reference exchange rate, Hungarian forint/Euro, 2.15 pm (C.E.T.)",HUF,0
EXR.D.HUF.EUR.SP00.A,D,HUF,EUR,SP00,A,2026-09-02,368.2,A,F,,,P1D,,A,,,,,,,99Q1=100,,,2,,4F0,,Hungarian forint/Euro ECB reference exchange rate,"ECB reference exchange rate, Hungarian forint/Euro, 2.15 pm (C.E.T.)",HUF,0
EXR.D.HUF.EUR.SP00.A,D,HUF,EUR,SP00,A,2026-09-03,367.43,A,F,,,P1D,,A,,,,,,,99Q1=100,,,2,,4F0,,Hungarian forint/Euro ECB reference exchange rate,"ECB reference exchange rate, Hungarian forint/Euro, 2.15 pm (C.E.T.)",HUF,0
EXR.D.HUF.EUR.SP00.A,D,HUF,EUR,SP00,A,2026-09-04,363.28,A,F,,,P1D,,A,,,,,,,99Q1=100,,,2,,4F0,,Hungarian forint/Euro ECB reference exchange rate,"ECB reference exchange rate, Hungarian forint/Euro, 2.15 pm (C.E.T.)",HUF,0
EXR.D.HUF.EUR.SP00.A,D,HUF,EUR,SP00,A,2026-09-07,363.2,A,F,,,P1D,,A,,,,,,,99Q1=100,,,2,,4F0,,Hungarian forint/Euro ECB reference exchange rate,"ECB reference exchange rate, Hungarian forint/Euro, 2.15 pm (C.E.T.)",HUF,0
EXR.D.HUF.EUR.SP00.A,D,HUF,EUR,SP00,A,2026-09-08,363.95,A,F,,,P1D,,A,,,,,,,99Q1=100,,,2,,4F0,,Hungarian forint/Euro ECB reference exchange rate,"ECB reference exchange rate, Hungarian forint/Euro, 2.15 pm (C.E.T.)",HUF,0
EXR.D.HUF.EUR.SP00.A,D,HUF,EUR,SP00,A,2026-09-09,363.95,A,F,,,P1D,,A,,,,,,,99Q1=100,,,2,,4F0,,Hungarian forint/Euro ECB reference exchange rate,"ECB reference exchange rate, Hungarian forint/Euro, 2.15 pm (C.E.T.)",HUF,0
EXR.D.HUF.EUR.SP00.A,D,HUF,EUR,SP00,A,2026-09-10,364.75,A,F,,,P1D,,A,,,,,,,99Q1=100,,,2,,4F0,,Hungarian forint/Euro ECB reference exchange rate,"ECB reference exchange rate, Hungarian forint/Euro, 2.15 pm (C.E.T.)",HUF,0
EXR.D.HUF.EUR.SP00.A,D,HUF,EUR,SP00,A,2026-09-11,364.45,A,F,,,P1D,,A,,,,,,,99Q1=100,,,2,,4F0,,Hungarian forint/Euro ECB reference exchange rate,"ECB reference exchange rate, Hungarian forint/Euro, 2.15 pm (C.E.T.)",HUF,0
EXR.D.HUF.EUR.SP00.A,D,HUF,EUR,SP00,A,2026-09-14,365.33,A,F,,,P1D,,A,,,,,,,99Q1=100,,,2,,4F0,,Hungarian forint/Euro ECB reference exchange rate,"ECB reference exchange rate, Hungarian forint/Euro, 2.15 pm (C.E.T.)",HUF,0
EXR.D.HUF.EUR.SP00.A,D,HUF,EUR,SP00,A,2026-09-15,366.03,A,F,,,P1D,,A,,,,,,,99Q1=100,,,2,,4F0,,Hungarian forint/Euro ECB reference exchange rate,"ECB reference exchange rate, Hungarian forint/Euro, 2.15 pm (C.E.T.)",HUF,0
EXR.D.HUF.EUR.SP00.A,D,HUF,EUR,SP00,A,2026-09-16,364.45,A,F,,,P1D,,A,,,,,,,99Q1=100,,,2,,4F0,,Hungarian forint/Euro ECB reference exchange rate,"ECB reference exchange rate, Hungarian forint/Euro, 2.15 pm (C.E.T.)",HUF,0
EXR.D.HUF.EUR.SP00.A,D,HUF,EUR,SP00,A,2026-09-17,362.98,A,F,,,P1D,,A,,,,,,,99Q1=100,,,2,,4F0,,Hungarian forint/Euro ECB reference exchange rate,"ECB reference exchange rate, Hungarian forint/Euro, 2.15 pm (C.E.T.)",HUF,0
EXR.D.HUF.EUR.SP00.A,D,HUF,EUR,SP00,A,2026-09-18,364.28,A,F,,,P1D,,A,,,,,,,99Q1=100,,,2,,4F0,,Hungarian forint/Euro ECB reference exchange rate,"ECB reference exchange rate, Hungarian forint/Euro, 2.15 pm (C.E.T.)",HUF,0
EXR.D.HUF.EUR.SP00.A,D,HUF,EUR,SP00,A,2026-09-21,362.4,A,F,,,P1D,,A,,,,,,,99Q1=100,,,2,,4F0,,Hungarian forint/Euro ECB reference exchange rate,"ECB reference exchange rate, Hungarian forint/Euro, 2.15 pm (C.E.T.)",HUF,0
EXR.D.HUF.EUR.SP00.A,D,HUF,EUR,SP00,A,2026-09-22,361.58,A,F,,,P1D,,A,,,,,,,99Q1=100,,,2,,4F0,,Hungarian forint/Euro ECB reference exchange rate,"ECB reference exchange rate, Hungarian forint/Euro, 2.15 pm (C.E.T.)",HUF,0
EXR.D.HUF.EUR.SP00.A,D,HUF,EUR,SP00,A,2026-09-23,364.29,A,F,,,P1D,,A,,,,,,,99Q1=100,,,2,,4F0,,Hungarian forint/Euro ECB reference exchange rate,"ECB reference exchange rate, Hungarian forint/Euro, 2.15 pm (C.E.T.)",HUF,0
EXR.D.HUF.EUR.SP00.A,D,HUF,EUR,SP00,A,2026-09-24,366.15,A,F,,,P1D,,A,,,,,,,99Q1=100,,,2,,4F0,,Hungarian forint/Euro ECB reference exchange rate,"ECB reference exchange rate, Hungarian forint/Euro, 2.15 pm (C.E.T.)",HUF,0
EXR.D.PLN.EUR.SP00.A,D,PLN,EUR,SP00,A,2025-09-25,4.2638,A,F,,,P1D,,A,,,,,,,99Q1=100,,,4,,4F0,,Polish zloty/Euro ECB reference exchange rate,"ECB reference exchange rate, Polish zloty/Euro, 2.15 pm (C.E.T.)",PLN,0
EXR.D.PLN.EUR.SP00.A,D,PLN,EUR,SP00,A,2025-09-26,4.2705,A,F,,,P1D,,A,,,,,,,99Q1=100,,,4,,4F0,,Polish zloty/Euro ECB reference exchange rate,"ECB reference exchange rate, Polish zloty/Euro, 2.15 pm (C.E.T.)",PLN,0
EXR.D.PLN.EUR.SP00.A,D,PLN,EUR,SP00,A,2025-09-29,4.2695,A,F,,,P1D,,A,,,,,,,99Q1=100,,,4,,4F0,,Polish zloty/Euro ECB reference exchange rate,"ECB reference exchange rate, Polish zloty/Euro, 2.15 pm (C.E.T.)",PLN,0
EXR.D.PLN.EUR.SP00.A,D,PLN,EUR,SP00,A,2025-09-30,4.2698,A,F,,,P1D,,A,,,,,,,99Q1=100,,,4,,4F0,,Polish zloty/Euro ECB reference exchange rate,"ECB reference exchange rate, Polish zloty/Euro, 2.15 pm (C.E.T.)",PLN,0
EXR.D.PLN.EUR.SP00.A,D,PLN,EUR,SP00,A,2025-10-01,4.2583,A,F,,,P1D,,A,,,,,,,99Q1=100,,,4,,4F0,,Polish zloty/Euro ECB reference exchange rate,"ECB reference exchange rate, Polish zloty/Euro, 2.15 pm (C.E.T.)",PLN,0
EXR.D.PLN.EUR.SP00.A,D,PLN,EUR,SP00,A,2025-10-02,4.2565,A,F,,,P1D,,A,,,,,,,99Q1=100,,,4,,4F0,,Polish zloty/Euro ECB reference exchange rate,"ECB reference exchange rate, Polish zloty/Euro, 2.15 pm (C.E.T.)",PLN,0
EXR.D.PLN.EUR.SP00.A,D,PLN,EUR,SP00,A,2025-10-03,4.2555,A,F,,,P1D,,A,,,,,,,99Q1=100,,,4,,4F0,,Polish zloty/Euro ECB reference exchange rate,"ECB reference exchange rate, Polish zloty/Euro, 2.15 pm (C.E.T.)",PLN,0
EXR.D.PLN.EUR.SP00.A,D,PLN,EUR,SP00,A,2025-10-06,4.2528,A,F,,,P1D,,A,,,,,,,99Q1=100,,,4,,4F0,,Polish zloty/Euro ECB reference exchange rate,"ECB reference exchange rate, Polish zloty/Euro, 2.15 pm (C.E.T.)",PLN,0
EXR.D.PLN.EUR.SP00.A,D,PLN,EUR,SP00,A,2025-10-07,4.2535,A,F,,,P1D,,A,,,,,,,99Q1=100,,,4,,4F0,,Polish zloty/Euro ECB reference exchange rate,"ECB reference exchange rate, Polish zloty/Euro, 2.15 pm (C.E.T.)",PLN,0
EXR.D.PLN.EUR.SP00.A,D,PLN,EUR,SP00,A,2025-10-08,4.2508,A,F,,,P1D,,A,,,,,,,99Q1=100,,,4,,4F0,,Polish zloty/Euro ECB reference exchange rate,"ECB reference exchange rate, Polish zloty/Euro, 2.15 pm (C.E.T.)",PLN,0
EXR.D.PLN.EUR.SP00.A,D,PLN,EUR,SP00,A,2025-10-09,4.2548,A,F,,,P1D,,A,,,,,,,99Q1=100,,,4,,4F0,,Polish zloty/Euro ECB reference exchange rate,"ECB reference exchange rate, Polish zloty/Euro, 2.15 pm (C.E.T.)",PLN,0
EXR.D.PLN.EUR.SP00.A,D,PLN,EUR,SP00,A,2025-10-10,4.2576,A,F,,,P1D,,A,,,,,,,99Q1=100,,,4,,4F0,,Polish zloty/Euro ECB reference exchange rate,"ECB reference exchange rate, Polish zloty/Euro, 2.15 pm (C.E.T.)",PLN,0
EXR.D.PLN.EUR.SP00.A,D,PLN,EUR,SP00,A,2025-10-13,4.2615,A,F,,,P1D,,A,,,,,,,99Q1=100,,,4,,4F0,,Polish zloty/Euro ECB reference exchange rate,"ECB reference exchange rate, Polish zloty/Euro, 2.15 pm (C.E.T.)",PLN,0
EXR.D.PLN.EUR.SP00.A,D,PLN,EUR,SP00,A,2025-10-14,4.2625,A,F,,,P1D,,A,,,,,,,99Q1=100,,,4,,4F0,,Polish zloty/Euro ECB reference exchange rate,"ECB reference exchange rate, Polish zloty/Euro, 2.15 pm (C.E.T.)",PLN,0
EXR.D.PLN.EUR.SP00.A,D,PLN,EUR,SP00,A,2025-10-15,4.256,A,F,,,P1D,,A,,,,,,,99Q1=100,,,4,,4F0,,Polish zloty/Euro ECB reference exchange rate,"ECB reference exchange rate, Polish zloty/Euro, 2.15 pm (C.E.T.)",PLN,0
EXR.D.PLN.EUR.SP00.A,D,PLN,EUR,SP00,A,2025-10-16,4.2513,A,F,,,P1D,,A,,,,,,,99Q1=100,,,4,,4F0,,Polish zloty/Euro ECB reference exchange rate,"ECB reference exchange rate, Polish zloty/Euro, 2.15 pm (C.E.T.)",PLN,0
EXR.D.PLN.EUR.SP00.A,D,PLN,EUR,SP00,A,2025-10-17,4.245,A,F,,,P1D,,A,,,,,,,99Q1=100,,,4,,4F0,,Polish zloty/Euro ECB reference exchange rate,"ECB reference exchange rate, Polish zloty/Euro, 2.15 pm (C.E.T.)",PLN,0
EXR.D.PLN.EUR.SP00.A,D,PLN,EUR,SP00,A,2025-10-20,4.2468,A,F,,,P1D,,A,,,,,,,99Q1=100,,,4,,4F0,,Polish zloty/Euro ECB reference exchange rate,"ECB reference exchange rate, Polish zloty/Euro, 2.15 pm (C.E.T.)",PLN,0
EXR.D.PLN.EUR.SP00.A,D,PLN,EUR,SP00,A,2025-10-21,4.2393,A,F,,,P1D,,A,,,,,,,99Q1=100,,,4,,4F0,,Polish zloty/Euro ECB reference exchange rate,"ECB reference exchange rate, Polish zloty/Euro, 2.15 pm (C.E.T.)",PLN,0
EXR.D.PLN.EUR.SP00.A,D,PLN,EUR,SP00,A,2025-10-22,4.2312,A,F,,,P1D,,A,,,,,,,99Q1=100,,,4,,4F0,,Polish zloty/Euro ECB reference exchange rate,"ECB reference exchange rate, Polish zloty/Euro, 2.15 pm (C.E.T.)",PLN,0
EXR.D.PLN.EUR.SP00.A,D,PLN,EUR,SP00,A,2025-10-23,4.2327,A,F,,,P1D,,A,,,,,,,99Q1=100,,,4,,4F0,,Polish zloty/Euro ECB reference exchange rate,"ECB reference exchange rate, Polish zloty/Euro, 2.15 pm (C.E.T.)",PLN,0
EXR.D.PLN.EUR.SP00.A,D,PLN,EUR,SP00,A,2025-10-24,4.2408,A,F,,,P1D,,A,,,,,,,99Q1=100,,,4,,4F0,,Polish zloty/Euro ECB reference exchange rate,"ECB reference exchange rate, Polish zloty/Euro, 2.15 pm (C.E.T.)",PLN,0
EXR.D.PLN.EUR.SP00.A,D,PLN,EUR,SP00,A,2025-10-27,4.235,A,F,,,P1D,,A,,,,,,,99Q1=100,,,4,,4F0,,Polish zloty/Euro ECB reference exchange rate,"ECB reference exchange rate, Polish zloty/Euro, 2.15 pm (C.E.T.)",PLN,0
EXR.D.PLN.EUR.SP00.A,D,PLN,EUR,SP00,A,2025-10-28,4.2375,A,F,,,P1D,,A,,,,,,,99Q1=100,,,4,,4F0,,Polish zloty/Euro ECB reference exchange rate,"ECB reference exchange rate, Polish zloty/Euro, 2.15 pm (C.E.T.)",PLN,0
EXR.D.PLN.EUR.SP00.A,D,PLN,EUR,SP00,A,2025-10-29,4.2418,A,F,,,P1D,,A,,,,,,,99Q1=100,,,4,,4F0,,Polish zloty/Euro ECB reference exchange rate,"ECB reference exchange rate, Polish zloty/Euro, 2.15 pm (C.E.T.)",PLN,0
EXR.D.PLN.EUR.SP00.A,D,PLN,EUR,SP00,A,2025-10-30,4.245,A,F,,,P1D,,A,,,,,,,99Q1=100,,,4,,4F0,,Polish zloty/Euro ECB reference exchange rate,"ECB reference exchange rate, Polish zloty/Euro, 2.15 pm (C.E.T.)",PLN,0
EXR.D.PLN.EUR.SP00.A,D,PLN,EUR,SP00,A,2025-10-31,4.256,A,F,,,P1D,,A,,,,,,,99Q1=100,,,4,,4F0,,Polish zloty/Euro ECB reference exchange rate,"ECB reference exchange rate, Polish zloty/Euro, 2.15 pm (C.E.T.)",PLN,0
EXR.D.PLN.EUR.SP00.A,D,PLN,EUR,SP00,A,2025-11-03,4.254,A,F,,,P1D,,A,,,,,,,99Q1=100,,,4,,4F0,,Polish zloty/Euro ECB reference exchange rate,"ECB reference exchange rate, Polish zloty/Euro, 2.15 pm (C.E.T.)",PLN,0
EXR.D.PLN.EUR.SP00.A,D,PLN,EUR,SP00,A,2025-11-04,4.257,A,F,,,P1D,,A,,,,,,,99Q1=100,,,4,,4F0,,Polish zloty/Euro ECB reference exchange rate,"ECB reference exchange rate, Polish zloty/Euro, 2.15 pm (C.E.T.)",PLN,0
EXR.D.PLN.EUR.SP00.A,D,PLN,EUR,SP00,A,2025-11-05,4.2583,A,F,,,P1D,,A,,,,,,,99Q1=100,,,4,,4F0,,Polish zloty/Euro ECB reference exchange rate,"ECB reference exchange rate, Polish zloty/Euro, 2.15 pm (C.E.T.)",PLN,0
EXR.D.PLN.EUR.SP00.A,D,PLN,EUR,SP00,A,2025-11-06,4.2528,A,F,,,P1D,,A,,,,,,,99Q1=100,,,4,,4F0,,Polish zloty/Euro ECB reference exchange rate,"ECB reference exchange rate, Polish zloty/Euro, 2.15 pm (C.E.T.)",PLN,0
EXR.D.PLN.EUR.SP00.A,D,PLN,EUR,SP00,A,2025-11-07,4.248,A,F,,,P1D,,A,,,,,,,99Q1=100,,,4,,4F0,,Polish zloty/Euro ECB reference exchange rate,"ECB reference exchange rate, Polish zloty/Euro, 2.15 pm (C.E.T.)",PLN,0
EXR.D.PLN.EUR.SP00.A,D,PLN,EUR,SP00,A,2025-11-10,4.234,A,F,,,P1D,,A,,,,,,,99Q1=100,,,4,,4F0,,Polish zloty/Euro ECB reference exchange rate,"ECB reference exchange rate, Polish zloty/Euro, 2.15 pm (C.E.T.)",PLN,0
EXR.D.PLN.EUR.SP00.A,D,PLN,EUR,SP00,A,2025-11-11,4.23,A,F,,,P1D,,A,,,,,,,99Q1=100,,,4,,4F0,,Polish zloty/Euro ECB reference exchange rate,"ECB reference exchange rate, Polish zloty/Euro, 2.15 pm (C.E.T.)",PLN,0
EXR.D.PLN.EUR.SP00.A,D,PLN,EUR,SP00,A,2025-11-12,4.228,A,F,,,P1D,,A,,,,,,,99Q1=100,,,4,,4F0,,Polish zloty/Euro ECB reference exchange rate,"ECB reference exchange rate, Polish zloty/Euro, 2.15 pm (C.E.T.)",PLN,0
EXR.D.PLN.EUR.SP00.A,D,PLN,EUR,SP00,A,2025-11-13,4.228,A,F,,,P1D,,A,,,,,,,99Q1=100,,,4,,4F0,,Polish zloty/Euro ECB reference exchange rate,"ECB reference exchange rate, Polish zloty/Euro, 2.15 pm (C.E.T.)",PLN,0
EXR.D.PLN.EUR.SP00.A,D,PLN,EUR,SP00,A,2025-11-14,4.2328,A,F,,,P1D,,A,,,,,,,99Q1=100,,,4,,4F0,,Polish zloty/Euro ECB reference exchange rate,"ECB reference exchange rate, Polish zloty/Euro, 2.15 pm (C.E.T.)",PLN,0
EXR.D.PLN.EUR.SP00.A,D,PLN,EUR,SP00,A,2025-11-17,4.2228,A,F,,,P1D,,A,,,,,,,99Q1=100,,,4,,4F0,,Polish zloty/Euro ECB reference exchange rate,"ECB reference exchange rate, Polish zloty/Euro, 2.15 pm (C.E.T.)",PLN,0
EXR.D.PLN.EUR.SP00.A,D,PLN,EUR,SP00,A,2025-11-18,4.244,A,F,,,P1D,,A,,,,,,,99Q1=100,,,4,,4F0,,Polish zloty/Euro ECB reference exchange rate,"ECB reference exchange rate, Polish zloty/Euro, 2.15 pm (C.E.T.)",PLN,0
EXR.D.PLN.EUR.SP00.A,D,PLN,EUR,SP00,A,2025-11-19,4.2283,A,F,,,P1D,,A,,,,,,,99Q1=100,,,4,,4F0,,Polish zloty/Euro ECB reference exchange rate,"ECB reference exchange rate, Polish zloty/Euro, 2.15 pm (C.E.T.)",PLN,0
EXR.D.PLN.EUR.SP00.A,D,PLN,EUR,SP00,A,2025-11-20,4.232,A,F,,,P1D,,A,,,,,,,99Q1=100,,,4,,4F0,,Polish zloty/Euro ECB reference exchange rate,"ECB reference exchange rate, Polish zloty/Euro, 2.15 pm (C.E.T.)",PLN,0
EXR.D.PLN.EUR.SP00.A,D,PLN,EUR,SP00,A,2025-11-21,4.2448,A,F,,,P1D,,A,,,,,,,99Q1=100,,,4,,4F0,,Polish zloty/Euro ECB reference exchange rate,"ECB reference exchange rate, Polish zloty/Euro, 2.15 pm (C.E.T.)",PLN,0
EXR.D.PLN.EUR.SP00.A,D,PLN,EUR,SP00,A,2025-11-24,4.2303,A,F,,,P1D,,A,,,,,,,99Q1=100,,,4,,4F0,,Polish zloty/Euro ECB reference exchange rate,"ECB reference exchange rate, Polish zloty/Euro, 2.15 pm (C.E.T.)",PLN,0
EXR.D.PLN.EUR.SP00.A,D,PLN,EUR,SP00,A,2025-11-25,4.2228,A,F,,,P1D,,A,,,,,,,99Q1=100,,,4,,4F0,,Polish zloty/Euro ECB reference exchange rate,"ECB reference exchange rate, Polish zloty/Euro, 2.15 pm (C.E.T.)",PLN,0
EXR.D.PLN.EUR.SP00.A,D,PLN,EUR,SP00,A,2025-11-26,4.2313,A,F,,,P1D,,A,,,,,,,99Q1=100,,,4,,4F0,,Polish zloty/Euro ECB reference exchange rate,"ECB reference exchange rate, Polish zloty/Euro, 2.15 pm (C.E.T.)",PLN,0
EXR.D.PLN.EUR.SP00.A,D,PLN,EUR,SP00,A,2025-11-27,4.2345,A,F,,,P1D,,A,,,,,,,99Q1=100,,,4,,4F0,,Polish zloty/Euro ECB reference exchange rate,"ECB reference exchange rate, Polish zloty/Euro, 2.15 pm (C.E.T.)",PLN,0
EXR.D.PLN.EUR.SP00.A,D,PLN,EUR,SP00,A,2025-11-28,4.239,A,F,,,P1D,,A,,,,,,,99Q1=100,,,4,,4F0,,Polish zloty/Euro ECB reference exchange rate,"ECB reference exchange rate, Polish zloty/Euro, 2.15 pm (C.E.T.)",PLN,0
EXR.D.PLN.EUR.SP00.A,D,PLN,EUR,SP00,A,2025-12-01,4.2283,A,F,,,P1D,,A,,,,,,,99Q1=100,,,4,,4F0,,Polish zloty/Euro ECB reference exchange rate,"ECB reference exchange rate, Polish zloty/Euro, 2.15 pm (C.E.T.)",PLN,0
EXR.D.PLN.EUR.SP00.A,D,PLN,EUR,SP00,A,2025-12-02,4.238,A,F,,,P1D,,A,,,,,,,99Q1=100,,,4,,4F0,,Polish zloty/Euro ECB reference exchange rate,"ECB reference exchange rate, Polish zloty/Euro, 2.15 pm (C.E.T.)",PLN,0
EXR.D.PLN.EUR.SP00.A,D,PLN,EUR,SP00,A,2025-12-03,4.2318,A,F,,,P1D,,A,,,,,,,99Q1=100,,,4,,4F0,,Polish zloty/Euro ECB reference exchange rate,"ECB reference exchange rate, Polish zloty/Euro, 2.15 pm (C.E.T.)",PLN,0
EXR.D.PLN.EUR.SP00.A,D,PLN,EUR,SP00,A,2025-12-04,4.2313,A,F,,,P1D,,A,,,,,,,99Q1=100,,,4,,4F0,,Polish zloty/Euro ECB reference exchange rate,"ECB reference exchange rate, Polish zloty/Euro, 2.15 pm (C.E.T.)",PLN,0
EXR.D.PLN.EUR.SP00.A,D,PLN,EUR,SP00,A,2025-12-05,4.2323,A,F,,,P1D,,A,,,,,,,99Q1=100,,,4,,4F0,,Polish zloty/Euro ECB reference exchange rate,"ECB reference exchange rate, Polish zloty/Euro, 2.15 pm (C.E.T.)",PLN,0
EXR.D.PLN.EUR.SP00.A,D,PLN,EUR,SP00,A,2025-12-08,4.2305,A,F,,,P1D,,A,,,,,,,99Q1=100,,,4,,4F0,,Polish zloty/Euro ECB reference exchange rate,"ECB reference exchange rate, Polish zloty/Euro, 2.15 pm (C.E.T.)",PLN,0
EXR.D.PLN.EUR.SP00.A,D,PLN,EUR,SP00,A,2025-12-09,4.2303,A,F,,,P1D,,A,,,,,,,99Q1=100,,,4,,4F0,,Polish zloty/Euro ECB reference exchange rate,"ECB reference exchange rate, Polish zloty/Euro, 2.15 pm (C.E.T.)",PLN,0
EXR.D.PLN.EUR.SP00.A,D,PLN,EUR,SP00,A,2025-12-10,4.2248,A,F,,,P1D,,A,,,,,,,99Q1=100,,,4,,4F0,,Polish zloty/Euro ECB reference exchange rate,"ECB reference exchange rate, Polish zloty/Euro, 2.15 pm (C.E.T.)",PLN,0
EXR.D.PLN.EUR.SP00.A,D,PLN,EUR,SP00,A,2025-12-11,4.227,A,F,,,P1D,,A,,,,,,,99Q1=100,,,4,,4F0,,Polish zloty/Euro ECB reference exchange rate,"ECB reference exchange rate, Polish zloty/Euro, 2.15 pm (C.E.T.)",PLN,0
EXR.D.PLN.EUR.SP00.A,D,PLN,EUR,SP00,A,2025-12-12,4.2225,A,F,,,P1D,,A,,,,,,,99Q1=100,,,4,,4F0,,Polish zloty/Euro ECB reference exchange rate,"ECB reference exchange rate, Polish zloty/Euro, 2.15 pm (C.E.T.)",PLN,0
EXR.D.PLN.EUR.SP00.A,D,PLN,EUR,SP00,A,2025-12-15,4.2215,A,F,,,P1D,,A,,,,,,,99Q1=100,,,4,,4F0,,Polish zloty/Euro ECB reference exchange rate,"ECB reference exchange rate, Polish zloty/Euro, 2.15 pm (C.E.T.)",PLN,0
EXR.D.PLN.EUR.SP00.A,D,PLN,EUR,SP00,A,2025-12-16,4.2208,A,F,,,P1D,,A,,,,,,,99Q1=100,,,4,,4F0,,Polish zloty/Euro ECB reference exchange rate,"ECB reference exchange rate, Polish zloty/Euro, 2.15 pm (C.E.T.)",PLN,0
EXR.D.PLN.EUR.SP00.A,D,PLN,EUR,SP00,A,2025-12-17,4.21,A,F,,,P1D,,A,,,,,,,99Q1=100,,,4,,4F0,,Polish zloty/Euro ECB reference exchange rate,"ECB reference exchange rate, Polish zloty/Euro, 2.15 pm (C.E.T.)",PLN,0
EXR.D.PLN.EUR.SP00.A,D,PLN,EUR,SP00,A,2025-12-18,4.2053,A,F,,,P1D,,A,,,,,,,99Q1=100,,,4,,4F0,,Polish zloty/Euro ECB reference exchange rate,"ECB reference exchange rate, Polish zloty/Euro, 2.15 pm (C.E.T.)",PLN,0
EXR.D.PLN.EUR.SP00.A,D,PLN,EUR,SP00,A,2025-12-19,4.2105,A,F,,,P1D,,A,,,,,,,99Q1=100,,,4,,4F0,,Polish zloty/Euro ECB reference exchange rate,"ECB reference exchange rate, Polish zloty/Euro, 2.15 pm (C.E.T.)",PLN,0
EXR.D.PLN.EUR.SP00.A,D,PLN,EUR,SP00,A,2025-12-22,4.2138,A,F,,,P1D,,A,,,,,,,99Q1=100,,,4,,4F0,,Polish zloty/Euro ECB reference exchange rate,"ECB reference exchange rate, Polish zloty/Euro, 2.15 pm (C.E.T.)",PLN,0
EXR.D.PLN.EUR.SP00.A,D,PLN,EUR,SP00,A,2025-12-23,4.232,A,F,,,P1D,,A,,,,,,,99Q1=100,,,4,,4F0,,Polish zloty/Euro ECB reference exchange rate,"ECB reference exchange rate, Polish zloty/Euro, 2.15 pm (C.E.T.)",PLN,0
EXR.D.PLN.EUR.SP00.A,D,PLN,EUR,SP00,A,2025-12-24,4.2135,A,F,,,P1D,,A,,,,,,,99Q1=100,,,4,,4F0,,Polish zloty/Euro ECB reference exchange rate,"ECB reference exchange rate, Polish zloty/Euro, 2.15 pm (C.E.T.)",PLN,0
EXR.D.PLN.EUR.SP00.A,D,PLN,EUR,SP00,A,2025-12-29,4.2295,A,F,,,P1D,,A,,,,,,,99Q1=100,,,4,,4F0,,Polish zloty/Euro ECB reference exchange rate,"ECB reference exchange rate, Polish zloty/Euro, 2.15 pm (C.E.T.)",PLN,0
EXR.D.PLN.EUR.SP00.A,D,PLN,EUR,SP00,A,2025-12-30,4.2263,A,F,,,P1D,,A,,,,,,,99Q1=100,,,4,,4F0,,Polish zloty/Euro ECB reference exchange rate,"ECB reference exchange rate, Polish zloty/Euro, 2.15 pm (C.E.T.)",PLN,0
EXR.D.PLN.EUR.SP00.A,D,PLN,EUR,SP00,A,2025-12-31,4.221,A,F,,,P1D,,A,,,,,,,99Q1=100,,,4,,4F0,,Polish zloty/Euro ECB reference exchange rate,"ECB reference exchange rate, Polish zloty/Euro, 2.15 pm (C.E.T.)",PLN,0
EXR.D.PLN.EUR.SP00.A,D,PLN,EUR,SP00,A,2026-01-02,4.2123,A,F,,,P1D,,A,,,,,,,99Q1=100,,,4,,4F0,,Polish zloty/Euro ECB reference exchange rate,"ECB reference exchange rate, Polish zloty/Euro, 2.15 pm (C.E.T.)",PLN,0
EXR.D.PLN.EUR.SP00.A,D,PLN,EUR,SP00,A,2026-01-05,4.2178,A,F,,,P1D,,A,,,,,,,99Q1=100,,,4,,4F0,,Polish zloty/Euro ECB reference exchange rate,"ECB reference exchange rate, Polish zloty/Euro, 2.15 pm (C.E.T.)",PLN,0
EXR.D.PLN.EUR.SP00.A,D,PLN,EUR,SP00,A,2026-01-06,4.2105,A,F,,,P1D,,A,,,,,,,99Q1=100,,,4,,4F0,,Polish zloty/Euro ECB reference exchange rate,"ECB reference exchange rate, Polish zloty/Euro, 2.15 pm (C.E.T.)",PLN,0
EXR.D.PLN.EUR.SP00.A,D,PLN,EUR,SP00,A,2026-01-07,4.2148,A,F,,,P1D,,A,,,,,,,99Q1=100,,,4,,4F0,,Polish zloty/Euro ECB reference exchange rate,"ECB reference exchange rate, Polish zloty/Euro, 2.15 pm (C.E.T.)",PLN,0
EXR.D.PLN.EUR.SP00.A,D,PLN,EUR,SP00,A,2026-01-08,4.2093,A,F,,,P1D,,A,,,,,,,99Q1=100,,,4,,4F0,,Polish zloty/Euro ECB reference exchange rate,"ECB reference exchange rate, Polish zloty/Euro, 2.15 pm (C.E.T.)",PLN,0
EXR.D.PLN.EUR.SP00.A,D,PLN,EUR,SP00,A,2026-01-09,4.2138,A,F,,,P1D,,A,,,,,,,99Q1=100,,,4,,4F0,,Polish zloty/Euro ECB reference exchange rate,"ECB reference exchange rate, Polish zloty/Euro, 2.15 pm (C.E.T.)",PLN,0
EXR.D.PLN.EUR.SP00.A,D,PLN,EUR,SP00,A,2026-01-12,4.2093,A,F,,,P1D,,A,,,,,,,99Q1=100,,,4,,4F0,,Polish zloty/Euro ECB reference exchange rate,"ECB reference exchange rate, Polish zloty/Euro, 2.15 pm (C.E.T.)",PLN,0
EXR.D.PLN.EUR.SP00.A,D,PLN,EUR,SP00,A,2026-01-13,4.2118,A,F,,,P1D,,A,,,,,,,99Q1=100,,,4,,4F0,,Polish zloty/Euro ECB reference exchange rate,"ECB reference exchange rate, Polish zloty/Euro, 2.15 pm (C.E.T.)",PLN,0
EXR.D.PLN.EUR.SP00.A,D,PLN,EUR,SP00,A,2026-01-14,4.218,A,F,,,P1D,,A,,,,,,,99Q1=100,,,4,,4F0,,Polish zloty/Euro ECB reference exchange rate,"ECB reference exchange rate, Polish zloty/Euro, 2.15 pm (C.E.T.)",PLN,0
EXR.D.PLN.EUR.SP00.A,D,PLN,EUR,SP00,A,2026-01-15,4.2093,A,F,,,P1D,,A,,,,,,,99Q1=100,,,4,,4F0,,Polish zloty/Euro ECB reference exchange rate,"ECB reference exchange rate, Polish zloty/Euro, 2.15 pm (C.E.T.)",PLN,0
EXR.D.PLN.EUR.SP00.A,D,PLN,EUR,SP00,A,2026-01-16,4.2248,A,F,,,P1D,,A,,,,,,,99Q1=100,,,4,,4F0,,Polish zloty/Euro ECB reference exchange rate,"ECB reference exchange rate, Polish zloty/Euro, 2.15 pm (C.E.T.)",PLN,0
EXR.D.PLN.EUR.SP00.A,D,PLN,EUR,SP00,A,2026-01-19,4.2253,A,F,,,P1D,,A,,,,,,,99Q1=100,,,4,,4F0,,Polish zloty/Euro ECB reference exchange rate,"ECB reference exchange rate, Polish zloty/Euro, 2.15 pm (C.E.T.)",PLN,0
EXR.D.PLN.EUR.SP00.A,D,PLN,EUR,SP00,A,2026-01-20,4.2273,A,F,,,P1D,,A,,,,,,,99Q1=100,,,4,,4F0,,Polish zloty/Euro ECB reference exchange rate,"ECB reference exchange rate, Polish zloty/Euro, 2.15 pm (C.E.T.)",PLN,0
EXR.D.PLN.EUR.SP00.A,D,PLN,EUR,SP00,A,2026-01-21,4.2275,A,F,,,P1D,,A,,,,,,,99Q1=100,,,4,,4F0,,Polish zloty/Euro ECB reference exchange rate,"ECB reference exchange rate, Polish zloty/Euro, 2.15 pm (C.E.T.)",PLN,0
EXR.D.PLN.EUR.SP00.A,D,PLN,EUR,SP00,A,2026-01-22,4.2063,A,F,,,P1D,,A,,,,,,,99Q1=100,,,4,,4F0,,Polish zloty/Euro ECB reference exchange rate,"ECB reference exchange rate, Polish zloty/Euro, 2.15 pm (C.E.T.)",PLN,0
EXR.D.PLN.EUR.SP00.A,D,PLN,EUR,SP00,A,2026-01-23,4.2035,A,F,,,P1D,,A,,,,,,,99Q1=100,,,4,,4F0,,Polish zloty/Euro ECB reference exchange rate,"ECB reference exchange rate, Polish zloty/Euro, 2.15 pm (C.E.T.)",PLN,0
EXR.D.PLN.EUR.SP00.A,D,PLN,EUR,SP00,A,2026-01-26,4.2085,A,F,,,P1D,,A,,,,,,,99Q1=100,,,4,,4F0,,Polish zloty/Euro ECB reference exchange rate,"ECB reference exchange rate, Polish zloty/Euro, 2.15 pm (C.E.T.)",PLN,0
EXR.D.PLN.EUR.SP00.A,D,PLN,EUR,SP00,A,2026-01-27,4.2023,A,F,,,P1D,,A,,,,,,,99Q1=100,,,4,,4F0,,Polish zloty/Euro ECB reference exchange rate,"ECB reference exchange rate, Polish zloty/Euro, 2.15 pm (C.E.T.)",PLN,0
EXR.D.PLN.EUR.SP00.A,D,PLN,EUR,SP00,A,2026-01-28,4.2028,A,F,,,P1D,,A,,,,,,,99Q1=100,,,4,,4F0,,Polish zloty/Euro ECB reference exchange rate,"ECB reference exchange rate, Polish zloty/Euro, 2.15 pm (C.E.T.)",PLN,0
EXR.D.PLN.EUR.SP00.A,D,PLN,EUR,SP00,A,2026-01-29,4.2033,A,F,,,P1D,,A,,,,,,,99Q1=100,,,4,,4F0,,Polish zloty/Euro ECB reference exchange rate,"ECB reference exchange rate, Polish zloty/Euro, 2.15 pm (C.E.T.)",PLN,0
EXR.D.PLN.EUR.SP00.A,D,PLN,EUR,SP00,A,2026-01-30,4.2073,A,F,,,P1D,,A,,,,,,,99Q1=100,,,4,,4F0,,Polish zloty/Euro ECB reference exchange rate,"ECB reference exchange rate, Polish zloty/Euro, 2.15 pm (C.E.T.)",PLN,0
EXR.D.PLN.EUR.SP00.A,D,PLN,EUR,SP00,A,2026-02-02,4.2173,A,F,,,P1D,,A,,,,,,,99Q1=100,,,4,,4F0,,Polish zloty/Euro ECB reference exchange rate,"ECB reference exchange rate, Polish zloty/Euro, 2.15 pm (C.E.T.)",PLN,0
EXR.D.PLN.EUR.SP00.A,D,PLN,EUR,SP00,A,2026-02-03,4.2205,A,F,,,P1D,,A,,,,,,,99Q1=100,,,4,,4F0,,Polish zloty/Euro ECB reference exchange rate,"ECB reference exchange rate, Polish zloty/Euro, 2.15 pm (C.E.T.)",PLN,0
EXR.D.PLN.EUR.SP00.A,D,PLN,EUR,SP00,A,2026-02-04,4.2235,A,F,,,P1D,,A,,,,,,,99Q1=100,,,4,,4F0,,Polish zloty/Euro ECB reference exchange rate,"ECB reference exchange rate, Polish zloty/Euro, 2.15 pm (C.E.T.)",PLN,0
EXR.D.PLN.EUR.SP00.A,D,PLN,EUR,SP00,A,2026-02-05,4.2205,A,F,,,P1D,,A,,,,,,,99Q1=100,,,4,,4F0,,Polish zloty/Euro ECB reference exchange rate,"ECB reference exchange rate, Polish zloty/Euro, 2.15 pm (C.E.T.)",PLN,0
EXR.D.PLN.EUR.SP00.A,D,PLN,EUR,SP00,A,2026-02-06,4.2185,A,F,,,P1D,,A,,,,,,,99Q1=100,,,4,,4F0,,Polish zloty/Euro ECB reference exchange rate,"ECB reference exchange rate, Polish zloty/Euro, 2.15 pm (C.E.T.)",PLN,0
EXR.D.PLN.EUR.SP00.A,D,PLN,EUR,SP00,A,2026-02-09,4.2118,A,F,,,P1D,,A,,,,,,,99Q1=100,,,4,,4F0,,Polish zloty/Euro ECB reference exchange rate,"ECB reference exchange rate, Polish zloty/Euro, 2.15 pm (C.E.T.)",PLN,0
EXR.D.PLN.EUR.SP00.A,D,PLN,EUR,SP00,A,2026-02-10,4.217,A,F,,,P1D,,A,,,,,,,99Q1=100,,,4,,4F0,,Polish zloty/Euro ECB reference exchange rate,"ECB reference exchange rate, Polish zloty/Euro, 2.15 pm (C.E.T.)",PLN,0
EXR.D.PLN.EUR.SP00.A,D,PLN,EUR,SP00,A,2026-02-11,4.2135,A,F,,,P1D,,A,,,,,,,99Q1=100,,,4,,4F0,,Polish zloty/Euro ECB reference exchange rate,"ECB reference exchange rate, Polish zloty/Euro, 2.15 pm (C.E.T.)",PLN,0
EXR.D.PLN.EUR.SP00.A,D,PLN,EUR,SP00,A,2026-02-12,4.2158,A,F,,,P1D,,A,,,,,,,99Q1=100,,,4,,4F0,,Polish zloty/Euro ECB reference exchange rate,"ECB reference exchange rate, Polish zloty/Euro, 2.15 pm (C.E.T.)",PLN,0
EXR.D.PLN.EUR.SP00.A,D,PLN,EUR,SP00,A,2026-02-13,4.215,A,F,,,P1D,,A,,,,,,,99Q1=100,,,4,,4F0,,Polish zloty/Euro ECB reference exchange rate,"ECB reference exchange rate, Polish zloty/Euro, 2.15 pm (C.E.T.)",PLN,0
EXR.D.PLN.EUR.SP00.A,D,PLN,EUR,SP00,A,2026-02-16,4.2105,A,F,,,P1D,,A,,,,,,,99Q1=100,,,4,,4F0,,Polish zloty/Euro ECB reference exchange rate,"ECB reference exchange rate, Polish zloty/Euro, 2.15 pm (C.E.T.)",PLN,0
EXR.D.PLN.EUR.SP00.A,D,PLN,EUR,SP00,A,2026-02-17,4.2138,A,F,,,P1D,,A,,,,,,,99Q1=100,,,4,,4F0,,Polish zloty/Euro ECB reference exchange rate,"ECB reference exchange rate, Polish zloty/Euro, 2.15 pm (C.E.T.)",PLN,0
EXR.D.PLN.EUR.SP00.A,D,PLN,EUR,SP00,A,2026-02-18,4.2165,A,F,,,P1D,,A,,,,,,,99Q1=100,,,4,,4F0,,Polish zloty/Euro ECB reference exchange rate,"ECB reference exchange rate, Polish zloty/Euro, 2.15 pm (C.E.T.)",PLN,0
EXR.D.PLN.EUR.SP00.A,D,PLN,EUR,SP00,A,2026-02-19,4.2215,A,F,,,P1D,,A,,,,,,,99Q1=100,,,4,,4F0,,Polish zloty/Euro ECB reference exchange rate,"ECB reference exchange rate, Polish zloty/Euro, 2.15 pm (C.E.T.)",PLN,0
EXR.D.PLN.EUR.SP00.A,D,PLN,EUR,SP00,A,2026-02-20,4.2238,A,F,,,P1D,,A,,,,,,,99Q1=100,,,4,,4F0,,Polish zloty/Euro ECB reference exchange rate,"ECB reference exchange rate, Polish zloty/Euro, 2.15 pm (C.E.T.)",PLN,0
EXR.D.PLN.EUR.SP00.A,D,PLN,EUR,SP00,A,2026-02-23,4.2173,A,F,,,P1D,,A,,,,,,,99Q1=100,,,4,,4F0,,Polish zloty/Euro ECB reference exchange rate,"ECB reference exchange rate, Polish zloty/Euro, 2.15 pm (C.E.T.)",PLN,0
EXR.D.PLN.EUR.SP00.A,D,PLN,EUR,SP00,A,2026-02-24,4.2203,A,F,,,P1D,,A,,,,,,,99Q1=100,,,4,,4F0,,Polish zloty/Euro ECB reference exchange rate,"ECB reference exchange rate, Polish zloty/Euro, 2.15 pm (C.E.T.)",PLN,0
EXR.D.PLN.EUR.SP00.A,D,PLN,EUR,SP00,A,2026-02-25,4.2233,A,F,,,P1D,,A,,,,,,,99Q1=100,,,4,,4F0,,Polish zloty/Euro ECB reference exchange rate,"ECB reference exchange rate, Polish zloty/Euro, 2.15 pm (C.E.T.)",PLN,0
EXR.D.PLN.EUR.SP00.A,D,PLN,EUR,SP00,A,2026-02-26,4.2225,A,F,,,P1D,,A,,,,,,,99Q1=100,,,4,,4F0,,Polish zloty/Euro ECB reference exchange rate,"ECB reference exchange rate, Polish zloty/Euro, 2.15 pm (C.E.T.)",PLN,0
EXR.D.PLN.EUR.SP00.A,D,PLN,EUR,SP00,A,2026-02-27,4.2243,A,F,,,P1D,,A,,,,,,,99Q1=100,,,4,,4F0,,Polish zloty/Euro ECB reference exchange rate,"ECB reference exchange rate, Polish zloty/Euro, 2.15 pm (C.E.T.)",PLN,0
EXR.D.PLN.EUR.SP00.A,D,PLN,EUR,SP00,A,2026-03-02,4.244,A,F,,,P1D,,A,,,,,,,99Q1=100,,,4,,4F0,,Polish zloty/Euro ECB reference exchange rate,"ECB reference exchange rate, Polish zloty/Euro, 2.15 pm (C.E.T.)",PLN,0
EXR.D.PLN.EUR.SP00.A,D,PLN,EUR,SP00,A,2026-03-03,4.2865,A,F,,,P1D,,A,,,,,,,99Q1=100,,,4,,4F0,,Polish zloty/Euro ECB reference exchange rate,"ECB reference exchange rate, Polish zloty/Euro, 2.15 pm (C.E.T.)",PLN,0
EXR.D.PLN.EUR.SP00.A,D,PLN,EUR,SP00,A,2026-03-04,4.2588,A,F,,,P1D,,A,,,,,,,99Q1=100,,,4,,4F0,,Polish zloty/Euro ECB reference exchange rate,"ECB reference exchange rate, Polish zloty/Euro, 2.15 pm (C.E.T.)",PLN,0
EXR.D.PLN.EUR.SP00.A,D,PLN,EUR,SP00,A,2026-03-05,4.2725,A,F,,,P1D,,A,,,,,,,99Q1=100,,,4,,4F0,,Polish zloty/Euro ECB reference exchange rate,"ECB reference exchange rate, Polish zloty/Euro, 2.15 pm (C.E.T.)",PLN,0
EXR.D.PLN.EUR.SP00.A,D,PLN,EUR,SP00,A,2026-03-06,4.2875,A,F,,,P1D,,A,,,,,,,99Q1=100,,,4,,4F0,,Polish zloty/Euro ECB reference exchange rate,"ECB reference exchange rate, Polish zloty/Euro, 2.15 pm (C.E.T.)",PLN,0
EXR.D.PLN.EUR.SP00.A,D,PLN,EUR,SP00,A,2026-03-09,4.2785,A,F,,,P1D,,A,,,,,,,99Q1=100,,,4,,4F0,,Polish zloty/Euro ECB reference exchange rate,"ECB reference exchange rate, Polish zloty/Euro, 2.15 pm (C.E.T.)",PLN,0
EXR.D.PLN.EUR.SP00.A,D,PLN,EUR,SP00,A,2026-03-10,4.2548,A,F,,,P1D,,A,,,,,,,99Q1=100,,,4,,4F0,,Polish zloty/Euro ECB reference exchange rate,"ECB reference exchange rate, Polish zloty/Euro, 2.15 pm (C.E.T.)",PLN,0
EXR.D.PLN.EUR.SP00.A,D,PLN,EUR,SP00,A,2026-03-11,4.2523,A,F,,,P1D,,A,,,,,,,99Q1=100,,,4,,4F0,,Polish zloty/Euro ECB reference exchange rate,"ECB reference exchange rate, Polish zloty/Euro, 2.15 pm (C.E.T.)",PLN,0
EXR.D.PLN.EUR.SP00.A,D,PLN,EUR,SP00,A,2026-03-12,4.2578,A,F,,,P1D,,A,,,,,,,99Q1=100,,,4,,4F0,,Polish zloty/Euro ECB reference exchange rate,"ECB reference exchange rate, Polish zloty/Euro, 2.15 pm (C.E.T.)",PLN,0
EXR.D.PLN.EUR.SP00.A,D,PLN,EUR,SP00,A,2026-03-13,4.2675,A,F,,,P1D,,A,,,,,,,99Q1=100,,,4,,4F0,,Polish zloty/Euro ECB reference exchange rate,"ECB reference exchange rate, Polish zloty/Euro, 2.15 pm (C.E.T.)",PLN,0
EXR.D.PLN.EUR.SP00.A,D,PLN,EUR,SP00,A,2026-03-16,4.2683,A,F,,,P1D,,A,,,,,,,99Q1=100,,,4,,4F0,,Polish zloty/Euro ECB reference exchange rate,"ECB reference exchange rate, Polish zloty/Euro, 2.15 pm (C.E.T.)",PLN,0
EXR.D.PLN.EUR.SP00.A,D,PLN,EUR,SP00,A,2026-03-17,4.2593,A,F,,,P1D,,A,,,,,,,99Q1=100,,,4,,4F0,,Polish zloty/Euro ECB reference exchange rate,"ECB reference exchange rate, Polish zloty/Euro, 2.15 pm (C.E.T.)",PLN,0
EXR.D.PLN.EUR.SP00.A,D,PLN,EUR,SP00,A,2026-03-18,4.2713,A,F,,,P1D,,A,,,,,,,99Q1=100,,,4,,4F0,,Polish zloty/Euro ECB reference exchange rate,"ECB reference exchange rate, Polish zloty/Euro, 2.15 pm (C.E.T.)",PLN,0
EXR.D.PLN.EUR.SP00.A,D,PLN,EUR,SP00,A,2026-03-19,4.2853,A,F,,,P1D,,A,,,,,,,99Q1=100,,,4,,4F0,,Polish zloty/Euro ECB reference exchange rate,"ECB reference exchange rate, Polish zloty/Euro, 2.15 pm (C.E.T.)",PLN,0
EXR.D.PLN.EUR.SP00.A,D,PLN,EUR,SP00,A,2026-03-20,4.2783,A,F,,,P1D,,A,,,,,,,99Q1=100,,,4,,4F0,,Polish zloty/Euro ECB reference exchange rate,"ECB reference exchange rate, Polish zloty/Euro, 2.15 pm (C.E.T.)",PLN,0
EXR.D.PLN.EUR.SP00.A,D,PLN,EUR,SP00,A,2026-03-23,4.2643,A,F,,,P1D,,A,,,,,,,99Q1=100,,,4,,4F0,,Polish zloty/Euro ECB reference exchange rate,"ECB reference exchange rate, Polish zloty/Euro, 2.15 pm (C.E.T.)",PLN,0
EXR.D.PLN.EUR.SP00.A,D,PLN,EUR,SP00,A,2026-03-24,4.2743,A,F,,,P1D,,A,,,,,,,99Q1=100,,,4,,4F0,,Polish zloty/Euro ECB reference exchange rate,"ECB reference exchange rate, Polish zloty/Euro, 2.15 pm (C.E.T.)",PLN,0
EXR.D.PLN.EUR.SP00.A,D,PLN,EUR,SP00,A,2026-03-25,4.2718,A,F,,,P1D,,A,,,,,,,99Q1=100,,,4,,4F0,,Polish zloty/Euro ECB reference exchange rate,"ECB reference exchange rate, Polish zloty/Euro, 2.15 pm (C.E.T.)",PLN,0
EXR.D.PLN.EUR.SP00.A,D,PLN,EUR,SP00,A,2026-03-26,4.2743,A,F,,,P1D,,A,,,,,,,99Q1=100,,,4,,4F0,,Polish zloty/Euro ECB reference exchange rate,"ECB reference exchange rate, Polish zloty/Euro, 2.15 pm (C.E.T.)",PLN,0
EXR.D.PLN.EUR.SP00.A,D,PLN,EUR,SP00,A,2026-03-27,4.2875,A,F,,,P1D,,A,,,,,,,99Q1=100,,,4,,4F0,,Polish zloty/Euro ECB reference exchange rate,"ECB reference exchange rate, Polish zloty/Euro, 2.15 pm (C.E.T.)",PLN,0
EXR.D.PLN.EUR.SP00.A,D,PLN,EUR,SP00,A,2026-03-30,4.2883,A,F,,,P1D,,A,,,,,,,99Q1=100,,,4,,4F0,,Polish zloty/Euro ECB reference exchange rate,"ECB reference exchange rate, Polish zloty/Euro, 2.15 pm (C.E.T.)",PLN,0
EXR.D.PLN.EUR.SP00.A,D,PLN,EUR,SP00,A,2026-03-31,4.289,A,F,,,P1D,,A,,,,,,,99Q1=100,,,4,,4F0,,Polish zloty/Euro ECB reference exchange rate,"ECB reference exchange rate, Polish zloty/Euro, 2.15 pm (C.E.T.)",PLN,0
EXR.D.PLN.EUR.SP00.A,D,PLN,EUR,SP00,A,2026-04-01,4.2793,A,F,,,P1D,,A,,,,,,,99Q1=100,,,4,,4F0,,Polish zloty/Euro ECB reference exchange rate,"ECB reference exchange rate, Polish zloty/Euro, 2.15 pm (C.E.T.)",PLN,0
EXR.D.PLN.EUR.SP00.A,D,PLN,EUR,SP00,A,2026-04-02,4.2855,A,F,,,P1D,,A,,,,,,,99Q1=100,,,4,,4F0,,Polish zloty/Euro ECB reference exchange rate,"ECB reference exchange rate, Polish zloty/Euro, 2.15 pm (C.E.T.)",PLN,0
EXR.D.PLN.EUR.SP00.A,D,PLN,EUR,SP00,A,2026-04-07,4.2753,A,F,,,P1D,,A,,,,,,,99Q1=100,,,4,,4F0,,Polish zloty/Euro ECB reference exchange rate,"ECB reference exchange rate, Polish zloty/Euro, 2.15 pm (C.E.T.)",PLN,0
EXR.D.PLN.EUR.SP00.A,D,PLN,EUR,SP00,A,2026-04-08,4.2538,A,F,,,P1D,,A,,,,,,,99Q1=100,,,4,,4F0,,Polish zloty/Euro ECB reference exchange rate,"ECB reference exchange rate, Polish zloty/Euro, 2.15 pm (C.E.T.)",PLN,0
EXR.D.PLN.EUR.SP00.A,D,PLN,EUR,SP00,A,2026-04-09,4.2558,A,F,,,P1D,,A,,,,,,,99Q1=100,,,4,,4F0,,Polish zloty/Euro ECB reference exchange rate,"ECB reference exchange rate, Polish zloty/Euro, 2.15 pm (C.E.T.)",PLN,0
EXR.D.PLN.EUR.SP00.A,D,PLN,EUR,SP00,A,2026-04-10,4.2435,A,F,,,P1D,,A,,,,,,,99Q1=100,,,4,,4F0,,Polish zloty/Euro ECB reference exchange rate,"ECB reference exchange rate, Polish zloty/Euro, 2.15 pm (C.E.T.)",PLN,0
EXR.D.PLN.EUR.SP00.A,D,PLN,EUR,SP00,A,2026-04-13,4.2543,A,F,,,P1D,,A,,,,,,,99Q1=100,,,4,,4F0,,Polish zloty/Euro ECB reference exchange rate,"ECB reference exchange rate, Polish zloty/Euro, 2.15 pm (C.E.T.)",PLN,0
EXR.D.PLN.EUR.SP00.A,D,PLN,EUR,SP00,A,2026-04-14,4.2425,A,F,,,P1D,,A,,,,,,,99Q1=100,,,4,,4F0,,Polish zloty/Euro ECB reference exchange rate,"ECB reference exchange rate, Polish zloty/Euro, 2.15 pm (C.E.T.)",PLN,0
EXR.D.PLN.EUR.SP00.A,D,PLN,EUR,SP00,A,2026-04-15,4.2413,A,F,,,P1D,,A,,,,,,,99Q1=100,,,4,,4F0,,Polish zloty/Euro ECB reference exchange rate,"ECB reference exchange rate, Polish zloty/Euro, 2.15 pm (C.E.T.)",PLN,0
EXR.D.PLN.EUR.SP00.A,D,PLN,EUR,SP00,A,2026-04-16,4.2423,A,F,,,P1D,,A,,,,,,,99Q1=100,,,4,,4F0,,Polish zloty/Euro ECB reference exchange rate,"ECB reference exchange rate, Polish zloty/Euro, 2.15 pm (C.E.T.)",PLN,0
EXR.D.PLN.EUR.SP00.A,D,PLN,EUR,SP00,A,2026-04-17,4.2328,A,F,,,P1D,,A,,,,,,,99Q1=100,,,4,,4F0,,Polish zloty/Euro ECB reference exchange rate,"ECB reference exchange rate, Polish zloty/Euro, 2.15 pm (C.E.T.)",PLN,0
EXR.D.PLN.EUR.SP00.A,D,PLN,EUR,SP00,A,2026-04-20,4.2335,A,F,,,P1D,,A,,,,,,,99Q1=100,,,4,,4F0,,Polish zloty/Euro ECB reference exchange rate,"ECB reference exchange rate, Polish zloty/Euro, 2.15 pm (C.E.T.)",PLN,0
EXR.D.PLN.EUR.SP00.A,D,PLN,EUR,SP00,A,2026-04-21,4.2295,A,F,,,P1D,,A,,,,,,,99Q1=100,,,4,,4F0,,Polish zloty/Euro ECB reference exchange rate,"ECB reference exchange rate, Polish zloty/Euro, 2.15 pm (C.E.T.)",PLN,0
EXR.D.PLN.EUR.SP00.A,D,PLN,EUR,SP00,A,2026-04-22,4.2468,A,F,,,P1D,,A,,,,,,,99Q1=100,,,4,,4F0,,Polish zloty/Euro ECB reference exchange rate,"ECB reference exchange rate, Polish zloty/Euro, 2.15 pm (C.E.T.)",PLN,0
EXR.D.PLN.EUR.SP00.A,D,PLN,EUR,SP00,A,2026-04-23,4.2428,A,F,,,P1D,,A,,,,,,,99Q1=100,,,4,,4F0,,Polish zloty/Euro ECB reference exchange rate,"ECB reference exchange rate, Polish zloty/Euro, 2.15 pm (C.E.T.)",PLN,0
EXR.D.PLN.EUR.SP00.A,D,PLN,EUR,SP00,A,2026-04-24,4.2403,A,F,,,P1D,,A,,,,,,,99Q1=100,,,4,,4F0,,Polish zloty/Euro ECB reference exchange rate,"ECB reference exchange rate, Polish zloty/Euro, 2.15 pm (C.E.T.)",PLN,0
EXR.D.PLN.EUR.SP00.A,D,PLN,EUR,SP00,A,2026-04-27,4.2443,A,F,,,P1D,,A,,,,,,,99Q1=100,,,4,,4F0,,Polish zloty/Euro ECB reference exchange rate,"ECB reference exchange rate, Polish zloty/Euro, 2.15 pm (C.E.T.)",PLN,0
EXR.D.PLN.EUR.SP00.A,D,PLN,EUR,SP00,A,2026-04-28,4.2478,A,F,,,P1D,,A,,,,,,,99Q1=100,,,4,,4F0,,Polish zloty/Euro ECB reference exchange rate,"ECB reference exchange rate, Polish zloty/Euro, 2.15 pm (C.E.T.)",PLN,0
EXR.D.PLN.EUR.SP00.A,D,PLN,EUR,SP00,A,2026-04-29,4.2518,A,F,,,P1D,,A,,,,,,,99Q1=100,,,4,,4F0,,Polish zloty/Euro ECB reference exchange rate,"ECB reference exchange rate, Polish zloty/Euro, 2.15 pm (C.E.T.)",PLN,0
EXR.D.PLN.EUR.SP00.A,D,PLN,EUR,SP00,A,2026-04-30,4.2605,A,F,,,P1D,,A,,,,,,,99Q1=100,,,4,,4F0,,Polish zloty/Euro ECB reference exchange rate,"ECB reference exchange rate, Polish zloty/Euro, 2.15 pm (C.E.T.)",PLN,0
EXR.D.PLN.EUR.SP00.A,D,PLN,EUR,SP00,A,2026-05-04,4.257,A,F,,,P1D,,A,,,,,,,99Q1=100,,,4,,4F0,,Polish zloty/Euro ECB reference exchange rate,"ECB reference exchange rate, Polish zloty/Euro, 2.15 pm (C.E.T.)",PLN,0
EXR.D.PLN.EUR.SP00.A,D,PLN,EUR,SP00,A,2026-05-05,4.2543,A,F,,,P1D,,A,,,,,,,99Q1=100,,,4,,4F0,,Polish zloty/Euro ECB reference exchange rate,"ECB reference exchange rate, Polish zloty/Euro, 2.15 pm (C.E.T.)",PLN,0
EXR.D.PLN.EUR.SP00.A,D,PLN,EUR,SP00,A,2026-05-06,4.233,A,F,,,P1D,,A,,,,,,,99Q1=100,,,4,,4F0,,Polish zloty/Euro ECB reference exchange rate,"ECB reference exchange rate, Polish zloty/Euro, 2.15 pm (C.E.T.)",PLN,0
EXR.D.PLN.EUR.SP00.A,D,PLN,EUR,SP00,A,2026-05-07,4.227,A,F,,,P1D,,A,,,,,,,99Q1=100,,,4,,4F0,,Polish zloty/Euro ECB reference exchange rate,"ECB reference exchange rate, Polish zloty/Euro, 2.15 pm (C.E.T.)",PLN,0
EXR.D.PLN.EUR.SP00.A,D,PLN,EUR,SP00,A,2026-05-08,4.2318,A,F,,,P1D,,A,,,,,,,99Q1=100,,,4,,4F0,,Polish zloty/Euro ECB reference exchange rate,"ECB reference exchange rate, Polish zloty/Euro, 2.15 pm (C.E.T.)",PLN,0
EXR.D.PLN.EUR.SP00.A,D,PLN,EUR,SP00,A,2026-05-11,4.2398,A,F,,,P1D,,A,,,,,,,99Q1=100,,,4,,4F0,,Polish zloty/Euro ECB reference exchange rate,"ECB reference exchange rate, Polish zloty/Euro, 2.15 pm (C.E.T.)",PLN,0
EXR.D.PLN.EUR.SP00.A,D,PLN,EUR,SP00,A,2026-05-12,4.248,A,F,,,P1D,,A,,,,,,,99Q1=100,,,4,,4F0,,Polish zloty/Euro ECB reference exchange rate,"ECB reference exchange rate, Polish zloty/Euro, 2.15 pm (C.E.T.)",PLN,0
EXR.D.PLN.EUR.SP00.A,D,PLN,EUR,SP00,A,2026-05-13,4.2513,A,F,,,P1D,,A,,,,,,,99Q1=100,,,4,,4F0,,Polish zloty/Euro ECB reference exchange rate,"ECB reference exchange rate, Polish zloty/Euro, 2.15 pm (C.E.T.)",PLN,0
EXR.D.PLN.EUR.SP00.A,D,PLN,EUR,SP00,A,2026-05-14,4.2378,A,F,,,P1D,,A,,,,,,,99Q1=100,,,4,,4F0,,Polish zloty/Euro ECB reference exchange rate,"ECB reference exchange rate, Polish zloty/Euro, 2.15 pm (C.E.T.)",PLN,0
EXR.D.PLN.EUR.SP00.A,D,PLN,EUR,SP00,A,2026-05-15,4.2465,A,F,,,P1D,,A,,,,,,,99Q1=100,,,4,,4F0,,Polish zloty/Euro ECB reference exchange rate,"ECB reference exchange rate, Polish zloty/Euro, 2.15 pm (C.E.T.)",PLN,0
EXR.D.PLN.EUR.SP00.A,D,PLN,EUR,SP00,A,2026-05-18,4.2443,A,F,,,P1D,,A,,,,,,,99Q1=100,,,4,,4F0,,Polish zloty/Euro ECB reference exchange rate,"ECB reference exchange rate, Polish zloty/Euro, 2.15 pm (C.E.T.)",PLN,0
EXR.D.PLN.EUR.SP00.A,D,PLN,EUR,SP00,A,2026-05-19,4.2435,A,F,,,P1D,,A,,,,,,,99Q1=100,,,4,,4F0,,Polish zloty/Euro ECB reference exchange rate,"ECB reference exchange rate, Polish zloty/Euro, 2.15 pm (C.E.T.)",PLN,0
EXR.D.PLN.EUR.SP00.A,D,PLN,EUR,SP00,A,2026-05-20,4.255,A,F,,,P1D,,A,,,,,,,99Q1=100,,,4,,4F0,,Polish zloty/Euro ECB reference exchange rate,"ECB reference exchange rate, Polish zloty/Euro, 2.15 pm (C.E.T.)",PLN,0
EXR.D.PLN.EUR.SP00.A,D,PLN,EUR,SP00,A,2026-05-21,4.2483,A,F,,,P1D,,A,,,,,,,99Q1=100,,,4,,4F0,,Polish zloty/Euro ECB reference exchange rate,"ECB reference exchange rate, Polish zloty/Euro, 2.15 pm (C.E.T.)",PLN,0
EXR.D.PLN.EUR.SP00.A,D,PLN,EUR,SP00,A,2026-05-22,4.242,A,F,,,P1D,,A,,,,,,,99Q1=100,,,4,,4F0,,Polish zloty/Euro ECB reference exchange rate,"ECB reference exchange rate, Polish zloty/Euro, 2.15 pm (C.E.T.)",PLN,0
EXR.D.PLN.EUR.SP00.A,D,PLN,EUR,SP00,A,2026-05-25,4.2345,A,F,,,P1D,,A,,,,,,,99Q1=100,,,4,,4F0,,Polish zloty/Euro ECB reference exchange rate,"ECB reference exchange rate, Polish zloty/Euro, 2.15 pm (C.E.T.)",PLN,0
EXR.D.PLN.EUR.SP00.A,D,PLN,EUR,SP00,A,2026-05-26,4.2315,A,F,,,P1D,,A,,,,,,,99Q1=100,,,4,,4F0,,Polish zloty/Euro ECB reference exchange rate,"ECB reference exchange rate, Polish zloty/Euro, 2.15 pm (C.E.T.)",PLN,0
EXR.D.PLN.EUR.SP00.A,D,PLN,EUR,SP00,A,2026-05-27,4.2365,A,F,,,P1D,,A,,,,,,,99Q1=100,,,4,,4F0,,Polish zloty/Euro ECB reference exchange rate,"ECB reference exchange rate, Polish zloty/Euro, 2.15 pm (C.E.T.)",PLN,0
EXR.D.PLN.EUR.SP00.A,D,PLN,EUR,SP00,A,2026-05-28,4.2335,A,F,,,P1D,,A,,,,,,,99Q1=100,,,4,,4F0,,Polish zloty/Euro ECB reference exchange rate,"ECB reference exchange rate, Polish zloty/Euro, 2.15 pm (C.E.T.)",PLN,0
EXR.D.PLN.EUR.SP00.A,D,PLN,EUR,SP00,A,2026-05-29,4.2275,A,F,,,P1D,,A,,,,,,,99Q1=100,,,4,,4F0,,Polish zloty/Euro ECB reference exchange rate,"ECB reference exchange rate, Polish zloty/Euro, 2.15 pm (C.E.T.)",PLN,0
EXR.D.PLN.EUR.SP00.A,D,PLN,EUR,SP00,A,2026-06-01,4.233,A,F,,,P1D,,A,,,,,,,99Q1=100,,,4,,4F0,,Polish zloty/Euro ECB reference exchange rate,"ECB reference exchange rate, Polish zloty/Euro, 2.15 pm (C.E.T.)",PLN,0
EXR.D.PLN.EUR.SP00.A,D,PLN,EUR,SP00,A,2026-06-02,4.2345,A,F,,,P1D,,A,,,,,,,99Q1=100,,,4,,4F0,,Polish zloty/Euro ECB reference exchange rate,"ECB reference exchange rate, Polish zloty/Euro, 2.15 pm (C.E.T.)",PLN,0
EXR.D.PLN.EUR.SP00.A,D,PLN,EUR,SP00,A,2026-06-03,4.2383,A,F,,,P1D,,A,,,,,,,99Q1=100,,,4,,4F0,,Polish zloty/Euro ECB reference exchange rate,"ECB reference exchange rate, Polish zloty/Euro, 2.15 pm (C.E.T.)",PLN,0
EXR.D.PLN.EUR.SP00.A,D,PLN,EUR,SP00,A,2026-06-04,4.2368,A,F,,,P1D,,A,,,,,,,99Q1=100,,,4,,4F0,,Polish zloty/Euro ECB reference exchange rate,"ECB reference exchange rate, Polish zloty/Euro, 2.15 pm (C.E.T.)",PLN,0
EXR.D.PLN.EUR.SP00.A,D,PLN,EUR,SP00,A,2026-06-05,4.2338,A,F,,,P1D,,A,,,,,,,99Q1=100,,,4,,4F0,,Polish zloty/Euro ECB reference exchange rate,"ECB reference exchange rate, Polish zloty/Euro, 2.15 pm (C.E.T.)",PLN,0
EXR.D.PLN.EUR.SP00.A,D,PLN,EUR,SP00,A,2026-06-08,4.2423,A,F,,,P1D,,A,,,,,,,99Q1=100,,,4,,4F0,,Polish zloty/Euro ECB reference exchange rate,"ECB reference exchange rate, Polish zloty/Euro, 2.15 pm (C.E.T.)",PLN,0
EXR.D.PLN.EUR.SP00.A,D,PLN,EUR,SP00,A,2026-06-09,4.2373,A,F,,,P1D,,A,,,,,,,99Q1=100,,,4,,4F0,,Polish zloty/Euro ECB reference exchange rate,"ECB reference exchange rate, Polish zloty/Euro, 2.15 pm (C.E.T.)",PLN,0
EXR.D.PLN.EUR.SP00.A,D,PLN,EUR,SP00,A,2026-06-10,4.249,A,F,,,P1D,,A,,,,,,,99Q1=100,,,4,,4F0,,Polish zloty/Euro ECB reference exchange rate,"ECB reference exchange rate, Polish zloty/Euro, 2.15 pm (C.E.T.)",PLN,0
EXR.D.PLN.EUR.SP00.A,D,PLN,EUR,SP00,A,2026-06-11,4.2518,A,F,,,P1D,,A,,,,,,,99Q1=100,,,4,,4F0,,Polish zloty/Euro ECB reference exchange rate,"ECB reference exchange rate, Polish zloty/Euro, 2.15 pm (C.E.T.)",PLN,0
EXR.D.PLN.EUR.SP00.A,D,PLN,EUR,SP00,A,2026-06-12,4.248,A,F,,,P1D,,A,,,,,,,99Q1=100,,,4,,4F0,,Polish zloty/Euro ECB reference exchange rate,"ECB reference exchange rate, Polish zloty/Euro, 2.15 pm (C.E.T.)",PLN,0
EXR.D.PLN.EUR.SP00.A,D,PLN,EUR,SP00,A,2026-06-15,4.246,A,F,,,P1D,,A,,,,,,,99Q1=100,,,4,,4F0,,Polish zloty/Euro ECB reference exchange rate,"ECB reference exchange rate, Polish zloty/Euro, 2.15 pm (C.E.T.)",PLN,0
EXR.D.PLN.EUR.SP00.A,D,PLN,EUR,SP00,A,2026-06-16,4.2429,A,F,,,P1D,,A,,,,,,,99Q1=100,,,4,,4F0,,Polish zloty/Euro ECB reference exchange rate,"ECB reference exchange rate, Polish zloty/Euro, 2.15 pm (C.E.T.)",PLN,0
EXR.D.PLN.EUR.SP00.A,D,PLN,EUR,SP00,A,2026-06-17,4.241,A,F,,,P1D,,A,,,,,,,99Q1=100,,,4,,4F0,,Polish zloty/Euro ECB reference exchange rate,"ECB reference exchange rate, Polish zloty/Euro, 2.15 pm (C.E.T.)",PLN,0
EXR.D.PLN.EUR.SP00.A,D,PLN,EUR,SP00,A,2026-06-18,4.258,A,F,,,P1D,,A,,,,,,,99Q1=100,,,4,,4F0,,Polish zloty/Euro ECB reference exchange rate,"ECB reference exchange rate, Polish zloty/Euro, 2.15 pm (C.E.T.)",PLN,0
EXR.D.PLN.EUR.SP00.A,D,PLN,EUR,SP00,A,2026-06-19,4.2615,A,F,,,P1D,,A,,,,,,,99Q1=100,,,4,,4F0,,Polish zloty/Euro ECB reference exchange rate,"ECB reference exchange rate, Polish zloty/Euro, 2.15 pm (C.E.T.)",PLN,0
EXR.D.PLN.EUR.SP00.A,D,PLN,EUR,SP00,A,2026-06-22,4.268,A,F,,,P1D,,A,,,,,,,99Q1=100,,,4,,4F0,,Polish zloty/Euro ECB reference exchange rate,"ECB reference exchange rate, Polish zloty/Euro, 2.15 pm (C.E.T.)",PLN,0
EXR.D.PLN.EUR.SP00.A,D,PLN,EUR,SP00,A,2026-06-23,4.2825,A,F,,,P1D,,A,,,,,,,99Q1=100,,,4,,4F0,,Polish zloty/Euro ECB reference exchange rate,"ECB reference exchange rate, Polish zloty/Euro, 2.15 pm (C.E.T.)",PLN,0
EXR.D.PLN.EUR.SP00.A,D,PLN,EUR,SP00,A,2026-06-24,4.2878,A,F,,,P1D,,A,,,,,,,99Q1=100,,,4,,4F0,,Polish zloty/Euro ECB reference exchange rate,"ECB reference exchange rate, Polish zloty/Euro, 2.15 pm (C.E.T.)",PLN,0
EXR.D.PLN.EUR.SP00.A,D,PLN,EUR,SP00,A,2026-06-25,4.2875,A,F,,,P1D,,A,,,,,,,99Q1=100,,,4,,4F0,,Polish zloty/Euro ECB reference exchange rate,"ECB reference exchange rate, Polish zloty/Euro, 2.15 pm (C.E.T.)",PLN,0
EXR.D.PLN.EUR.SP00.A,D,PLN,EUR,SP00,A,2026-06-26,4.2868,A,F,,,P1D,,A,,,,,,,99Q1=100,,,4,,4F0,,Polish zloty/Euro ECB reference exchange rate,"ECB reference exchange rate, Polish zloty/Euro, 2.15 pm (C.E.T.)",PLN,0
EXR.D.PLN.EUR.SP00.A,D,PLN,EUR,SP00,A,2026-06-29,4.2873,A,F,,,P1D,,A,,,,,,,99Q1=100,,,4,,4F0,,Polish zloty/Euro ECB reference exchange rate,"ECB reference exchange rate, Polish zloty/Euro, 2.15 pm (C.E.T.)",PLN,0
EXR.D.PLN.EUR.SP00.A,D,PLN,EUR,SP00,A,2026-06-30,4.2955,A,F,,,P1D,,A,,,,,,,99Q1=100,,,4,,4F0,,Polish zloty/Euro ECB reference exchange rate,"ECB reference exchange rate, Polish zloty/Euro, 2.15 pm (C.E.T.)",PLN,0
EXR.D.PLN.EUR.SP00.A,D,PLN,EUR,SP00,A,2026-07-01,4.2958,A,F,,,P1D,,A,,,,,,,99Q1=100,,,4,,4F0,,Polish zloty/Euro ECB reference exchange rate,"ECB reference exchange rate, Polish zloty/Euro, 2.15 pm (C.E.T.)",PLN,0
EXR.D.PLN.EUR.SP00.A,D,PLN,EUR,SP00,A,2026-07-02,4.29,A,F,,,P1D,,A,,,,,,,99Q1=100,,,4,,4F0,,Polish zloty/Euro ECB reference exchange rate,"ECB reference exchange rate, Polish zloty/Euro, 2.15 pm (C.E.T.)",PLN,0
EXR.D.PLN.EUR.SP00.A,D,PLN,EUR,SP00,A,2026-07-03,4.2848,A,F,,,P1D,,A,,,,,,,99Q1=100,,,4,,4F0,,Polish zloty/Euro ECB reference exchange rate,"ECB reference exchange rate, Polish zloty/Euro, 2.15 pm (C.E.T.)",PLN,0
EXR.D.PLN.EUR.SP00.A,D,PLN,EUR,SP00,A,2026-07-06,4.2883,A,F,,,P1D,,A,,,,,,,99Q1=100,,,4,,4F0,,Polish zloty/Euro ECB reference exchange rate,"ECB reference exchange rate, Polish zloty/Euro, 2.15 pm (C.E.T.)",PLN,0
EXR.D.PLN.EUR.SP00.A,D,PLN,EUR,SP00,A,2026-07-07,4.2928,A,F,,,P1D,,A,,,,,,,99Q1=100,,,4,,4F0,,Polish zloty/Euro ECB reference exchange rate,"ECB reference exchange rate, Polish zloty/Euro, 2.15 pm (C.E.T.)",PLN,0
EXR.D.PLN.EUR.SP00.A,D,PLN,EUR,SP00,A,2026-07-08,4.3095,A,F,,,P1D,,A,,,,,,,99Q1=100,,,4,,4F0,,Polish zloty/Euro ECB reference exchange rate,"ECB reference exchange rate, Polish zloty/Euro, 2.15 pm (C.E.T.)",PLN,0
EXR.D.PLN.EUR.SP00.A,D,PLN,EUR,SP00,A,2026-07-09,4.3085,A,F,,,P1D,,A,,,,,,,99Q1=100,,,4,,4F0,,Polish zloty/Euro ECB reference exchange rate,"ECB reference exchange rate, Polish zloty/Euro, 2.15 pm (C.E.T.)",PLN,0
EXR.D.PLN.EUR.SP00.A,D,PLN,EUR,SP00,A,2026-07-10,4.3475,A,F,,,P1D,,A,,,,,,,99Q1=100,,,4,,4F0,,Polish zloty/Euro ECB reference exchange rate,"ECB reference exchange rate, Polish zloty/Euro, 2.15 pm (C.E.T.)",PLN,0
EXR.D.PLN.EUR.SP00.A,D,PLN,EUR,SP00,A,2026-07-13,4.3238,A,F,,,P1D,,A,,,,,,,99Q1=100,,,4,,4F0,,Polish zloty/Euro ECB reference exchange rate,"ECB reference exchange rate, Polish zloty/Euro, 2.15 pm (C.E.T.)",PLN,0
EXR.D.PLN.EUR.SP00.A,D,PLN,EUR,SP00,A,2026-07-14,4.3383,A,F,,,P1D,,A,,,,,,,99Q1=100,,,4,,4F0,,Polish zloty/Euro ECB reference exchange rate,"ECB reference exchange rate, Polish zloty/Euro, 2.15 pm (C.E.T.)",PLN,0
EXR.D.PLN.EUR.SP00.A,D,PLN,EUR,SP00,A,2026-07-15,4.3258,A,F,,,P1D,,A,,,,,,,99Q1=100,,,4,,4F0,,Polish zloty/Euro ECB reference exchange rate,"ECB reference exchange rate, Polish zloty/Euro, 2.15 pm (C.E.T.)",PLN,0
EXR.D.PLN.EUR.SP00.A,D,PLN,EUR,SP00,A,2026-07-16,4.3285,A,F,,,P1D,,A,,,,,,,99Q1=100,,,4,,4F0,,Polish zloty/Euro ECB reference exchange rate,"ECB reference exchange rate, Polish zloty/Euro, 2.15 pm (C.E.T.)",PLN,0
EXR.D.PLN.EUR.SP00.A,D,PLN,EUR,SP00,A,2026-07-17,4.3473,A,F,,,P1D,,A,,,,,,,99Q1=100,,,4,,4F0,,Polish zloty/Euro ECB reference exchange rate,"ECB reference exchange rate, Polish zloty/Euro, 2.15 pm (C.E.T.)",PLN,0
EXR.D.PLN.EUR.SP00.A,D,PLN,EUR,SP00,A,2026-07-20,4.332,A,F,,,P1D,,A,,,,,,,99Q1=100,,,4,,4F0,,Polish zloty/Euro ECB reference exchange rate,"ECB reference exchange rate, Polish zloty/Euro, 2.15 pm (C.E.T.)",PLN,0
EXR.D.PLN.EUR.SP00.A,D,PLN,EUR,SP00,A,2026-07-21,4.3305,A,F,,,P1D,,A,,,,,,,99Q1=100,,,4,,4F0,,Polish zloty/Euro ECB reference exchange rate,"ECB reference exchange rate, Polish zloty/Euro, 2.15 pm (C.E.T.)",PLN,0
EXR.D.PLN.EUR.SP00.A,D,PLN,EUR,SP00,A,2026-07-22,4.33,A,F,,,P1D,,A,,,,,,,99Q1=100,,,4,,4F0,,Polish zloty/Euro ECB reference exchange rate,"ECB reference exchange rate, Polish zloty/Euro, 2.15 pm (C.E.T.)",PLN,0
EXR.D.PLN.EUR.SP00.A,D,PLN,EUR,SP00,A,2026-07-23,4.327,A,F,,,P1D,,A,,,,,,,99Q1=100,,,4,,4F0,,Polish zloty/Euro ECB reference exchange rate,"ECB reference exchange rate, Polish zloty/Euro, 2.15 pm (C.E.T.)",PLN,0
EXR.D.PLN.EUR.SP00.A,D,PLN,EUR,SP00,A,2026-07-24,4.3155,A,F,,,P1D,,A,,,,,,,99Q1=100,,,4,,4F0,,Polish zloty/Euro ECB reference exchange rate,"ECB reference exchange rate, Polish zloty/Euro, 2.15 pm (C.E.T.)",PLN,0
EXR.D.PLN.EUR.SP00.A,D,PLN,EUR,SP00,A,2026-07-27,4.322,A,F,,,P1D,,A,,,,,,,99Q1=100,,,4,,4F0,,Polish zloty/Euro ECB reference exchange rate,"ECB reference exchange rate, Polish zloty/Euro, 2.15 pm (C.E.T.)",PLN,0
EXR.D.PLN.EUR.SP00.A,D,PLN,EUR,SP00,A,2026-07-28,4.3265,A,F,,,P1D,,A,,,,,,,99Q1=100,,,4,,4F0,,Polish zloty/Euro ECB reference exchange rate,"ECB reference exchange rate, Polish zloty/Euro, 2.15 pm (C.E.T.)",PLN,0
EXR.D.PLN.EUR.SP00.A,D,PLN,EUR,SP00,A,2026-07-29,4.327,A,F,,,P1D,,A,,,,,,,99Q1=100,,,4,,4F0,,Polish zloty/Euro ECB reference exchange rate,"ECB reference exchange rate, Polish zloty/Euro, 2.15 pm (C.E.T.)",PLN,0
EXR.D.PLN.EUR.SP00.A,D,PLN,EUR,SP00,A,2026-07-30,4.3078,A,F,,,P1D,,A,,,,,,,99Q1=100,,,4,,4F0,,Polish zloty/Euro ECB reference exchange rate,"ECB reference exchange rate, Polish zloty/Euro, 2.15 pm (C.E.T.)",PLN,0
EXR.D.PLN.EUR.SP00.A,D,PLN,EUR,SP00,A,2026-07-31,4.3135,A,F,,,P1D,,A,,,,,,,99Q1=100,,,4,,4F0,,Polish zloty/Euro ECB reference exchange rate,"ECB reference exchange rate, Polish zloty/Euro, 2.15 pm (C.E.T.)",PLN,0
EXR.D.PLN.EUR.SP00.A,D,PLN,EUR,SP00,A,2026-08-03,4.3033,A,F,,,P1D,,A,,,,,,,99Q1=100,,,4,,4F0,,Polish zloty/Euro ECB reference exchange rate,"ECB reference exchange rate, Polish zloty/Euro, 2.15 pm (C.E.T.)",PLN,0
EXR.D.PLN.EUR.SP00.A,D,PLN,EUR,SP00,A,2026-08-04,4.3063,A,F,,,P1D,,A,,,,,,,99Q1=100,,,4,,4F0,,Polish zloty/Euro ECB reference exchange rate,"ECB reference exchange rate, Polish zloty/Euro, 2.15 pm (C.E.T.)",PLN,0
EXR.D.PLN.EUR.SP00.A,D,PLN,EUR,SP00,A,2026-08-05,4.306,A,F,,,P1D,,A,,,,,,,99Q1=100,,,4,,4F0,,Polish zloty/Euro ECB reference exchange rate,"ECB reference exchange rate, Polish zloty/Euro, 2.15 pm (C.E.T.)",PLN,0
EXR.D.PLN.EUR.SP00.A,D,PLN,EUR,SP00,A,2026-08-06,4.299,A,F,,,P1D,,A,,,,,,,99Q1=100,,,4,,4F0,,Polish zloty/Euro ECB reference exchange rate,"ECB reference exchange rate, Polish zloty/Euro, 2.15 pm (C.E.T.)",PLN,0
EXR.D.PLN.EUR.SP00.A,D,PLN,EUR,SP00,A,2026-08-07,4.2983,A,F,,,P1D,,A,,,,,,,99Q1=100,,,4,,4F0,,Polish zloty/Euro ECB reference exchange rate,"ECB reference exchange rate, Polish zloty/Euro, 2.15 pm (C.E.T.)",PLN,0
EXR.D.PLN.EUR.SP00.A,D,PLN,EUR,SP00,A,2026-08-10,4.2993,A,F,,,P1D,,A,,,,,,,99Q1=100,,,4,,4F0,,Polish zloty/Euro ECB reference exchange rate,"ECB reference exchange rate, Polish zloty/Euro, 2.15 pm (C.E.T.)",PLN,0
EXR.D.PLN.EUR.SP00.A,D,PLN,EUR,SP00,A,2026-08-11,4.2965,A,F,,,P1D,,A,,,,,,,99Q1=100,,,4,,4F0,,Polish zloty/Euro ECB reference exchange rate,"ECB reference exchange rate, Polish zloty/Euro, 2.15 pm (C.E.T.)",PLN,0
EXR.D.PLN.EUR.SP00.A,D,PLN,EUR,SP00,A,2026-08-12,4.3043,A,F,,,P1D,,A,,,,,,,99Q1=100,,,4,,4F0,,Polish zloty/Euro ECB reference exchange rate,"ECB reference exchange rate, Polish zloty/Euro, 2.15 pm (C.E.T.)",PLN,0
EXR.D.PLN.EUR.SP00.A,D,PLN,EUR,SP00,A,2026-08-13,4.3048,A,F,,,P1D,,A,,,,,,,99Q1=100,,,4,,4F0,,Polish zloty/Euro ECB reference exchange rate,"ECB reference exchange rate, Polish zloty/Euro, 2.15 pm (C.E.T.)",PLN,0
EXR.D.PLN.EUR.SP00.A,D,PLN,EUR,SP00,A,2026-08-14,4.3068,A,F,,,P1D,,A,,,,,,,99Q1=100,,,4,,4F0,,Polish zloty/Euro ECB reference exchange rate,"ECB reference exchange rate, Polish zloty/Euro, 2.15 pm (C.E.T.)",PLN,0
EXR.D.PLN.EUR.SP00.A,D,PLN,EUR,SP00,A,2026-08-17,4.3063,A,F,,,P1D,,A,,,,,,,99Q1=100,,,4,,4F0,,Polish zloty/Euro ECB reference exchange rate,"ECB reference exchange rate, Polish zloty/Euro, 2.15 pm (C.E.T.)",PLN,0
EXR.D.PLN.EUR.SP00.A,D,PLN,EUR,SP00,A,2026-08-18,4.319,A,F,,,P1D,,A,,,,,,,99Q1=100,,,4,,4F0,,Polish zloty/Euro ECB reference exchange rate,"ECB reference exchange rate, Polish zloty/Euro, 2.15 pm (C.E.T.)",PLN,0
EXR.D.PLN.EUR.SP00.A,D,PLN,EUR,SP00,A,2026-08-19,4.3245,A,F,,,P1D,,A,,,,,,,99Q1=100,,,4,,4F0,,Polish zloty/Euro ECB reference exchange rate,"ECB reference exchange rate, Polish zloty/Euro, 2.15 pm (C.E.T.)",PLN,0
EXR.D.PLN.EUR.SP00.A,D,PLN,EUR,SP00,A,2026-08-20,4.3188,A,F,,,P1D,,A,,,,,,,99Q1=100,,,4,,4F0,,Polish zloty/Euro ECB reference exchange rate,"ECB reference exchange rate, Polish zloty/Euro, 2.15 pm (C.E.T.)",PLN,0
EXR.D.PLN.EUR.SP00.A,D,PLN,EUR,SP00,A,2026-08-21,4.3078,A,F,,,P1D,,A,,,,,,,99Q1=100,,,4,,4F0,,Polish zloty/Euro ECB reference exchange rate,"ECB reference exchange rate, Polish zloty/Euro, 2.15 pm (C.E.T.)",PLN,0
EXR.D.PLN.EUR.SP00.A,D,PLN,EUR,SP00,A,2026-08-24,4.3078,A,F,,,P1D,,A,,,,,,,99Q1=100,,,4,,4F0,,Polish zloty/Euro ECB reference exchange rate,"ECB reference exchange rate, Polish zloty/Euro, 2.15 pm (C.E.T.)",PLN,0
EXR.D.PLN.EUR.SP00.A,D,PLN,EUR,SP00,A,2026-08-25,4.3055,A,F,,,P1D,,A,,,,,,,99Q1=100,,,4,,4F0,,Polish zloty/Euro ECB reference exchange rate,"ECB reference exchange rate, Polish zloty/Euro, 2.15 pm (C.E.T.)",PLN,0
EXR.D.PLN.EUR.SP00.A,D,PLN,EUR,SP00,A,2026-08-26,4.2955,A,F,,,P1D,,A,,,,,,,99Q1=100,,,4,,4F0,,Polish zloty/Euro ECB reference exchange rate,"ECB reference exchange rate, Polish zloty/Euro, 2.15 pm (C.E.T.)",PLN,0
EXR.D.PLN.EUR.SP00.A,D,PLN,EUR,SP00,A,2026-08-27,4.3268,A,F,,,P1D,,A,,,,,,,99Q1=100,,,4,,4F0,,Polish zloty/Euro ECB reference exchange rate,"ECB reference exchange rate, Polish zloty/Euro, 2.15 pm (C.E.T.)",PLN,0
EXR.D.PLN.EUR.SP00.A,D,PLN,EUR,SP00,A,2026-08-28,4.3365,A,F,,,P1D,,A,,,,,,,99Q1=100,,,4,,4F0,,Polish zloty/Euro ECB reference exchange rate,"ECB reference exchange rate, Polish zloty/Euro, 2.15 pm (C.E.T.)",PLN,0
EXR.D.PLN.EUR.SP00.A,D,PLN,EUR,SP00,A,2026-08-31,4.328,A,F,,,P1D,,A,,,,,,,99Q1=100,,,4,,4F0,,Polish zloty/Euro ECB reference exchange rate,"ECB reference exchange rate, Polish zloty/Euro, 2.15 pm (C.E.T.)",PLN,0
EXR.D.PLN.EUR.SP00.A,D,PLN,EUR,SP00,A,2026-09-01,4.3313,A,F,,,P1D,,A,,,,,,,99Q1=100,,,4,,4F0,,Polish zloty/Euro ECB reference exchange rate,"ECB reference exchange rate, Polish zloty/Euro, 2.15 pm (C.E.T.)",PLN,0
EXR.D.PLN.EUR.SP00.A,D,PLN,EUR,SP00,A,2026-09-02,4.3265,A,F,,,P1D,,A,,,,,,,99Q1=100,,,4,,4F0,,Polish zloty/Euro ECB reference exchange rate,"ECB reference exchange rate, Polish zloty/Euro, 2.15 pm (C.E.T.)",PLN,0
EXR.D.PLN.EUR.SP00.A,D,PLN,EUR,SP00,A,2026-09-03,4.3265,A,F,,,P1D,,A,,,,,,,99Q1=100,,,4,,4F0,,Polish zloty/Euro ECB reference exchange rate,"ECB reference exchange rate, Polish zloty/Euro, 2.15 pm (C.E.T.)",PLN,0
EXR.D.PLN.EUR.SP00.A,D,PLN,EUR,SP00,A,2026-09-04,4.3148,A,F,,,P1D,,A,,,,,,,99Q1=100,,,4,,4F0,,Polish zloty/Euro ECB reference exchange rate,"ECB reference exchange rate, Polish zloty/Euro, 2.15 pm (C.E.T.)",PLN,0
EXR.D.PLN.EUR.SP00.A,D,PLN,EUR,SP00,A,2026-09-07,4.3103,A,F,,,P1D,,A,,,,,,,99Q1=100,,,4,,4F0,,Polish zloty/Euro ECB reference exchange rate,"ECB reference exchange rate, Polish zloty/Euro, 2.15 pm (C.E.T.)",PLN,0
EXR.D.PLN.EUR.SP00.A,D,PLN,EUR,SP00,A,2026-09-08,4.3178,A,F,,,P1D,,A,,,,,,,99Q1=100,,,4,,4F0,,Polish zloty/Euro ECB reference exchange rate,"ECB reference exchange rate, Polish zloty/Euro, 2.15 pm (C.E.T.)",PLN,0
EXR.D.PLN.EUR.SP00.A,D,PLN,EUR,SP00,A,2026-09-09,4.3153,A,F,,,P1D,,A,,,,,,,99Q1=100,,,4,,4F0,,Polish zloty/Euro ECB reference exchange rate,"ECB reference exchange rate, Polish zloty/Euro, 2.15 pm (C.E.T.)",PLN,0
EXR.D.PLN.EUR.SP00.A,D,PLN,EUR,SP00,A,2026-09-10,4.322,A,F,,,P1D,,A,,,,,,,99Q1=100,,,4,,4F0,,Polish zloty/Euro ECB reference exchange rate,"ECB reference exchange rate, Polish zloty/Euro, 2.15 pm (C.E.T.)",PLN,0
EXR.D.PLN.EUR.SP00.A,D,PLN,EUR,SP00,A,2026-09-11,4.325,A,F,,,P1D,,A,,,,,,,99Q1=100,,,4,,4F0,,Polish zloty/Euro ECB reference exchange rate,"ECB reference exchange rate, Polish zloty/Euro, 2.15 pm (C.E.T.)",PLN,0
EXR.D.PLN.EUR.SP00.A,D,PLN,EUR,SP00,A,2026-09-14,4.3418,A,F,,,P1D,,A,,,,,,,99Q1=100,,,4,,4F0,,Polish zloty/Euro ECB reference exchange rate,"ECB reference exchange rate, Polish zloty/Euro, 2.15 pm (C.E.T.)",PLN,0
EXR.D.PLN.EUR.SP00.A,D,PLN,EUR,SP00,A,2026-09-15,4.34,A,F,,,P1D,,A,,,,,,,99Q1=100,,,4,,4F0,,Polish zloty/Euro ECB reference exchange rate,"ECB reference exchange rate, Polish zloty/Euro, 2.15 pm (C.E.T.)",PLN,0
EXR.D.PLN.EUR.SP00.A,D,PLN,EUR,SP00,A,2026-09-16,4.3473,A,F,,,P1D,,A,,,,,,,99Q1=100,,,4,,4F0,,Polish zloty/Euro ECB reference exchange rate,"ECB reference exchange rate, Polish zloty/Euro, 2.15 pm (C.E.T.)",PLN,0
EXR.D.PLN.EUR.SP00.A,D,PLN,EUR,SP00,A,2026-09-17,4.358,A,F,,,P1D,,A,,,,,,,99Q1=100,,,4,,4F0,,Polish zloty/Euro ECB reference exchange rate,"ECB reference exchange rate, Polish zloty/Euro, 2.15 pm (C.E.T.)",PLN,0
EXR.D.PLN.EUR.SP00.A,D,PLN,EUR,SP00,A,2026-09-18,4.3635,A,F,,,P1D,,A,,,,,,,99Q1=100,,,4,,4F0,,Polish zloty/Euro ECB reference exchange rate,"ECB reference exchange rate, Polish zloty/Euro, 2.15 pm (C.E.T.)",PLN,0
EXR.D.PLN.EUR.SP00.A,D,PLN,EUR,SP00,A,2026-09-21,4.353,A,F,,,P1D,,A,,,,,,,99Q1=100,,,4,,4F0,,Polish zloty/Euro ECB reference exchange rate,"ECB reference exchange rate, Polish zloty/Euro, 2.15 pm (C.E.T.)",PLN,0
EXR.D.PLN.EUR.SP00.A,D,PLN,EUR,SP00,A,2026-09-22,4.348,A,F,,,P1D,,A,,,,,,,99Q1=100,,,4,,4F0,,Polish zloty/Euro ECB reference exchange rate,"ECB reference exchange rate, Polish zloty/Euro, 2.15 pm (C.E.T.)",PLN,0
EXR.D.PLN.EUR.SP00.A,D,PLN,EUR,SP00,A,2026-09-23,4.3765,A,F,,,P1D,,A,,,,,,,99Q1=100,,,4,,4F0,,Polish zloty/Euro ECB reference exchange rate,"ECB reference exchange rate, Polish zloty/Euro, 2.15 pm (C.E.T.)",PLN,0
EXR.D.PLN.EUR.SP00.A,D,PLN,EUR,SP00,A,2026-09-24,4.3823,A,F,,,P1D,,A,,,,,,,99Q1=100,,,4,,4F0,,Polish zloty/Euro ECB reference exchange rate,"ECB reference exchange rate, Polish zloty/Euro, 2.15 pm (C.E.T.)",PLN,0
EXR.D.SEK.EUR.SP00.A,D,SEK,EUR,SP00,A,2025-09-25,11.0485,A,F,,,P1D,,A,,,,,,,99Q1=100,,,4,,4F0,,Swedish krona/Euro ECB reference exchange rate,"ECB reference exchange rate, Swedish krona/Euro, 2.15 pm (C.E.T.)",SEK,0
EXR.D.SEK.EUR.SP00.A,D,SEK,EUR,SP00,A,2025-09-26,11.037,A,F,,,P1D,,A,,,,,,,99Q1=100,,,4,,4F0,,Swedish krona/Euro ECB reference exchange rate,"ECB reference exchange rate, Swedish krona/Euro, 2.15 pm (C.E.T.)",SEK,0
EXR.D.SEK.EUR.SP00.A,D,SEK,EUR,SP00,A,2025-09-29,11.03,A,F,,,P1D,,A,,,,,,,99Q1=100,,,4,,4F0,,Swedish krona/Euro ECB reference exchange rate,"ECB reference exchange rate, Swedish krona/Euro, 2.15 pm (C.E.T.)",SEK,0
EXR.D.SEK.EUR.SP00.A,D,SEK,EUR,SP00,A,2025-09-30,11.0565,A,F,,,P1D,,A,,,,,,,99Q1=100,,,4,,4F0,,Swedish krona/Euro ECB reference exchange rate,"ECB reference exchange rate, Swedish krona/Euro, 2.15 pm (C.E.T.)",SEK,0
EXR.D.SEK.EUR.SP00.A,D,SEK,EUR,SP00,A,2025-10-01,11.0355,A,F,,,P1D,,A,,,,,,,99Q1=100,,,4,,4F0,,Swedish krona/Euro ECB reference exchange rate,"ECB reference exchange rate, Swedish krona/Euro, 2.15 pm (C.E.T.)",SEK,0
EXR.D.SEK.EUR.SP00.A,D,SEK,EUR,SP00,A,2025-10-02,11.0025,A,F,,,P1D,,A,,,,,,,99Q1=100,,,4,,4F0,,Swedish krona/Euro ECB reference exchange rate,"ECB reference exchange rate, Swedish krona/Euro, 2.15 pm (C.E.T.)",SEK,0
EXR.D.SEK.EUR.SP00.A,D,SEK,EUR,SP00,A,2025-10-03,11.003,A,F,,,P1D,,A,,,,,,,99Q1=100,,,4,,4F0,,Swedish krona/Euro ECB reference exchange rate,"ECB reference exchange rate, Swedish krona/Euro, 2.15 pm (C.E.T.)",SEK,0
EXR.D.SEK.EUR.SP00.A,D,SEK,EUR,SP00,A,2025-10-06,10.988,A,F,,,P1D,,A,,,,,,,99Q1=100,,,4,,4F0,,Swedish krona/Euro ECB reference exchange rate,"ECB reference exchange rate, Swedish krona/Euro, 2.15 pm (C.E.T.)",SEK,0
EXR.D.SEK.EUR.SP00.A,D,SEK,EUR,SP00,A,2025-10-07,10.9495,A,F,,,P1D,,A,,,,,,,99Q1=100,,,4,,4F0,,Swedish krona/Euro ECB reference exchange rate,"ECB reference exchange rate, Swedish krona/Euro, 2.15 pm (C.E.T.)",SEK,0
EXR.D.SEK.EUR.SP00.A,D,SEK,EUR,SP00,A,2025-10-08,10.9635,A,F,,,P1D,,A,,,,,,,99Q1=100,,,4,,4F0,,Swedish krona/Euro ECB reference exchange rate,"ECB reference exchange rate, Swedish krona/Euro, 2.15 pm (C.E.T.)",SEK,0
EXR.D.SEK.EUR.SP00.A,D,SEK,EUR,SP00,A,2025-10-09,10.987,A,F,,,P1D,,A,,,,,,,99Q1=100,,,4,,4F0,,Swedish krona/Euro ECB reference exchange rate,"ECB reference exchange rate, Swedish krona/Euro, 2.15 pm (C.E.T.)",SEK,0
EXR.D.SEK.EUR.SP00.A,D,SEK,EUR,SP00,A,2025-10-10,11.008,A,F,,,P1D,,A,,,,,,,99Q1=100,,,4,,4F0,,Swedish krona/Euro ECB reference exchange rate,"ECB reference exchange rate, Swedish krona/Euro, 2.15 pm (C.E.T.)",SEK,0
EXR.D.SEK.EUR.SP00.A,D,SEK,EUR,SP00,A,2025-10-13,11.013,A,F,,,P1D,,A,,,,,,,99Q1=100,,,4,,4F0,,Swedish krona/Euro ECB reference exchange rate,"ECB reference exchange rate, Swedish krona/Euro, 2.15 pm (C.E.T.)",SEK,0
EXR.D.SEK.EUR.SP00.A,D,SEK,EUR,SP00,A,2025-10-14,11.038,A,F,,,P1D,,A,,,,,,,99Q1=100,,,4,,4F0,,Swedish krona/Euro ECB reference exchange rate,"ECB reference exchange rate, Swedish krona/Euro, 2.15 pm (C.E.T.)",SEK,0
EXR.D.SEK.EUR.SP00.A,D,SEK,EUR,SP00,A,2025-10-15,11.0195,A,F,,,P1D,,A,,,,,,,99Q1=100,,,4,,4F0,,Swedish krona/Euro ECB reference exchange rate,"ECB reference exchange rate, Swedish krona/Euro, 2.15 pm (C.E.T.)",SEK,0
EXR.D.SEK.EUR.SP00.A,D,SEK,EUR,SP00,A,2025-10-16,11.013,A,F,,,P1D,,A,,,,,,,99Q1=100,,,4,,4F0,,Swedish krona/Euro ECB reference exchange rate,"ECB reference exchange rate, Swedish krona/Euro, 2.15 pm (C.E.T.)",SEK,0
EXR.D.SEK.EUR.SP00.A,D,SEK,EUR,SP00,A,2025-10-17,11.03,A,F,,,P1D,,A,,,,,,,99Q1=100,,,4,,4F0,,Swedish krona/Euro ECB reference exchange rate,"ECB reference exchange rate, Swedish krona/Euro, 2.15 pm (C.E.T.)",SEK,0
EXR.D.SEK.EUR.SP00.A,D,SEK,EUR,SP00,A,2025-10-20,10.99,A,F,,,P1D,,A,,,,,,,99Q1=100,,,4,,4F0,,Swedish krona/Euro ECB reference exchange rate,"ECB reference exchange rate, Swedish krona/Euro, 2.15 pm (C.E.T.)",SEK,0
EXR.D.SEK.EUR.SP00.A,D,SEK,EUR,SP00,A,2025-10-21,10.9345,A,F,,,P1D,,A,,,,,,,99Q1=100,,,4,,4F0,,Swedish krona/Euro ECB reference exchange rate,"ECB reference exchange rate, Swedish krona/Euro, 2.15 pm (C.E.T.)",SEK,0
EXR.D.SEK.EUR.SP00.A,D,SEK,EUR,SP00,A,2025-10-22,10.916,A,F,,,P1D,,A,,,,,,,99Q1=100,,,4,,4F0,,Swedish krona/Euro ECB reference exchange rate,"ECB reference exchange rate, Swedish krona/Euro, 2.15 pm (C.E.T.)",SEK,0
EXR.D.SEK.EUR.SP00.A,D,SEK,EUR,SP00,A,2025-10-23,10.9193,A,F,,,P1D,,A,,,,,,,99Q1=100,,,4,,4F0,,Swedish krona/Euro ECB reference exchange rate,"ECB reference exchange rate, Swedish krona/Euro, 2.15 pm (C.E.T.)",SEK,0
EXR.D.SEK.EUR.SP00.A,D,SEK,EUR,SP00,A,2025-10-24,10.904,A,F,,,P1D,,A,,,,,,,99Q1=100,,,4,,4F0,,Swedish krona/Euro ECB reference exchange rate,"ECB reference exchange rate, Swedish krona/Euro, 2.15 pm (C.E.T.)",SEK,0
EXR.D.SEK.EUR.SP00.A,D,SEK,EUR,SP00,A,2025-10-27,10.912,A,F,,,P1D,,A,,,,,,,99Q1=100,,,4,,4F0,,Swedish krona/Euro ECB reference exchange rate,"ECB reference exchange rate, Swedish krona/Euro, 2.15 pm (C.E.T.)",SEK,0
EXR.D.SEK.EUR.SP00.A,D,SEK,EUR,SP00,A,2025-10-28,10.921,A,F,,,P1D,,A,,,,,,,99Q1=100,,,4,,4F0,,Swedish krona/Euro ECB reference exchange rate,"ECB reference exchange rate, Swedish krona/Euro, 2.15 pm (C.E.T.)",SEK,0
EXR.D.SEK.EUR.SP00.A,D,SEK,EUR,SP00,A,2025-10-29,10.896,A,F,,,P1D,,A,,,,,,,99Q1=100,,,4,,4F0,,Swedish krona/Euro ECB reference exchange rate,"ECB reference exchange rate, Swedish krona/Euro, 2.15 pm (C.E.T.)",SEK,0
EXR.D.SEK.EUR.SP00.A,D,SEK,EUR,SP00,A,2025-10-30,10.94,A,F,,,P1D,,A,,,,,,,99Q1=100,,,4,,4F0,,Swedish krona/Euro ECB reference exchange rate,"ECB reference exchange rate, Swedish krona/Euro, 2.15 pm (C.E.T.)",SEK,0
EXR.D.SEK.EUR.SP00.A,D,SEK,EUR,SP00,A,2025-10-31,10.925,A,F,,,P1D,,A,,,,,,,99Q1=100,,,4,,4F0,,Swedish krona/Euro ECB reference exchange rate,"ECB reference exchange rate, Swedish krona/Euro, 2.15 pm (C.E.T.)",SEK,0
EXR.D.SEK.EUR.SP00.A,D,SEK,EUR,SP00,A,2025-11-03,10.935,A,F,,,P1D,,A,,,,,,,99Q1=100,,,4,,4F0,,Swedish krona/Euro ECB reference exchange rate,"ECB reference exchange rate, Swedish krona/Euro, 2.15 pm (C.E.T.)",SEK,0
EXR.D.SEK.EUR.SP00.A,D,SEK,EUR,SP00,A,2025-11-04,10.9865,A,F,,,P1D,,A,,,,,,,99Q1=100,,,4,,4F0,,Swedish krona/Euro ECB reference exchange rate,"ECB reference exchange rate, Swedish krona/Euro, 2.15 pm (C.E.T.)",SEK,0
EXR.D.SEK.EUR.SP00.A,D,SEK,EUR,SP00,A,2025-11-05,11.0175,A,F,,,P1D,,A,,,,,,,99Q1=100,,,4,,4F0,,Swedish krona/Euro ECB reference exchange rate,"ECB reference exchange rate, Swedish krona/Euro, 2.15 pm (C.E.T.)",SEK,0
EXR.D.SEK.EUR.SP00.A,D,SEK,EUR,SP00,A,2025-11-06,10.99,A,F,,,P1D,,A,,,,,,,99Q1=100,,,4,,4F0,,Swedish krona/Euro ECB reference exchange rate,"ECB reference exchange rate, Swedish krona/Euro, 2.15 pm (C.E.T.)",SEK,0
EXR.D.SEK.EUR.SP00.A,D,SEK,EUR,SP00,A,2025-11-07,11.046,A,F,,,P1D,,A,,,,,,,99Q1=100,,,4,,4F0,,Swedish krona/Euro ECB reference exchange rate,"ECB reference exchange rate, Swedish krona/Euro, 2.15 pm (C.E.T.)",SEK,0
EXR.D.SEK.EUR.SP00.A,D,SEK,EUR,SP00,A,2025-11-10,10.987,A,F,,,P1D,,A,,,,,,,99Q1=100,,,4,,4F0,,Swedish krona/Euro ECB reference exchange rate,"ECB reference exchange rate, Swedish krona/Euro, 2.15 pm (C.E.T.)",SEK,0
EXR.D.SEK.EUR.SP00.A,D,SEK,EUR,SP00,A,2025-11-11,10.973,A,F,,,P1D,,A,,,,,,,99Q1=100,,,4,,4F0,,Swedish krona/Euro ECB reference exchange rate,"ECB reference exchange rate, Swedish krona/Euro, 2.15 pm (C.E.T.)",SEK,0
EXR.D.SEK.EUR.SP00.A,D,SEK,EUR,SP00,A,2025-11-12,10.9395,A,F,,,P1D,,A,,,,,,,99Q1=100,,,4,,4F0,,Swedish krona/Euro ECB reference exchange rate,"ECB reference exchange rate, Swedish krona/Euro, 2.15 pm (C.E.T.)",SEK,0
EXR.D.SEK.EUR.SP00.A,D,SEK,EUR,SP00,A,2025-11-13,10.9405,A,F,,,P1D,,A,,,,,,,99Q1=100,,,4,,4F0,,Swedish krona/Euro ECB reference exchange rate,"ECB reference exchange rate, Swedish krona/Euro, 2.15 pm (C.E.T.)",SEK,0
EXR.D.SEK.EUR.SP00.A,D,SEK,EUR,SP00,A,2025-11-14,10.9835,A,F,,,P1D,,A,,,,,,,99Q1=100,,,4,,4F0,,Swedish krona/Euro ECB reference exchange rate,"ECB reference exchange rate, Swedish krona/Euro, 2.15 pm (C.E.T.)",SEK,0
EXR.D.SEK.EUR.SP00.A,D,SEK,EUR,SP00,A,2025-11-17,10.9635,A,F,,,P1D,,A,,,,,,,99Q1=100,,,4,,4F0,,Swedish krona/Euro ECB reference exchange rate,"ECB reference exchange rate, Swedish krona/Euro, 2.15 pm (C.E.T.)",SEK,0
EXR.D.SEK.EUR.SP00.A,D,SEK,EUR,SP00,A,2025-11-18,10.997,A,F,,,P1D,,A,,,,,,,99Q1=100,,,4,,4F0,,Swedish krona/Euro ECB reference exchange rate,"ECB reference exchange rate, Swedish krona/Euro, 2.15 pm (C.E.T.)",SEK,0
EXR.D.SEK.EUR.SP00.A,D,SEK,EUR,SP00,A,2025-11-19,10.992,A,F,,,P1D,,A,,,,,,,99Q1=100,,,4,,4F0,,Swedish krona/Euro ECB reference exchange rate,"ECB reference exchange rate, Swedish krona/Euro, 2.15 pm (C.E.T.)",SEK,0
EXR.D.SEK.EUR.SP00.A,D,SEK,EUR,SP00,A,2025-11-20,10.9995,A,F,,,P1D,,A,,,,,,,99Q1=100,,,4,,4F0,,Swedish krona/Euro ECB reference exchange rate,"ECB reference exchange rate, Swedish krona/Euro, 2.15 pm (C.E.T.)",SEK,0
EXR.D.SEK.EUR.SP00.A,D,SEK,EUR,SP00,A,2025-11-21,11.026,A,F,,,P1D,,A,,,,,,,99Q1=100,,,4,,4F0,,Swedish krona/Euro ECB reference exchange rate,"ECB reference exchange rate, Swedish krona/Euro, 2.15 pm (C.E.T.)",SEK,0
EXR.D.SEK.EUR.SP00.A,D,SEK,EUR,SP00,A,2025-11-24,11.006,A,F,,,P1D,,A,,,,,,,99Q1=100,,,4,,4F0,,Swedish krona/Euro ECB reference exchange rate,"ECB reference exchange rate, Swedish krona/Euro, 2.15 pm (C.E.T.)",SEK,0
EXR.D.SEK.EUR.SP00.A,D,SEK,EUR,SP00,A,2025-11-25,11.048,A,F,,,P1D,,A,,,,,,,99Q1=100,,,4,,4F0,,Swedish krona/Euro ECB reference exchange rate,"ECB reference exchange rate, Swedish krona/Euro, 2.15 pm (C.E.T.)",SEK,0
EXR.D.SEK.EUR.SP00.A,D,SEK,EUR,SP00,A,2025-11-26,11.0345,A,F,,,P1D,,A,,,,,,,99Q1=100,,,4,,4F0,,Swedish krona/Euro ECB reference exchange rate,"ECB reference exchange rate, Swedish krona/Euro, 2.15 pm (C.E.T.)",SEK,0
EXR.D.SEK.EUR.SP00.A,D,SEK,EUR,SP00,A,2025-11-27,10.9945,A,F,,,P1D,,A,,,,,,,99Q1=100,,,4,,4F0,,Swedish krona/Euro ECB reference exchange rate,"ECB reference exchange rate, Swedish krona/Euro, 2.15 pm (C.E.T.)",SEK,0
EXR.D.SEK.EUR.SP00.A,D,SEK,EUR,SP00,A,2025-11-28,10.9695,A,F,,,P1D,,A,,,,,,,99Q1=100,,,4,,4F0,,Swedish krona/Euro ECB reference exchange rate,"ECB reference exchange rate, Swedish krona/Euro, 2.15 pm (C.E.T.)",SEK,0
EXR.D.SEK.EUR.SP00.A,D,SEK,EUR,SP00,A,2025-12-01,10.963,A,F,,,P1D,,A,,,,,,,99Q1=100,,,4,,4F0,,Swedish krona/Euro ECB reference exchange rate,"ECB reference exchange rate, Swedish krona/Euro, 2.15 pm (C.E.T.)",SEK,0
EXR.D.SEK.EUR.SP00.A,D,SEK,EUR,SP00,A,2025-12-02,10.9865,A,F,,,P1D,,A,,,,,,,99Q1=100,,,4,,4F0,,Swedish krona/Euro ECB reference exchange rate,"ECB reference exchange rate, Swedish krona/Euro, 2.15 pm (C.E.T.)",SEK,0
EXR.D.SEK.EUR.SP00.A,D,SEK,EUR,SP00,A,2025-12-03,10.955,A,F,,,P1D,,A,,,,,,,99Q1=100,,,4,,4F0,,Swedish krona/Euro ECB reference exchange rate,"ECB reference exchange rate, Swedish krona/Euro, 2.15 pm (C.E.T.)",SEK,0
EXR.D.SEK.EUR.SP00.A,D,SEK,EUR,SP00,A,2025-12-04,10.967,A,F,,,P1D,,A,,,,,,,99Q1=100,,,4,,4F0,,Swedish krona/Euro ECB reference exchange rate,"ECB reference exchange rate, Swedish krona/Euro, 2.15 pm (C.E.T.)",SEK,0
EXR.D.SEK.EUR.SP00.A,D,SEK,EUR,SP00,A,2025-12-05,10.959,A,F,,,P1D,,A,,,,,,,99Q1=100,,,4,,4F0,,Swedish krona/Euro ECB reference exchange rate,"ECB reference exchange rate, Swedish krona/Euro, 2.15 pm (C.E.T.)",SEK,0
EXR.D.SEK.EUR.SP00.A,D,SEK,EUR,SP00,A,2025-12-08,10.9495,A,F,,,P1D,,A,,,,,,,99Q1=100,,,4,,4F0,,Swedish krona/Euro ECB reference exchange rate,"ECB reference exchange rate, Swedish krona/Euro, 2.15 pm (C.E.T.)",SEK,0
EXR.D.SEK.EUR.SP00.A,D,SEK,EUR,SP00,A,2025-12-09,10.9015,A,F,,,P1D,,A,,,,,,,99Q1=100,,,4,,4F0,,Swedish krona/Euro ECB reference exchange rate,"ECB reference exchange rate, Swedish krona/Euro, 2.15 pm (C.E.T.)",SEK,0
EXR.D.SEK.EUR.SP00.A,D,SEK,EUR,SP00,A,2025-12-10,10.858,A,F,,,P1D,,A,,,,,,,99Q1=100,,,4,,4F0,,Swedish krona/Euro ECB reference exchange rate,"ECB reference exchange rate, Swedish krona/Euro, 2.15 pm (C.E.T.)",SEK,0
EXR.D.SEK.EUR.SP00.A,D,SEK,EUR,SP00,A,2025-12-11,10.845,A,F,,,P1D,,A,,,,,,,99Q1=100,,,4,,4F0,,Swedish krona/Euro ECB reference exchange rate,"ECB reference exchange rate, Swedish krona/Euro, 2.15 pm (C.E.T.)",SEK,0
EXR.D.SEK.EUR.SP00.A,D,SEK,EUR,SP00,A,2025-12-12,10.8865,A,F,,,P1D,,A,,,,,,,99Q1=100,,,4,,4F0,,Swedish krona/Euro ECB reference exchange rate,"ECB reference exchange rate, Swedish krona/Euro, 2.15 pm (C.E.T.)",SEK,0
EXR.D.SEK.EUR.SP00.A,D,SEK,EUR,SP00,A,2025-12-15,10.9155,A,F,,,P1D,,A,,,,,,,99Q1=100,,,4,,4F0,,Swedish krona/Euro ECB reference exchange rate,"ECB reference exchange rate, Swedish krona/Euro, 2.15 pm (C.E.T.)",SEK,0
EXR.D.SEK.EUR.SP00.A,D,SEK,EUR,SP00,A,2025-12-16,10.942,A,F,,,P1D,,A,,,,,,,99Q1=100,,,4,,4F0,,Swedish krona/Euro ECB reference exchange rate,"ECB reference exchange rate, Swedish krona/Euro, 2.15 pm (C.E.T.)",SEK,0
EXR.D.SEK.EUR.SP00.A,D,SEK,EUR,SP00,A,2025-12-17,10.936,A,F,,,P1D,,A,,,,,,,99Q1=100,,,4,,4F0,,Swedish krona/Euro ECB reference exchange rate,"ECB reference exchange rate, Swedish krona/Euro, 2.15 pm (C.E.T.)",SEK,0
EXR.D.SEK.EUR.SP00.A,D,SEK,EUR,SP00,A,2025-12-18,10.9015,A,F,,,P1D,,A,,,,,,,99Q1=100,,,4,,4F0,,Swedish krona/Euro ECB reference exchange rate,"ECB reference exchange rate, Swedish krona/Euro, 2.15 pm (C.E.T.)",SEK,0
EXR.D.SEK.EUR.SP00.A,D,SEK,EUR,SP00,A,2025-12-19,10.904,A,F,,,P1D,,A,,,,,,,99Q1=100,,,4,,4F0,,Swedish krona/Euro ECB reference exchange rate,"ECB reference exchange rate, Swedish krona/Euro, 2.15 pm (C.E.T.)",SEK,0
EXR.D.SEK.EUR.SP00.A,D,SEK,EUR,SP00,A,2025-12-22,10.856,A,F,,,P1D,,A,,,,,,,99Q1=100,,,4,,4F0,,Swedish krona/Euro ECB reference exchange rate,"ECB reference exchange rate, Swedish krona/Euro, 2.15 pm (C.E.T.)",SEK,0
EXR.D.SEK.EUR.SP00.A,D,SEK,EUR,SP00,A,2025-12-23,10.82,A,F,,,P1D,,A,,,,,,,99Q1=100,,,4,,4F0,,Swedish krona/Euro ECB reference exchange rate,"ECB reference exchange rate, Swedish krona/Euro, 2.15 pm (C.E.T.)",SEK,0
EXR.D.SEK.EUR.SP00.A,D,SEK,EUR,SP00,A,2025-12-24,10.8055,A,F,,,P1D,,A,,,,,,,99Q1=100,,,4,,4F0,,Swedish krona/Euro ECB reference exchange rate,"ECB reference exchange rate, Swedish krona/Euro, 2.15 pm (C.E.T.)",SEK,0
EXR.D.SEK.EUR.SP00.A,D,SEK,EUR,SP00,A,2025-12-29,10.816,A,F,,,P1D,,A,,,,,,,99Q1=100,,,4,,4F0,,Swedish krona/Euro ECB reference exchange rate,"ECB reference exchange rate, Swedish krona/Euro, 2.15 pm (C.E.T.)",SEK,0
EXR.D.SEK.EUR.SP00.A,D,SEK,EUR,SP00,A,2025-12-30,10.818,A,F,,,P1D,,A,,,,,,,99Q1=100,,,4,,4F0,,Swedish krona/Euro ECB reference exchange rate,"ECB reference exchange rate, Swedish krona/Euro, 2.15 pm (C.E.T.)",SEK,0
EXR.D.SEK.EUR.SP00.A,D,SEK,EUR,SP00,A,2025-12-31,10.8215,A,F,,,P1D,,A,,,,,,,99Q1=100,,,4,,4F0,,Swedish krona/Euro ECB reference exchange rate,"ECB reference exchange rate, Swedish krona/Euro, 2.15 pm (C.E.T.)",SEK,0
EXR.D.SEK.EUR.SP00.A,D,SEK,EUR,SP00,A,2026-01-02,10.8085,A,F,,,P1D,,A,,,,,,,99Q1=100,,,4,,4F0,,Swedish krona/Euro ECB reference exchange rate,"ECB reference exchange rate, Swedish krona/Euro, 2.15 pm (C.E.T.)",SEK,0
EXR.D.SEK.EUR.SP00.A,D,SEK,EUR,SP00,A,2026-01-05,10.787,A,F,,,P1D,,A,,,,,,,99Q1=100,,,4,,4F0,,Swedish krona/Euro ECB reference exchange rate,"ECB reference exchange rate, Swedish krona/Euro, 2.15 pm (C.E.T.)",SEK,0
EXR.D.SEK.EUR.SP00.A,D,SEK,EUR,SP00,A,2026-01-06,10.765,A,F,,,P1D,,A,,,,,,,99Q1=100,,,4,,4F0,,Swedish krona/Euro ECB reference exchange rate,"ECB reference exchange rate, Swedish krona/Euro, 2.15 pm (C.E.T.)",SEK,0
EXR.D.SEK.EUR.SP00.A,D,SEK,EUR,SP00,A,2026-01-07,10.7365,A,F,,,P1D,,A,,,,,,,99Q1=100,,,4,,4F0,,Swedish krona/Euro ECB reference exchange rate,"ECB reference exchange rate, Swedish krona/Euro, 2.15 pm (C.E.T.)",SEK,0
EXR.D.SEK.EUR.SP00.A,D,SEK,EUR,SP00,A,2026-01-08,10.766,A,F,,,P1D,,A,,,,,,,99Q1=100,,,4,,4F0,,Swedish krona/Euro ECB reference exchange rate,"ECB reference exchange rate, Swedish krona/Euro, 2.15 pm (C.E.T.)",SEK,0
EXR.D.SEK.EUR.SP00.A,D,SEK,EUR,SP00,A,2026-01-09,10.748,A,F,,,P1D,,A,,,,,,,99Q1=100,,,4,,4F0,,Swedish krona/Euro ECB reference exchange rate,"ECB reference exchange rate, Swedish krona/Euro, 2.15 pm (C.E.T.)",SEK,0
EXR.D.SEK.EUR.SP00.A,D,SEK,EUR,SP00,A,2026-01-12,10.7008,A,F,,,P1D,,A,,,,,,,99Q1=100,,,4,,4F0,,Swedish krona/Euro ECB reference exchange rate,"ECB reference exchange rate, Swedish krona/Euro, 2.15 pm (C.E.T.)",SEK,0
EXR.D.SEK.EUR.SP00.A,D,SEK,EUR,SP00,A,2026-01-13,10.7135,A,F,,,P1D,,A,,,,,,,99Q1=100,,,4,,4F0,,Swedish krona/Euro ECB reference exchange rate,"ECB reference exchange rate, Swedish krona/Euro, 2.15 pm (C.E.T.)",SEK,0
EXR.D.SEK.EUR.SP00.A,D,SEK,EUR,SP00,A,2026-01-14,10.723,A,F,,,P1D,,A,,,,,,,99Q1=100,,,4,,4F0,,Swedish krona/Euro ECB reference exchange rate,"ECB reference exchange rate, Swedish krona/Euro, 2.15 pm (C.E.T.)",SEK,0
EXR.D.SEK.EUR.SP00.A,D,SEK,EUR,SP00,A,2026-01-15,10.6985,A,F,,,P1D,,A,,,,,,,99Q1=100,,,4,,4F0,,Swedish krona/Euro ECB reference exchange rate,"ECB reference exchange rate, Swedish krona/Euro, 2.15 pm (C.E.T.)",SEK,0
EXR.D.SEK.EUR.SP00.A,D,SEK,EUR,SP00,A,2026-01-16,10.719,A,F,,,P1D,,A,,,,,,,99Q1=100,,,4,,4F0,,Swedish krona/Euro ECB reference exchange rate,"ECB reference exchange rate, Swedish krona/Euro, 2.15 pm (C.E.T.)",SEK,0
EXR.D.SEK.EUR.SP00.A,D,SEK,EUR,SP00,A,2026-01-19,10.73,A,F,,,P1D,,A,,,,,,,99Q1=100,,,4,,4F0,,Swedish krona/Euro ECB reference exchange rate,"ECB reference exchange rate, Swedish krona/Euro, 2.15 pm (C.E.T.)",SEK,0
EXR.D.SEK.EUR.SP00.A,D,SEK,EUR,SP00,A,2026-01-20,10.708,A,F,,,P1D,,A,,,,,,,99Q1=100,,,4,,4F0,,Swedish krona/Euro ECB reference exchange rate,"ECB reference exchange rate, Swedish krona/Euro, 2.15 pm (C.E.T.)",SEK,0
EXR.D.SEK.EUR.SP00.A,D,SEK,EUR,SP00,A,2026-01-21,10.661,A,F,,,P1D,,A,,,,,,,99Q1=100,,,4,,4F0,,Swedish krona/Euro ECB reference exchange rate,"ECB reference exchange rate, Swedish krona/Euro, 2.15 pm (C.E.T.)",SEK,0
EXR.D.SEK.EUR.SP00.A,D,SEK,EUR,SP00,A,2026-01-22,10.594,A,F,,,P1D,,A,,,,,,,99Q1=100,,,4,,4F0,,Swedish krona/Euro ECB reference exchange rate,"ECB reference exchange rate, Swedish krona/Euro, 2.15 pm (C.E.T.)",SEK,0
EXR.D.SEK.EUR.SP00.A,D,SEK,EUR,SP00,A,2026-01-23,10.5705,A,F,,,P1D,,A,,,,,,,99Q1=100,,,4,,4F0,,Swedish krona/Euro ECB reference exchange rate,"ECB reference exchange rate, Swedish krona/Euro, 2.15 pm (C.E.T.)",SEK,0
EXR.D.SEK.EUR.SP00.A,D,SEK,EUR,SP00,A,2026-01-26,10.6265,A,F,,,P1D,,A,,,,,,,99Q1=100,,,4,,4F0,,Swedish krona/Euro ECB reference exchange rate,"ECB reference exchange rate, Swedish krona/Euro, 2.15 pm (C.E.T.)",SEK,0
EXR.D.SEK.EUR.SP00.A,D,SEK,EUR,SP00,A,2026-01-27,10.582,A,F,,,P1D,,A,,,,,,,99Q1=100,,,4,,4F0,,Swedish krona/Euro ECB reference exchange rate,"ECB reference exchange rate, Swedish krona/Euro, 2.15 pm (C.E.T.)",SEK,0
EXR.D.SEK.EUR.SP00.A,D,SEK,EUR,SP00,A,2026-01-28,10.5885,A,F,,,P1D,,A,,,,,,,99Q1=100,,,4,,4F0,,Swedish krona/Euro ECB reference exchange rate,"ECB reference exchange rate, Swedish krona/Euro, 2.15 pm (C.E.T.)",SEK,0
EXR.D.SEK.EUR.SP00.A,D,SEK,EUR,SP00,A,2026-01-29,10.5645,A,F,,,P1D,,A,,,,,,,99Q1=100,,,4,,4F0,,Swedish krona/Euro ECB reference exchange rate,"ECB reference exchange rate, Swedish krona/Euro, 2.15 pm (C.E.T.)",SEK,0
EXR.D.SEK.EUR.SP00.A,D,SEK,EUR,SP00,A,2026-01-30,10.5205,A,F,,,P1D,,A,,,,,,,99Q1=100,,,4,,4F0,,Swedish krona/Euro ECB reference exchange rate,"ECB reference exchange rate, Swedish krona/Euro, 2.15 pm (C.E.T.)",SEK,0
EXR.D.SEK.EUR.SP00.A,D,SEK,EUR,SP00,A,2026-02-02,10.5935,A,F,,,P1D,,A,,,,,,,99Q1=100,,,4,,4F0,,Swedish krona/Euro ECB reference exchange rate,"ECB reference exchange rate, Swedish krona/Euro, 2.15 pm (C.E.T.)",SEK,0
EXR.D.SEK.EUR.SP00.A,D,SEK,EUR,SP00,A,2026-02-03,10.5485,A,F,,,P1D,,A,,,,,,,99Q1=100,,,4,,4F0,,Swedish krona/Euro ECB reference exchange rate,"ECB reference exchange rate, Swedish krona/Euro, 2.15 pm (C.E.T.)",SEK,0
EXR.D.SEK.EUR.SP00.A,D,SEK,EUR,SP00,A,2026-02-04,10.577,A,F,,,P1D,,A,,,,,,,99Q1=100,,,4,,4F0,,Swedish krona/Euro ECB reference exchange rate,"ECB reference exchange rate, Swedish krona/Euro, 2.15 pm (C.E.T.)",SEK,0
EXR.D.SEK.EUR.SP00.A,D,SEK,EUR,SP00,A,2026-02-05,10.641,A,F,,,P1D,,A,,,,,,,99Q1=100,,,4,,4F0,,Swedish krona/Euro ECB reference exchange rate,"ECB reference exchange rate, Swedish krona/Euro, 2.15 pm (C.E.T.)",SEK,0
EXR.D.SEK.EUR.SP00.A,D,SEK,EUR,SP00,A,2026-02-06,10.6735,A,F,,,P1D,,A,,,,,,,99Q1=100,,,4,,4F0,,Swedish krona/Euro ECB reference exchange rate,"ECB reference exchange rate, Swedish krona/Euro, 2.15 pm (C.E.T.)",SEK,0
EXR.D.SEK.EUR.SP00.A,D,SEK,EUR,SP00,A,2026-02-09,10.6505,A,F,,,P1D,,A,,,,,,,99Q1=100,,,4,,4F0,,Swedish krona/Euro ECB reference exchange rate,"ECB reference exchange rate, Swedish krona/Euro, 2.15 pm (C.E.T.)",SEK,0
EXR.D.SEK.EUR.SP00.A,D,SEK,EUR,SP00,A,2026-02-10,10.6135,A,F,,,P1D,,A,,,,,,,99Q1=100,,,4,,4F0,,Swedish krona/Euro ECB reference exchange rate,"ECB reference exchange rate, Swedish krona/Euro, 2.15 pm (C.E.T.)",SEK,0
EXR.D.SEK.EUR.SP00.A,D,SEK,EUR,SP00,A,2026-02-11,10.564,A,F,,,P1D,,A,,,,,,,99Q1=100,,,4,,4F0,,Swedish krona/Euro ECB reference exchange rate,"ECB reference exchange rate, Swedish krona/Euro, 2.15 pm (C.E.T.)",SEK,0
EXR.D.SEK.EUR.SP00.A,D,SEK,EUR,SP00,A,2026-02-12,10.567,A,F,,,P1D,,A,,,,,,,99Q1=100,,,4,,4F0,,Swedish krona/Euro ECB reference exchange rate,"ECB reference exchange rate, Swedish krona/Euro, 2.15 pm (C.E.T.)",SEK,0
EXR.D.SEK.EUR.SP00.A,D,SEK,EUR,SP00,A,2026-02-13,10.6254,A,F,,,P1D,,A,,,,,,,99Q1=100,,,4,,4F0,,Swedish krona/Euro ECB reference exchange rate,"ECB reference exchange rate, Swedish krona/Euro, 2.15 pm (C.E.T.)",SEK,0
EXR.D.SEK.EUR.SP00.A,D,SEK,EUR,SP00,A,2026-02-16,10.6205,A,F,,,P1D,,A,,,,,,,99Q1=100,,,4,,4F0,,Swedish krona/Euro ECB reference exchange rate,"ECB reference exchange rate, Swedish krona/Euro, 2.15 pm (C.E.T.)",SEK,0
EXR.D.SEK.EUR.SP00.A,D,SEK,EUR,SP00,A,2026-02-17,10.648,A,F,,,P1D,,A,,,,,,,99Q1=100,,,4,,4F0,,Swedish krona/Euro ECB reference exchange rate,"ECB reference exchange rate, Swedish krona/Euro, 2.15 pm (C.E.T.)",SEK,0
EXR.D.SEK.EUR.SP00.A,D,SEK,EUR,SP00,A,2026-02-18,10.616,A,F,,,P1D,,A,,,,,,,99Q1=100,,,4,,4F0,,Swedish krona/Euro ECB reference exchange rate,"ECB reference exchange rate, Swedish krona/Euro, 2.15 pm (C.E.T.)",SEK,0
EXR.D.SEK.EUR.SP00.A,D,SEK,EUR,SP00,A,2026-02-19,10.6915,A,F,,,P1D,,A,,,,,,,99Q1=100,,,4,,4F0,,Swedish krona/Euro ECB reference exchange rate,"ECB reference exchange rate, Swedish krona/Euro, 2.15 pm (C.E.T.)",SEK,0
EXR.D.SEK.EUR.SP00.A,D,SEK,EUR,SP00,A,2026-02-20,10.6745,A,F,,,P1D,,A,,,,,,,99Q1=100,,,4,,4F0,,Swedish krona/Euro ECB reference exchange rate,"ECB reference exchange rate, Swedish krona/Euro, 2.15 pm (C.E.T.)",SEK,0
EXR.D.SEK.EUR.SP00.A,D,SEK,EUR,SP00,A,2026-02-23,10.6955,A,F,,,P1D,,A,,,,,,,99Q1=100,,,4,,4F0,,Swedish krona/Euro ECB reference exchange rate,"ECB reference exchange rate, Swedish krona/Euro, 2.15 pm (C.E.T.)",SEK,0
EXR.D.SEK.EUR.SP00.A,D,SEK,EUR,SP00,A,2026-02-24,10.688,A,F,,,P1D,,A,,,,,,,99Q1=100,,,4,,4F0,,Swedish krona/Euro ECB reference exchange rate,"ECB reference exchange rate, Swedish krona/Euro, 2.15 pm (C.E.T.)",SEK,0
EXR.D.SEK.EUR.SP00.A,D,SEK,EUR,SP00,A,2026-02-25,10.6765,A,F,,,P1D,,A,,,,,,,99Q1=100,,,4,,4F0,,Swedish krona/Euro ECB reference exchange rate,"ECB reference exchange rate, Swedish krona/Euro, 2.15 pm (C.E.T.)",SEK,0
EXR.D.SEK.EUR.SP00.A,D,SEK,EUR,SP00,A,2026-02-26,10.673,A,F,,,P1D,,A,,,,,,,99Q1=100,,,4,,4F0,,Swedish krona/Euro ECB reference exchange rate,"ECB reference exchange rate, Swedish krona/Euro, 2.15 pm (C.E.T.)",SEK,0
EXR.D.SEK.EUR.SP00.A,D,SEK,EUR,SP00,A,2026-02-27,10.6643,A,F,,,P1D,,A,,,,,,,99Q1=100,,,4,,4F0,,Swedish krona/Euro ECB reference exchange rate,"ECB reference exchange rate, Swedish krona/Euro, 2.15 pm (C.E.T.)",SEK,0
EXR.D.SEK.EUR.SP00.A,D,SEK,EUR,SP00,A,2026-03-02,10.708,A,F,,,P1D,,A,,,,,,,99Q1=100,,,4,,4F0,,Swedish krona/Euro ECB reference exchange rate,"ECB reference exchange rate, Swedish krona/Euro, 2.15 pm (C.E.T.)",SEK,0
EXR.D.SEK.EUR.SP00.A,D,SEK,EUR,SP00,A,2026-03-03,10.7265,A,F,,,P1D,,A,,,,,,,99Q1=100,,,4,,4F0,,Swedish krona/Euro ECB reference exchange rate,"ECB reference exchange rate, Swedish krona/Euro, 2.15 pm (C.E.T.)",SEK,0
EXR.D.SEK.EUR.SP00.A,D,SEK,EUR,SP00,A,2026-03-04,10.6785,A,F,,,P1D,,A,,,,,,,99Q1=100,,,4,,4F0,,Swedish krona/Euro ECB reference exchange rate,"ECB reference exchange rate, Swedish krona/Euro, 2.15 pm (C.E.T.)",SEK,0
EXR.D.SEK.EUR.SP00.A,D,SEK,EUR,SP00,A,2026-03-05,10.6885,A,F,,,P1D,,A,,,,,,,99Q1=100,,,4,,4F0,,Swedish krona/Euro ECB reference exchange rate,"ECB reference exchange rate, Swedish krona/Euro, 2.15 pm (C.E.T.)",SEK,0
EXR.D.SEK.EUR.SP00.A,D,SEK,EUR,SP00,A,2026-03-06,10.693,A,F,,,P1D,,A,,,,,,,99Q1=100,,,4,,4F0,,Swedish krona/Euro ECB reference exchange rate,"ECB reference exchange rate, Swedish krona/Euro, 2.15 pm (C.E.T.)",SEK,0
EXR.D.SEK.EUR.SP00.A,D,SEK,EUR,SP00,A,2026-03-09,10.6945,A,F,,,P1D,,A,,,,,,,99Q1=100,,,4,,4F0,,Swedish krona/Euro ECB reference exchange rate,"ECB reference exchange rate, Swedish krona/Euro, 2.15 pm (C.E.T.)",SEK,0
EXR.D.SEK.EUR.SP00.A,D,SEK,EUR,SP00,A,2026-03-10,10.606,A,F,,,P1D,,A,,,,,,,99Q1=100,,,4,,4F0,,Swedish krona/Euro ECB reference exchange rate,"ECB reference exchange rate, Swedish krona/Euro, 2.15 pm (C.E.T.)",SEK,0
EXR.D.SEK.EUR.SP00.A,D,SEK,EUR,SP00,A,2026-03-11,10.6543,A,F,,,P1D,,A,,,,,,,99Q1=100,,,4,,4F0,,Swedish krona/Euro ECB reference exchange rate,"ECB reference exchange rate, Swedish krona/Euro, 2.15 pm (C.E.T.)",SEK,0
EXR.D.SEK.EUR.SP00.A,D,SEK,EUR,SP00,A,2026-03-12,10.7108,A,F,,,P1D,,A,,,,,,,99Q1=100,,,4,,4F0,,Swedish krona/Euro ECB reference exchange rate,"ECB reference exchange rate, Swedish krona/Euro, 2.15 pm (C.E.T.)",SEK,0
EXR.D.SEK.EUR.SP00.A,D,SEK,EUR,SP00,A,2026-03-13,10.7545,A,F,,,P1D,,A,,,,,,,99Q1=100,,,4,,4F0,,Swedish krona/Euro ECB reference exchange rate,"ECB reference exchange rate, Swedish krona/Euro, 2.15 pm (C.E.T.)",SEK,0
EXR.D.SEK.EUR.SP00.A,D,SEK,EUR,SP00,A,2026-03-16,10.769,A,F,,,P1D,,A,,,,,,,99Q1=100,,,4,,4F0,,Swedish krona/Euro ECB reference exchange rate,"ECB reference exchange rate, Swedish krona/Euro, 2.15 pm (C.E.T.)",SEK,0
EXR.D.SEK.EUR.SP00.A,D,SEK,EUR,SP00,A,2026-03-17,10.7055,A,F,,,P1D,,A,,,,,,,99Q1=100,,,4,,4F0,,Swedish krona/Euro ECB reference exchange rate,"ECB reference exchange rate, Swedish krona/Euro, 2.15 pm (C.E.T.)",SEK,0
EXR.D.SEK.EUR.SP00.A,D,SEK,EUR,SP00,A,2026-03-18,10.7778,A,F,,,P1D,,A,,,,,,,99Q1=100,,,4,,4F0,,Swedish krona/Euro ECB reference exchange rate,"ECB reference exchange rate, Swedish krona/Euro, 2.15 pm (C.E.T.)",SEK,0
EXR.D.SEK.EUR.SP00.A,D,SEK,EUR,SP00,A,2026-03-19,10.8065,A,F,,,P1D,,A,,,,,,,99Q1=100,,,4,,4F0,,Swedish krona/Euro ECB reference exchange rate,"ECB reference exchange rate, Swedish krona/Euro, 2.15 pm (C.E.T.)",SEK,0
EXR.D.SEK.EUR.SP00.A,D,SEK,EUR,SP00,A,2026-03-20,10.7825,A,F,,,P1D,,A,,,,,,,99Q1=100,,,4,,4F0,,Swedish krona/Euro ECB reference exchange rate,"ECB reference exchange rate, Swedish krona/Euro, 2.15 pm (C.E.T.)",SEK,0
EXR.D.SEK.EUR.SP00.A,D,SEK,EUR,SP00,A,2026-03-23,10.8328,A,F,,,P1D,,A,,,,,,,99Q1=100,,,4,,4F0,,Swedish krona/Euro ECB reference exchange rate,"ECB reference exchange rate, Swedish krona/Euro, 2.15 pm (C.E.T.)",SEK,0
EXR.D.SEK.EUR.SP00.A,D,SEK,EUR,SP00,A,2026-03-24,10.8238,A,F,,,P1D,,A,,,,,,,99Q1=100,,,4,,4F0,,Swedish krona/Euro ECB reference exchange rate,"ECB reference exchange rate, Swedish krona/Euro, 2.15 pm (C.E.T.)",SEK,0
EXR.D.SEK.EUR.SP00.A,D,SEK,EUR,SP00,A,2026-03-25,10.7715,A,F,,,P1D,,A,,,,,,,99Q1=100,,,4,,4F0,,Swedish krona/Euro ECB reference exchange rate,"ECB reference exchange rate, Swedish krona/Euro, 2.15 pm (C.E.T.)",SEK,0
EXR.D.SEK.EUR.SP00.A,D,SEK,EUR,SP00,A,2026-03-26,10.8405,A,F,,,P1D,,A,,,,,,,99Q1=100,,,4,,4F0,,Swedish krona/Euro ECB reference exchange rate,"ECB reference exchange rate, Swedish krona/Euro, 2.15 pm (C.E.T.)",SEK,0
EXR.D.SEK.EUR.SP00.A,D,SEK,EUR,SP00,A,2026-03-27,10.878,A,F,,,P1D,,A,,,,,,,99Q1=100,,,4,,4F0,,Swedish krona/Euro ECB reference exchange rate,"ECB reference exchange rate, Swedish krona/Euro, 2.15 pm (C.E.T.)",SEK,0
EXR.D.SEK.EUR.SP00.A,D,SEK,EUR,SP00,A,2026-03-30,10.906,A,F,,,P1D,,A,,,,,,,99Q1=100,,,4,,4F0,,Swedish krona/Euro ECB reference exchange rate,"ECB reference exchange rate, Swedish krona/Euro, 2.15 pm (C.E.T.)",SEK,0
EXR.D.SEK.EUR.SP00.A,D,SEK,EUR,SP00,A,2026-03-31,10.943,A,F,,,P1D,,A,,,,,,,99Q1=100,,,4,,4F0,,Swedish krona/Euro ECB reference exchange rate,"ECB reference exchange rate, Swedish krona/Euro, 2.15 pm (C.E.T.)",SEK,0
EXR.D.SEK.EUR.SP00.A,D,SEK,EUR,SP00,A,2026-04-01,10.888,A,F,,,P1D,,A,,,,,,,99Q1=100,,,4,,4F0,,Swedish krona/Euro ECB reference exchange rate,"ECB reference exchange rate, Swedish krona/Euro, 2.15 pm (C.E.T.)",SEK,0
EXR.D.SEK.EUR.SP00.A,D,SEK,EUR,SP00,A,2026-04-02,10.948,A,F,,,P1D,,A,,,,,,,99Q1=100,,,4,,4F0,,Swedish krona/Euro ECB reference exchange rate,"ECB reference exchange rate, Swedish krona/Euro, 2.15 pm (C.E.T.)",SEK,0
EXR.D.SEK.EUR.SP00.A,D,SEK,EUR,SP00,A,2026-04-07,10.99,A,F,,,P1D,,A,,,,,,,99Q1=100,,,4,,4F0,,Swedish krona/Euro ECB reference exchange rate,"ECB reference exchange rate, Swedish krona/Euro, 2.15 pm (C.E.T.)",SEK,0
EXR.D.SEK.EUR.SP00.A,D,SEK,EUR,SP00,A,2026-04-08,10.784,A,F,,,P1D,,A,,,,,,,99Q1=100,,,4,,4F0,,Swedish krona/Euro ECB reference exchange rate,"ECB reference exchange rate, Swedish krona/Euro, 2.15 pm (C.E.T.)",SEK,0
EXR.D.SEK.EUR.SP00.A,D,SEK,EUR,SP00,A,2026-04-09,10.8765,A,F,,,P1D,,A,,,,,,,99Q1=100,,,4,,4F0,,Swedish krona/Euro ECB reference exchange rate,"ECB reference exchange rate, Swedish krona/Euro, 2.15 pm (C.E.T.)",SEK,0
EXR.D.SEK.EUR.SP00.A,D,SEK,EUR,SP00,A,2026-04-10,10.836,A,F,,,P1D,,A,,,,,,,99Q1=100,,,4,,4F0,,Swedish krona/Euro ECB reference exchange rate,"ECB reference exchange rate, Swedish krona/Euro, 2.15 pm (C.E.T.)",SEK,0
EXR.D.SEK.EUR.SP00.A,D,SEK,EUR,SP00,A,2026-04-13,10.892,A,F,,,P1D,,A,,,,,,,99Q1=100,,,4,,4F0,,Swedish krona/Euro ECB reference exchange rate,"ECB reference exchange rate, Swedish krona/Euro, 2.15 pm (C.E.T.)",SEK,0
EXR.D.SEK.EUR.SP00.A,D,SEK,EUR,SP00,A,2026-04-14,10.798,A,F,,,P1D,,A,,,,,,,99Q1=100,,,4,,4F0,,Swedish krona/Euro ECB reference exchange rate,"ECB reference exchange rate, Swedish krona/Euro, 2.15 pm (C.E.T.)",SEK,0
EXR.D.SEK.EUR.SP00.A,D,SEK,EUR,SP00,A,2026-04-15,10.85,A,F,,,P1D,,A,,,,,,,99Q1=100,,,4,,4F0,,Swedish krona/Euro ECB reference exchange rate,"ECB reference exchange rate, Swedish krona/Euro, 2.15 pm (C.E.T.)",SEK,0
EXR.D.SEK.EUR.SP00.A,D,SEK,EUR,SP00,A,2026-04-16,10.804,A,F,,,P1D,,A,,,,,,,99Q1=100,,,4,,4F0,,Swedish krona/Euro ECB reference exchange rate,"ECB reference exchange rate, Swedish krona/Euro, 2.15 pm (C.E.T.)",SEK,0
EXR.D.SEK.EUR.SP00.A,D,SEK,EUR,SP00,A,2026-04-17,10.803,A,F,,,P1D,,A,,,,,,,99Q1=100,,,4,,4F0,,Swedish krona/Euro ECB reference exchange rate,"ECB reference exchange rate, Swedish krona/Euro, 2.15 pm (C.E.T.)",SEK,0
EXR.D.SEK.EUR.SP00.A,D,SEK,EUR,SP00,A,2026-04-20,10.7685,A,F,,,P1D,,A,,,,,,,99Q1=100,,,4,,4F0,,Swedish krona/Euro ECB reference exchange rate,"ECB reference exchange rate, Swedish krona/Euro, 2.15 pm (C.E.T.)",SEK,0
EXR.D.SEK.EUR.SP00.A,D,SEK,EUR,SP00,A,2026-04-21,10.7495,A,F,,,P1D,,A,,,,,,,99Q1=100,,,4,,4F0,,Swedish krona/Euro ECB reference exchange rate,"ECB reference exchange rate, Swedish krona/Euro, 2.15 pm (C.E.T.)",SEK,0
EXR.D.SEK.EUR.SP00.A,D,SEK,EUR,SP00,A,2026-04-22,10.776,A,F,,,P1D,,A,,,,,,,99Q1=100,,,4,,4F0,,Swedish krona/Euro ECB reference exchange rate,"ECB reference exchange rate, Swedish krona/Euro, 2.15 pm (C.E.T.)",SEK,0
EXR.D.SEK.EUR.SP00.A,D,SEK,EUR,SP00,A,2026-04-23,10.7795,A,F,,,P1D,,A,,,,,,,99Q1=100,,,4,,4F0,,Swedish krona/Euro ECB reference exchange rate,"ECB reference exchange rate, Swedish krona/Euro, 2.15 pm (C.E.T.)",SEK,0
EXR.D.SEK.EUR.SP00.A,D,SEK,EUR,SP00,A,2026-04-24,10.82,A,F,,,P1D,,A,,,,,,,99Q1=100,,,4,,4F0,,Swedish krona/Euro ECB reference exchange rate,"ECB reference exchange rate, Swedish krona/Euro, 2.15 pm (C.E.T.)",SEK,0
EXR.D.SEK.EUR.SP00.A,D,SEK,EUR,SP00,A,2026-04-27,10.7885,A,F,,,P1D,,A,,,,,,,99Q1=100,,,4,,4F0,,Swedish krona/Euro ECB reference exchange rate,"ECB reference exchange rate, Swedish krona/Euro, 2.15 pm (C.E.T.)",SEK,0
EXR.D.SEK.EUR.SP00.A,D,SEK,EUR,SP00,A,2026-04-28,10.8485,A,F,,,P1D,,A,,,,,,,99Q1=100,,,4,,4F0,,Swedish krona/Euro ECB reference exchange rate,"ECB reference exchange rate, Swedish krona/Euro, 2.15 pm (C.E.T.)",SEK,0
EXR.D.SEK.EUR.SP00.A,D,SEK,EUR,SP00,A,2026-04-29,10.8405,A,F,,,P1D,,A,,,,,,,99Q1=100,,,4,,4F0,,Swedish krona/Euro ECB reference exchange rate,"ECB reference exchange rate, Swedish krona/Euro, 2.15 pm (C.E.T.)",SEK,0
EXR.D.SEK.EUR.SP00.A,D,SEK,EUR,SP00,A,2026-04-30,10.8555,A,F,,,P1D,,A,,,,,,,99Q1=100,,,4,,4F0,,Swedish krona/Euro ECB reference exchange rate,"ECB reference exchange rate, Swedish krona/Euro, 2.15 pm (C.E.T.)",SEK,0
EXR.D.SEK.EUR.SP00.A,D,SEK,EUR,SP00,A,2026-05-04,10.835,A,F,,,P1D,,A,,,,,,,99Q1=100,,,4,,4F0,,Swedish krona/Euro ECB reference exchange rate,"ECB reference exchange rate, Swedish krona/Euro, 2.15 pm (C.E.T.)",SEK,0
EXR.D.SEK.EUR.SP00.A,D,SEK,EUR,SP00,A,2026-05-05,10.84,A,F,,,P1D,,A,,,,,,,99Q1=100,,,4,,4F0,,Swedish krona/Euro ECB reference exchange rate,"ECB reference exchange rate, Swedish krona/Euro, 2.15 pm (C.E.T.)",SEK,0
EXR.D.SEK.EUR.SP00.A,D,SEK,EUR,SP00,A,2026-05-06,10.8335,A,F,,,P1D,,A,,,,,,,99Q1=100,,,4,,4F0,,Swedish krona/Euro ECB reference exchange rate,"ECB reference exchange rate, Swedish krona/Euro, 2.15 pm (C.E.T.)",SEK,0
EXR.D.SEK.EUR.SP00.A,D,SEK,EUR,SP00,A,2026-05-07,10.825,A,F,,,P1D,,A,,,,,,,99Q1=100,,,4,,4F0,,Swedish krona/Euro ECB reference exchange rate,"ECB reference exchange rate, Swedish krona/Euro, 2.15 pm (C.E.T.)",SEK,0
EXR.D.SEK.EUR.SP00.A,D,SEK,EUR,SP00,A,2026-05-08,10.842,A,F,,,P1D,,A,,,,,,,99Q1=100,,,4,,4F0,,Swedish krona/Euro ECB reference exchange rate,"ECB reference exchange rate, Swedish krona/Euro, 2.15 pm (C.E.T.)",SEK,0
EXR.D.SEK.EUR.SP00.A,D,SEK,EUR,SP00,A,2026-05-11,10.8765,A,F,,,P1D,,A,,,,,,,99Q1=100,,,4,,4F0,,Swedish krona/Euro ECB reference exchange rate,"ECB reference exchange rate, Swedish krona/Euro, 2.15 pm (C.E.T.)",SEK,0
EXR.D.SEK.EUR.SP00.A,D,SEK,EUR,SP00,A,2026-05-12,10.8935,A,F,,,P1D,,A,,,,,,,99Q1=100,,,4,,4F0,,Swedish krona/Euro ECB reference exchange rate,"ECB reference exchange rate, Swedish krona/Euro, 2.15 pm (C.E.T.)",SEK,0
EXR.D.SEK.EUR.SP00.A,D,SEK,EUR,SP00,A,2026-05-13,10.915,A,F,,,P1D,,A,,,,,,,99Q1=100,,,4,,4F0,,Swedish krona/Euro ECB reference exchange rate,"ECB reference exchange rate, Swedish krona/Euro, 2.15 pm (C.E.T.)",SEK,0
EXR.D.SEK.EUR.SP00.A,D,SEK,EUR,SP00,A,2026-05-14,10.9145,A,F,,,P1D,,A,,,,,,,99Q1=100,,,4,,4F0,,Swedish krona/Euro ECB reference exchange rate,"ECB reference exchange rate, Swedish krona/Euro, 2.15 pm (C.E.T.)",SEK,0
EXR.D.SEK.EUR.SP00.A,D,SEK,EUR,SP00,A,2026-05-15,10.982,A,F,,,P1D,,A,,,,,,,99Q1=100,,,4,,4F0,,Swedish krona/Euro ECB reference exchange rate,"ECB reference exchange rate, Swedish krona/Euro, 2.15 pm (C.E.T.)",SEK,0
EXR.D.SEK.EUR.SP00.A,D,SEK,EUR,SP00,A,2026-05-18,10.9465,A,F,,,P1D,,A,,,,,,,99Q1=100,,,4,,4F0,,Swedish krona/Euro ECB reference exchange rate,"ECB reference exchange rate, Swedish krona/Euro, 2.15 pm (C.E.T.)",SEK,0
EXR.D.SEK.EUR.SP00.A,D,SEK,EUR,SP00,A,2026-05-19,10.909,A,F,,,P1D,,A,,,,,,,99Q1=100,,,4,,4F0,,Swedish krona/Euro ECB reference exchange rate,"ECB reference exchange rate, Swedish krona/Euro, 2.15 pm (C.E.T.)",SEK,0
EXR.D.SEK.EUR.SP00.A,D,SEK,EUR,SP00,A,2026-05-20,10.8775,A,F,,,P1D,,A,,,,,,,99Q1=100,,,4,,4F0,,Swedish krona/Euro ECB reference exchange rate,"ECB reference exchange rate, Swedish krona/Euro, 2.15 pm (C.E.T.)",SEK,0
EXR.D.SEK.EUR.SP00.A,D,SEK,EUR,SP00,A,2026-05-21,10.8615,A,F,,,P1D,,A,,,,,,,99Q1=100,,,4,,4F0,,Swedish krona/Euro ECB reference exchange rate,"ECB reference exchange rate, Swedish krona/Euro, 2.15 pm (C.E.T.)",SEK,0
EXR.D.SEK.EUR.SP00.A,D,SEK,EUR,SP00,A,2026-05-22,10.8695,A,F,,,P1D,,A,,,,,,,99Q1=100,,,4,,4F0,,Swedish krona/Euro ECB reference exchange rate,"ECB reference exchange rate, Swedish krona/Euro, 2.15 pm (C.E.T.)",SEK,0
EXR.D.SEK.EUR.SP00.A,D,SEK,EUR,SP00,A,2026-05-25,10.7965,A,F,,,P1D,,A,,,,,,,99Q1=100,,,4,,4F0,,Swedish krona/Euro ECB reference exchange rate,"ECB reference exchange rate, Swedish krona/Euro, 2.15 pm (C.E.T.)",SEK,0
EXR.D.SEK.EUR.SP00.A,D,SEK,EUR,SP00,A,2026-05-26,10.8245,A,F,,,P1D,,A,,,,,,,99Q1=100,,,4,,4F0,,Swedish krona/Euro ECB reference exchange rate,"ECB reference exchange rate, Swedish krona/Euro, 2.15 pm (C.E.T.)",SEK,0
EXR.D.SEK.EUR.SP00.A,D,SEK,EUR,SP00,A,2026-05-27,10.7895,A,F,,,P1D,,A,,,,,,,99Q1=100,,,4,,4F0,,Swedish krona/Euro ECB reference exchange rate,"ECB reference exchange rate, Swedish krona/Euro, 2.15 pm (C.E.T.)",SEK,0
EXR.D.SEK.EUR.SP00.A,D,SEK,EUR,SP00,A,2026-05-28,10.8215,A,F,,,P1D,,A,,,,,,,99Q1=100,,,4,,4F0,,Swedish krona/Euro ECB reference exchange rate,"ECB reference exchange rate, Swedish krona/Euro, 2.15 pm (C.E.T.)",SEK,0
EXR.D.SEK.EUR.SP00.A,D,SEK,EUR,SP00,A,2026-05-29,10.772,A,F,,,P1D,,A,,,,,,,99Q1=100,,,4,,4F0,,Swedish krona/Euro ECB reference exchange rate,"ECB reference exchange rate, Swedish krona/Euro, 2.15 pm (C.E.T.)",SEK,0
EXR.D.SEK.EUR.SP00.A,D,SEK,EUR,SP00,A,2026-06-01,10.789,A,F,,,P1D,,A,,,,,,,99Q1=100,,,4,,4F0,,Swedish krona/Euro ECB reference exchange rate,"ECB reference exchange rate, Swedish krona/Euro, 2.15 pm (C.E.T.)",SEK,0
EXR.D.SEK.EUR.SP00.A,D,SEK,EUR,SP00,A,2026-06-02,10.825,A,F,,,P1D,,A,,,,,,,99Q1=100,,,4,,4F0,,Swedish krona/Euro ECB reference exchange rate,"ECB reference exchange rate, Swedish krona/Euro, 2.15 pm (C.E.T.)",SEK,0
EXR.D.SEK.EUR.SP00.A,D,SEK,EUR,SP00,A,2026-06-03,10.884,A,F,,,P1D,,A,,,,,,,99Q1=100,,,4,,4F0,,Swedish krona/Euro ECB reference exchange rate,"ECB reference exchange rate, Swedish krona/Euro, 2.15 pm (C.E.T.)",SEK,0
EXR.D.SEK.EUR.SP00.A,D,SEK,EUR,SP00,A,2026-06-04,10.8803,A,F,,,P1D,,A,,,,,,,99Q1=100,,,4,,4F0,,Swedish krona/Euro ECB reference exchange rate,"ECB reference exchange rate, Swedish krona/Euro, 2.15 pm (C.E.T.)",SEK,0
EXR.D.SEK.EUR.SP00.A,D,SEK,EUR,SP00,A,2026-06-05,10.8675,A,F,,,P1D,,A,,,,,,,99Q1=100,,,4,,4F0,,Swedish krona/Euro ECB reference exchange rate,"ECB reference exchange rate, Swedish krona/Euro, 2.15 pm (C.E.T.)",SEK,0
EXR.D.SEK.EUR.SP00.A,D,SEK,EUR,SP00,A,2026-06-08,10.876,A,F,,,P1D,,A,,,,,,,99Q1=100,,,4,,4F0,,Swedish krona/Euro ECB reference exchange rate,"ECB reference exchange rate, Swedish krona/Euro, 2.15 pm (C.E.T.)",SEK,0
EXR.D.SEK.EUR.SP00.A,D,SEK,EUR,SP00,A,2026-06-09,10.885,A,F,,,P1D,,A,,,,,,,99Q1=100,,,4,,4F0,,Swedish krona/Euro ECB reference exchange rate,"ECB reference exchange rate, Swedish krona/Euro, 2.15 pm (C.E.T.)",SEK,0
EXR.D.SEK.EUR.SP00.A,D,SEK,EUR,SP00,A,2026-06-10,10.9655,A,F,,,P1D,,A,,,,,,,99Q1=100,,,4,,4F0,,Swedish krona/Euro ECB reference exchange rate,"ECB reference exchange rate, Swedish krona/Euro, 2.15 pm (C.E.T.)",SEK,0
EXR.D.SEK.EUR.SP00.A,D,SEK,EUR,SP00,A,2026-06-11,10.9935,A,F,,,P1D,,A,,,,,,,99Q1=100,,,4,,4F0,,Swedish krona/Euro ECB reference exchange rate,"ECB reference exchange rate, Swedish krona/Euro, 2.15 pm (C.E.T.)",SEK,0
EXR.D.SEK.EUR.SP00.A,D,SEK,EUR,SP00,A,2026-06-12,10.928,A,F,,,P1D,,A,,,,,,,99Q1=100,,,4,,4F0,,Swedish krona/Euro ECB reference exchange rate,"ECB reference exchange rate, Swedish krona/Euro, 2.15 pm (C.E.T.)",SEK,0
EXR.D.SEK.EUR.SP00.A,D,SEK,EUR,SP00,A,2026-06-15,10.8975,A,F,,,P1D,,A,,,,,,,99Q1=100,,,4,,4F0,,Swedish krona/Euro ECB reference exchange rate,"ECB reference exchange rate, Swedish krona/Euro, 2.15 pm (C.E.T.)",SEK,0
EXR.D.SEK.EUR.SP00.A,D,SEK,EUR,SP00,A,2026-06-16,10.897,A,F,,,P1D,,A,,,,,,,99Q1=100,,,4,,4F0,,Swedish krona/Euro ECB reference exchange rate,"ECB reference exchange rate, Swedish krona/Euro, 2.15 pm (C.E.T.)",SEK,0
EXR.D.SEK.EUR.SP00.A,D,SEK,EUR,SP00,A,2026-06-17,10.891,A,F,,,P1D,,A,,,,,,,99Q1=100,,,4,,4F0,,Swedish krona/Euro ECB reference exchange rate,"ECB reference exchange rate, Swedish krona/Euro, 2.15 pm (C.E.T.)",SEK,0
EXR.D.SEK.EUR.SP00.A,D,SEK,EUR,SP00,A,2026-06-18,10.9845,A,F,,,P1D,,A,,,,,,,99Q1=100,,,4,,4F0,,Swedish krona/Euro ECB reference exchange rate,"ECB reference exchange rate, Swedish krona/Euro, 2.15 pm (C.E.T.)",SEK,0
EXR.D.SEK.EUR.SP00.A,D,SEK,EUR,SP00,A,2026-06-19,10.974,A,F,,,P1D,,A,,,,,,,99Q1=100,,,4,,4F0,,Swedish krona/Euro ECB reference exchange rate,"ECB reference exchange rate, Swedish krona/Euro, 2.15 pm (C.E.T.)",SEK,0
EXR.D.SEK.EUR.SP00.A,D,SEK,EUR,SP00,A,2026-06-22,10.998,A,F,,,P1D,,A,,,,,,,99Q1=100,,,4,,4F0,,Swedish krona/Euro ECB reference exchange rate,"ECB reference exchange rate, Swedish krona/Euro, 2.15 pm (C.E.T.)",SEK,0
EXR.D.SEK.EUR.SP00.A,D,SEK,EUR,SP00,A,2026-06-23,11.0585,A,F,,,P1D,,A,,,,,,,99Q1=100,,,4,,4F0,,Swedish krona/Euro ECB reference exchange rate,"ECB reference exchange rate, Swedish krona/Euro, 2.15 pm (C.E.T.)",SEK,0
EXR.D.SEK.EUR.SP00.A,D,SEK,EUR,SP00,A,2026-06-24,11.085,A,F,,,P1D,,A,,,,,,,99Q1=100,,,4,,4F0,,Swedish krona/Euro ECB reference exchange rate,"ECB reference exchange rate, Swedish krona/Euro, 2.15 pm (C.E.T.)",SEK,0
EXR.D.SEK.EUR.SP00.A,D,SEK,EUR,SP00,A,2026-06-25,11.069,A,F,,,P1D,,A,,,,,,,99Q1=100,,,4,,4F0,,Swedish krona/Euro ECB reference exchange rate,"ECB reference exchange rate, Swedish krona/Euro, 2.15 pm (C.E.T.)",SEK,0
EXR.D.SEK.EUR.SP00.A,D,SEK,EUR,SP00,A,2026-06-26,11.0775,A,F,,,P1D,,A,,,,,,,99Q1=100,,,4,,4F0,,Swedish krona/Euro ECB reference exchange rate,"ECB reference exchange rate, Swedish krona/Euro, 2.15 pm (C.E.T.)",SEK,0
EXR.D.SEK.EUR.SP00.A,D,SEK,EUR,SP00,A,2026-06-29,11.0865,A,F,,,P1D,,A,,,,,,,99Q1=100,,,4,,4F0,,Swedish krona/Euro ECB reference exchange rate,"ECB reference exchange rate, Swedish krona/Euro, 2.15 pm (C.E.T.)",SEK,0
EXR.D.SEK.EUR.SP00.A,D,SEK,EUR,SP00,A,2026-06-30,11.0935,A,F,,,P1D,,A,,,,,,,99Q1=100,,,4,,4F0,,Swedish krona/Euro ECB reference exchange rate,"ECB reference exchange rate, Swedish krona/Euro, 2.15 pm (C.E.T.)",SEK,0
EXR.D.SEK.EUR.SP00.A,D,SEK,EUR,SP00,A,2026-07-01,11.0955,A,F,,,P1D,,A,,,,,,,99Q1=100,,,4,,4F0,,Swedish krona/Euro ECB reference exchange rate,"ECB reference exchange rate, Swedish krona/Euro, 2.15 pm (C.E.T.)",SEK,0
EXR.D.SEK.EUR.SP00.A,D,SEK,EUR,SP00,A,2026-07-02,11.0775,A,F,,,P1D,,A,,,,,,,99Q1=100,,,4,,4F0,,Swedish krona/Euro ECB reference exchange rate,"ECB reference exchange rate, Swedish krona/Euro, 2.15 pm (C.E.T.)",SEK,0
EXR.D.SEK.EUR.SP00.A,D,SEK,EUR,SP00,A,2026-07-03,11.0315,A,F,,,P1D,,A,,,,,,,99Q1=100,,,4,,4F0,,Swedish krona/Euro ECB reference exchange rate,"ECB reference exchange rate, Swedish krona/Euro, 2.15 pm (C.E.T.)",SEK,0
EXR.D.SEK.EUR.SP00.A,D,SEK,EUR,SP00,A,2026-07-06,11.015,A,F,,,P1D,,A,,,,,,,99Q1=100,,,4,,4F0,,Swedish krona/Euro ECB reference exchange rate,"ECB reference exchange rate, Swedish krona/Euro, 2.15 pm (C.E.T.)",SEK,0
EXR.D.SEK.EUR.SP00.A,D,SEK,EUR,SP00,A,2026-07-07,11.0443,A,F,,,P1D,,A,,,,,,,99Q1=100,,,4,,4F0,,Swedish krona/Euro ECB reference exchange rate,"ECB reference exchange rate, Swedish krona/Euro, 2.15 pm (C.E.T.)",SEK,0
EXR.D.SEK.EUR.SP00.A,D,SEK,EUR,SP00,A,2026-07-08,11.0565,A,F,,,P1D,,A,,,,,,,99Q1=100,,,4,,4F0,,Swedish krona/Euro ECB reference exchange rate,"ECB reference exchange rate, Swedish krona/Euro, 2.15 pm (C.E.T.)",SEK,0
EXR.D.SEK.EUR.SP00.A,D,SEK,EUR,SP00,A,2026-07-09,11.062,A,F,,,P1D,,A,,,,,,,99Q1=100,,,4,,4F0,,Swedish krona/Euro ECB reference exchange rate,"ECB reference exchange rate, Swedish krona/Euro, 2.15 pm (C.E.T.)",SEK,0
EXR.D.SEK.EUR.SP00.A,D,SEK,EUR,SP00,A,2026-07-10,11.0145,A,F,,,P1D,,A,,,,,,,99Q1=100,,,4,,4F0,,Swedish krona/Euro ECB reference exchange rate,"ECB reference exchange rate, Swedish krona/Euro, 2.15 pm (C.E.T.)",SEK,0
EXR.D.SEK.EUR.SP00.A,D,SEK,EUR,SP00,A,2026-07-13,11.027,A,F,,,P1D,,A,,,,,,,99Q1=100,,,4,,4F0,,Swedish krona/Euro ECB reference exchange rate,"ECB reference exchange rate, Swedish krona/Euro, 2.15 pm (C.E.T.)",SEK,0
EXR.D.SEK.EUR.SP00.A,D,SEK,EUR,SP00,A,2026-07-14,11.036,A,F,,,P1D,,A,,,,,,,99Q1=100,,,4,,4F0,,Swedish krona/Euro ECB reference exchange rate,"ECB reference exchange rate, Swedish krona/Euro, 2.15 pm (C.E.T.)",SEK,0
EXR.D.SEK.EUR.SP00.A,D,SEK,EUR,SP00,A,2026-07-15,11.0473,A,F,,,P1D,,A,,,,,,,99Q1=100,,,4,,4F0,,Swedish krona/Euro ECB reference exchange rate,"ECB reference exchange rate, Swedish krona/Euro, 2.15 pm (C.E.T.)",SEK,0
EXR.D.SEK.EUR.SP00.A,D,SEK,EUR,SP00,A,2026-07-16,11.0285,A,F,,,P1D,,A,,,,,,,99Q1=100,,,4,,4F0,,Swedish krona/Euro ECB reference exchange rate,"ECB reference exchange rate, Swedish krona/Euro, 2.15 pm (C.E.T.)",SEK,0
EXR.D.SEK.EUR.SP00.A,D,SEK,EUR,SP00,A,2026-07-17,11.0405,A,F,,,P1D,,A,,,,,,,99Q1=100,,,4,,4F0,,Swedish krona/Euro ECB reference exchange rate,"ECB reference exchange rate, Swedish krona/Euro, 2.15 pm (C.E.T.)",SEK,0
EXR.D.SEK.EUR.SP00.A,D,SEK,EUR,SP00,A,2026-07-20,11.045,A,F,,,P1D,,A,,,,,,,99Q1=100,,,4,,4F0,,Swedish krona/Euro ECB reference exchange rate,"ECB reference exchange rate, Swedish krona/Euro, 2.15 pm (C.E.T.)",SEK,0
EXR.D.SEK.EUR.SP00.A,D,SEK,EUR,SP00,A,2026-07-21,11.0485,A,F,,,P1D,,A,,,,,,,99Q1=100,,,4,,4F0,,Swedish krona/Euro ECB reference exchange rate,"ECB reference exchange rate, Swedish krona/Euro, 2.15 pm (C.E.T.)",SEK,0
EXR.D.SEK.EUR.SP00.A,D,SEK,EUR,SP00,A,2026-07-22,11.0775,A,F,,,P1D,,A,,,,,,,99Q1=100,,,4,,4F0,,Swedish krona/Euro ECB reference exchange rate,"ECB reference exchange rate, Swedish krona/Euro, 2.15 pm (C.E.T.)",SEK,0
EXR.D.SEK.EUR.SP00.A,D,SEK,EUR,SP00,A,2026-07-23,11.0955,A,F,,,P1D,,A,,,,,,,99Q1=100,,,4,,4F0,,Swedish krona/Euro ECB reference exchange rate,"ECB reference exchange rate, Swedish krona/Euro, 2.15 pm (C.E.T.)",SEK,0
EXR.D.SEK.EUR.SP00.A,D,SEK,EUR,SP00,A,2026-07-24,11.055,A,F,,,P1D,,A,,,,,,,99Q1=100,,,4,,4F0,,Swedish krona/Euro ECB reference exchange rate,"ECB reference exchange rate, Swedish krona/Euro, 2.15 pm (C.E.T.)",SEK,0
EXR.D.SEK.EUR.SP00.A,D,SEK,EUR,SP00,A,2026-07-27,11.0445,A,F,,,P1D,,A,,,,,,,99Q1=100,,,4,,4F0,,Swedish krona/Euro ECB reference exchange rate,"ECB reference exchange rate, Swedish krona/Euro, 2.15 pm (C.E.T.)",SEK,0
EXR.D.SEK.EUR.SP00.A,D,SEK,EUR,SP00,A,2026-07-28,11.0625,A,F,,,P1D,,A,,,,,,,99Q1=100,,,4,,4F0,,Swedish krona/Euro ECB reference exchange rate,"ECB reference exchange rate, Swedish krona/Euro, 2.15 pm (C.E.T.)",SEK,0
EXR.D.SEK.EUR.SP00.A,D,SEK,EUR,SP00,A,2026-07-29,11.053,A,F,,,P1D,,A,,,,,,,99Q1=100,,,4,,4F0,,Swedish krona/Euro ECB reference exchange rate,"ECB reference exchange rate, Swedish krona/Euro, 2.15 pm (C.E.T.)",SEK,0
EXR.D.SEK.EUR.SP00.A,D,SEK,EUR,SP00,A,2026-07-30,11.0098,A,F,,,P1D,,A,,,,,,,99Q1=100,,,4,,4F0,,Swedish krona/Euro ECB reference exchange rate,"ECB reference exchange rate, Swedish krona/Euro, 2.15 pm (C.E.T.)",SEK,0
EXR.D.SEK.EUR.SP00.A,D,SEK,EUR,SP00,A,2026-07-31,10.9855,A,F,,,P1D,,A,,,,,,,99Q1=100,,,4,,4F0,,Swedish krona/Euro ECB reference exchange rate,"ECB reference exchange rate, Swedish krona/Euro, 2.15 pm (C.E.T.)",SEK,0
EXR.D.SEK.EUR.SP00.A,D,SEK,EUR,SP00,A,2026-08-03,10.9845,A,F,,,P1D,,A,,,,,,,99Q1=100,,,4,,4F0,,Swedish krona/Euro ECB reference exchange rate,"ECB reference exchange rate, Swedish krona/Euro, 2.15 pm (C.E.T.)",SEK,0
EXR.D.SEK.EUR.SP00.A,D,SEK,EUR,SP00,A,2026-08-04,10.9925,A,F,,,P1D,,A,,,,,,,99Q1=100,,,4,,4F0,,Swedish krona/Euro ECB reference exchange rate,"ECB reference exchange rate, Swedish krona/Euro, 2.15 pm (C.E.T.)",SEK,0
EXR.D.SEK.EUR.SP00.A,D,SEK,EUR,SP00,A,2026-08-05,10.9635,A,F,,,P1D,,A,,,,,,,99Q1=100,,,4,,4F0,,Swedish krona/Euro ECB reference exchange rate,"ECB reference exchange rate, Swedish krona/Euro, 2.15 pm (C.E.T.)",SEK,0
EXR.D.SEK.EUR.SP00.A,D,SEK,EUR,SP00,A,2026-08-06,10.924,A,F,,,P1D,,A,,,,,,,99Q1=100,,,4,,4F0,,Swedish krona/Euro ECB reference exchange rate,"ECB reference exchange rate, Swedish krona/Euro, 2.15 pm (C.E.T.)",SEK,0
EXR.D.SEK.EUR.SP00.A,D,SEK,EUR,SP00,A,2026-08-07,10.9455,A,F,,,P1D,,A,,,,,,,99Q1=100,,,4,,4F0,,Swedish krona/Euro ECB reference exchange rate,"ECB reference exchange rate, Swedish krona/Euro, 2.15 pm (C.E.T.)",SEK,0
EXR.D.SEK.EUR.SP00.A,D,SEK,EUR,SP00,A,2026-08-10,10.9655,A,F,,,P1D,,A,,,,,,,99Q1=100,,,4,,4F0,,Swedish krona/Euro ECB reference exchange rate,"ECB reference exchange rate, Swedish krona/Euro, 2.15 pm (C.E.T.)",SEK,0
EXR.D.SEK.EUR.SP00.A,D,SEK,EUR,SP00,A,2026-08-11,10.9635,A,F,,,P1D,,A,,,,,,,99Q1=100,,,4,,4F0,,Swedish krona/Euro ECB reference exchange rate,"ECB reference exchange rate, Swedish krona/Euro, 2.15 pm (C.E.T.)",SEK,0
EXR.D.SEK.EUR.SP00.A,D,SEK,EUR,SP00,A,2026-08-12,10.9965,A,F,,,P1D,,A,,,,,,,99Q1=100,,,4,,4F0,,Swedish krona/Euro ECB reference exchange rate,"ECB reference exchange rate, Swedish krona/Euro, 2.15 pm (C.E.T.)",SEK,0
EXR.D.SEK.EUR.SP00.A,D,SEK,EUR,SP00,A,2026-08-13,11.0285,A,F,,,P1D,,A,,,,,,,99Q1=100,,,4,,4F0,,Swedish krona/Euro ECB reference exchange rate,"ECB reference exchange rate, Swedish krona/Euro, 2.15 pm (C.E.T.)",SEK,0
EXR.D.SEK.EUR.SP00.A,D,SEK,EUR,SP00,A,2026-08-14,10.999,A,F,,,P1D,,A,,,,,,,99Q1=100,,,4,,4F0,,Swedish krona/Euro ECB reference exchange rate,"ECB reference exchange rate, Swedish krona/Euro, 2.15 pm (C.E.T.)",SEK,0
EXR.D.SEK.EUR.SP00.A,D,SEK,EUR,SP00,A,2026-08-17,11.001,A,F,,,P1D,,A,,,,,,,99Q1=100,,,4,,4F0,,Swedish krona/Euro ECB reference exchange rate,"ECB reference exchange rate, Swedish krona/Euro, 2.15 pm (C.E.T.)",SEK,0
EXR.D.SEK.EUR.SP00.A,D,SEK,EUR,SP00,A,2026-08-18,11.026,A,F,,,P1D,,A,,,,,,,99Q1=100,,,4,,4F0,,Swedish krona/Euro ECB reference exchange rate,"ECB reference exchange rate, Swedish krona/Euro, 2.15 pm (C.E.T.)",SEK,0
EXR.D.SEK.EUR.SP00.A,D,SEK,EUR,SP00,A,2026-08-19,11.0385,A,F,,,P1D,,A,,,,,,,99Q1=100,,,4,,4F0,,Swedish krona/Euro ECB reference exchange rate,"ECB reference exchange rate, Swedish krona/Euro, 2.15 pm (C.E.T.)",SEK,0
EXR.D.SEK.EUR.SP00.A,D,SEK,EUR,SP00,A,2026-08-20,11.0875,A,F,,,P1D,,A,,,,,,,99Q1=100,,,4,,4F0,,Swedish krona/Euro ECB reference exchange rate,"ECB reference exchange rate, Swedish krona/Euro, 2.15 pm (C.E.T.)",SEK,0
EXR.D.SEK.EUR.SP00.A,D,SEK,EUR,SP00,A,2026-08-21,11.0625,A,F,,,P1D,,A,,,,,,,99Q1=100,,,4,,4F0,,Swedish krona/Euro ECB reference exchange rate,"ECB reference exchange rate, Swedish krona/Euro, 2.15 pm (C.E.T.)",SEK,0
EXR.D.SEK.EUR.SP00.A,D,SEK,EUR,SP00,A,2026-08-24,11.0805,A,F,,,P1D,,A,,,,,,,99Q1=100,,,4,,4F0,,Swedish krona/Euro ECB reference exchange rate,"ECB reference exchange rate, Swedish krona/Euro, 2.15 pm (C.E.T.)",SEK,0
EXR.D.SEK.EUR.SP00.A,D,SEK,EUR,SP00,A,2026-08-25,11.0668,A,F,,,P1D,,A,,,,,,,99Q1=100,,,4,,4F0,,Swedish krona/Euro ECB reference exchange rate,"ECB reference exchange rate, Swedish krona/Euro, 2.15 pm (C.E.T.)",SEK,0
EXR.D.SEK.EUR.SP00.A,D,SEK,EUR,SP00,A,2026-08-26,11.0785,A,F,,,P1D,,A,,,,,,,99Q1=100,,,4,,4F0,,Swedish krona/Euro ECB reference exchange rate,"ECB reference exchange rate, Swedish krona/Euro, 2.15 pm (C.E.T.)",SEK,0
EXR.D.SEK.EUR.SP00.A,D,SEK,EUR,SP00,A,2026-08-27,11.0835,A,F,,,P1D,,A,,,,,,,99Q1=100,,,4,,4F0,,Swedish krona/Euro ECB reference exchange rate,"ECB reference exchange rate, Swedish krona/Euro, 2.15 pm (C.E.T.)",SEK,0
EXR.D.SEK.EUR.SP00.A,D,SEK,EUR,SP00,A,2026-08-28,11.0885,A,F,,,P1D,,A,,,,,,,99Q1=100,,,4,,4F0,,Swedish krona/Euro ECB reference exchange rate,"ECB reference exchange rate, Swedish krona/Euro, 2.15 pm (C.E.T.)",SEK,0
EXR.D.SEK.EUR.SP00.A,D,SEK,EUR,SP00,A,2026-08-31,11.11,A,F,,,P1D,,A,,,,,,,99Q1=100,,,4,,4F0,,Swedish krona/Euro ECB reference exchange rate,"ECB reference exchange rate, Swedish krona/Euro, 2.15 pm (C.E.T.)",SEK,0
EXR.D.SEK.EUR.SP00.A,D,SEK,EUR,SP00,A,2026-09-01,11.1145,A,F,,,P1D,,A,,,,,,,99Q1=100,,,4,,4F0,,Swedish krona/Euro ECB reference exchange rate,"ECB reference exchange rate, Swedish krona/Euro, 2.15 pm (C.E.T.)",SEK,0
EXR.D.SEK.EUR.SP00.A,D,SEK,EUR,SP00,A,2026-09-02,11.1575,A,F,,,P1D,,A,,,,,,,99Q1=100,,,4,,4F0,,Swedish krona/Euro ECB reference exchange rate,"ECB reference exchange rate, Swedish krona/Euro, 2.15 pm (C.E.T.)",SEK,0
EXR.D.SEK.EUR.SP00.A,D,SEK,EUR,SP00,A,2026-09-03,11.1245,A,F,,,P1D,,A,,,,,,,99Q1=100,,,4,,4F0,,Swedish krona/Euro ECB reference exchange rate,"ECB reference exchange rate, Swedish krona/Euro, 2.15 pm (C.E.T.)",SEK,0
EXR.D.SEK.EUR.SP00.A,D,SEK,EUR,SP00,A,2026-09-04,11.1005,A,F,,,P1D,,A,,,,,,,99Q1=100,,,4,,4F0,,Swedish krona/Euro ECB reference exchange rate,"ECB reference exchange rate, Swedish krona/Euro, 2.15 pm (C.E.T.)",SEK,0
EXR.D.SEK.EUR.SP00.A,D,SEK,EUR,SP00,A,2026-09-07,11.162,A,F,,,P1D,,A,,,,,,,99Q1=100,,,4,,4F0,,Swedish krona/Euro ECB reference exchange rate,"ECB reference exchange rate, Swedish krona/Euro, 2.15 pm (C.E.T.)",SEK,0
EXR.D.SEK.EUR.SP00.A,D,SEK,EUR,SP00,A,2026-09-08,11.152,A,F,,,P1D,,A,,,,,,,99Q1=100,,,4,,4F0,,Swedish krona/Euro ECB reference exchange rate,"ECB reference exchange rate, Swedish krona/Euro, 2.15 pm (C.E.T.)",SEK,0
EXR.D.SEK.EUR.SP00.A,D,SEK,EUR,SP00,A,2026-09-09,11.1495,A,F,,,P1D,,A,,,,,,,99Q1=100,,,4,,4F0,,Swedish krona/Euro ECB reference exchange rate,"ECB reference exchange rate, Swedish krona/Euro, 2.15 pm (C.E.T.)",SEK,0
EXR.D.SEK.EUR.SP00.A,D,SEK,EUR,SP00,A,2026-09-10,11.1995,A,F,,,P1D,,A,,,,,,,99Q1=100,,,4,,4F0,,Swedish krona/Euro ECB reference exchange rate,"ECB reference exchange rate, Swedish krona/Euro, 2.15 pm (C.E.T.)",SEK,0
EXR.D.SEK.EUR.SP00.A,D,SEK,EUR,SP00,A,2026-09-11,11.2373,A,F,,,P1D,,A,,,,,,,99Q1=100,,,4,,4F0,,Swedish krona/Euro ECB reference exchange rate,"ECB reference exchange rate, Swedish krona/Euro, 2.15 pm (C.E.T.)",SEK,0
EXR.D.SEK.EUR.SP00.A,D,SEK,EUR,SP00,A,2026-09-14,11.281,A,F,,,P1D,,A,,,,,,,99Q1=100,,,4,,4F0,,Swedish krona/Euro ECB reference exchange rate,"ECB reference exchange rate, Swedish krona/Euro, 2.15 pm (C.E.T.)",SEK,0
EXR.D.SEK.EUR.SP00.A,D,SEK,EUR,SP00,A,2026-09-15,11.274,A,F,,,P1D,,A,,,,,,,99Q1=100,,,4,,4F0,,Swedish krona/Euro ECB reference exchange rate,"ECB reference exchange rate, Swedish krona/Euro, 2.15 pm (C.E.T.)",SEK,0
EXR.D.SEK.EUR.SP00.A,D,SEK,EUR,SP00,A,2026-09-16,11.2875,A,F,,,P1D,,A,,,,,,,99Q1=100,,,4,,4F0,,Swedish krona/Euro ECB reference exchange rate,"ECB reference exchange rate, Swedish krona/Euro, 2.15 pm (C.E.T.)",SEK,0
EXR.D.SEK.EUR.SP00.A,D,SEK,EUR,SP00,A,2026-09-17,11.2715,A,F,,,P1D,,A,,,,,,,99Q1=100,,,4,,4F0,,Swedish krona/Euro ECB reference exchange rate,"ECB reference exchange rate, Swedish krona/Euro, 2.15 pm (C.E.T.)",SEK,0
EXR.D.SEK.EUR.SP00.A,D,SEK,EUR,SP00,A,2026-09-18,11.2915,A,F,,,P1D,,A,,,,,,,99Q1=100,,,4,,4F0,,Swedish krona/Euro ECB reference exchange rate,"ECB reference exchange rate, Swedish krona/Euro, 2.15 pm (C.E.T.)",SEK,0
EXR.D.SEK.EUR.SP00.A,D,SEK,EUR,SP00,A,2026-09-21,11.275,A,F,,,P1D,,A,,,,,,,99Q1=100,,,4,,4F0,,Swedish krona/Euro ECB reference exchange rate,"ECB reference exchange rate, Swedish krona/Euro, 2.15 pm (C.E.T.)",SEK,0
EXR.D.SEK.EUR.SP00.A,D,SEK,EUR,SP00,A,2026-09-22,11.2463,A,F,,,P1D,,A,,,,,,,99Q1=100,,,4,,4F0,,Swedish krona/Euro ECB reference exchange rate,"ECB reference exchange rate, Swedish krona/Euro, 2.15 pm (C.E.T.)",SEK,0
EXR.D.SEK.EUR.SP00.A,D,SEK,EUR,SP00,A,2026-09-23,11.272,A,F,,,P1D,,A,,,,,,,99Q1=100,,,4,,4F0,,Swedish krona/Euro ECB reference exchange rate,"ECB reference exchange rate, Swedish krona/Euro, 2.15 pm (C.E.T.)",SEK,0
EXR.D.SEK.EUR.SP00.A,D,SEK,EUR,SP00,A,2026-09-24,11.2645,A,F,,,P1D,,A,,,,,,,99Q1=100,,,4,,4F0,,Swedish krona/Euro ECB reference exchange rate,"ECB reference exchange rate, Swedish krona/Euro, 2.15 pm (C.E.T.)",SEK,0
EXR.D.USD.EUR.SP00.A,D,USD,EUR,SP00,A,2025-09-25,1.1739,A,F,,,P1D,,A,,,,,,,99Q1=100,,,4,,4F0,,US dollar/Euro ECB reference exchange rate,"ECB reference exchange rate, US dollar/Euro, 2.15 pm (C.E.T.)",USD,0
EXR.D.USD.EUR.SP00.A,D,USD,EUR,SP00,A,2025-09-26,1.1672,A,F,,,P1D,,A,,,,,,,99Q1=100,,,4,,4F0,,US dollar/Euro ECB reference exchange rate,"ECB reference exchange rate, US dollar/Euro, 2.15 pm (C.E.T.)",USD,0
EXR.D.USD.EUR.SP00.A,D,USD,EUR,SP00,A,2025-09-29,1.1723,A,F,,,P1D,,A,,,,,,,99Q1=100,,,4,,4F0,,US dollar/Euro ECB reference exchange rate,"ECB reference exchange rate, US dollar/Euro, 2.15 pm (C.E.T.)",USD,0
EXR.D.USD.EUR.SP00.A,D,USD,EUR,SP00,A,2025-09-30,1.1741,A,F,,,P1D,,A,,,,,,,99Q1=100,,,4,,4F0,,US dollar/Euro ECB reference exchange rate,"ECB reference exchange rate, US dollar/Euro, 2.15 pm (C.E.T.)",USD,0
EXR.D.USD.EUR.SP00.A,D,USD,EUR,SP00,A,2025-10-01,1.1724,A,F,,,P1D,,A,,,,,,,99Q1=100,,,4,,4F0,,US dollar/Euro ECB reference exchange rate,"ECB reference exchange rate, US dollar/Euro, 2.15 pm (C.E.T.)",USD,0
EXR.D.USD.EUR.SP00.A,D,USD,EUR,SP00,A,2025-10-02,1.1754,A,F,,,P1D,,A,,,,,,,99Q1=100,,,4,,4F0,,US dollar/Euro ECB reference exchange rate,"ECB reference exchange rate, US dollar/Euro, 2.15 pm (C.E.T.)",USD,0
EXR.D.USD.EUR.SP00.A,D,USD,EUR,SP00,A,2025-10-03,1.1734,A,F,,,P1D,,A,,,,,,,99Q1=100,,,4,,4F0,,US dollar/Euro ECB reference exchange rate,"ECB reference exchange rate, US dollar/Euro, 2.15 pm (C.E.T.)",USD,0
EXR.D.USD.EUR.SP00.A,D,USD,EUR,SP00,A,2025-10-06,1.1678,A,F,,,P1D,,A,,,,,,,99Q1=100,,,4,,4F0,,US dollar/Euro ECB reference exchange rate,"ECB reference exchange rate, US dollar/Euro, 2.15 pm (C.E.T.)",USD,0
EXR.D.USD.EUR.SP00.A,D,USD,EUR,SP00,A,2025-10-07,1.1666,A,F,,,P1D,,A,,,,,,,99Q1=100,,,4,,4F0,,US dollar/Euro ECB reference exchange rate,"ECB reference exchange rate, US dollar/Euro, 2.15 pm (C.E.T.)",USD,0
EXR.D.USD.EUR.SP00.A,D,USD,EUR,SP00,A,2025-10-08,1.1627,A,F,,,P1D,,A,,,,,,,99Q1=100,,,4,,4F0,,US dollar/Euro ECB reference exchange rate,"ECB reference exchange rate, US dollar/Euro, 2.15 pm (C.E.T.)",USD,0
EXR.D.USD.EUR.SP00.A,D,USD,EUR,SP00,A,2025-10-09,1.1611,A,F,,,P1D,,A,,,,,,,99Q1=100,,,4,,4F0,,US dollar/Euro ECB reference exchange rate,"ECB reference exchange rate, US dollar/Euro, 2.15 pm (C.E.T.)",USD,0
EXR.D.USD.EUR.SP00.A,D,USD,EUR,SP00,A,2025-10-10,1.1568,A,F,,,P1D,,A,,,,,,,99Q1=100,,,4,,4F0,,US dollar/Euro ECB reference exchange rate,"ECB reference exchange rate, US dollar/Euro, 2.15 pm (C.E.T.)",USD,0
EXR.D.USD.EUR.SP00.A,D,USD,EUR,SP00,A,2025-10-13,1.1569,A,F,,,P1D,,A,,,,,,,99Q1=100,,,4,,4F0,,US dollar/Euro ECB reference exchange rate,"ECB reference exchange rate, US dollar/Euro, 2.15 pm (C.E.T.)",USD,0
EXR.D.USD.EUR.SP00.A,D,USD,EUR,SP00,A,2025-10-14,1.1553,A,F,,,P1D,,A,,,,,,,99Q1=100,,,4,,4F0,,US dollar/Euro ECB reference exchange rate,"ECB reference exchange rate, US dollar/Euro, 2.15 pm (C.E.T.)",USD,0
EXR.D.USD.EUR.SP00.A,D,USD,EUR,SP00,A,2025-10-15,1.1622,A,F,,,P1D,,A,,,,,,,99Q1=100,,,4,,4F0,,US dollar/Euro ECB reference exchange rate,"ECB reference exchange rate, US dollar/Euro, 2.15 pm (C.E.T.)",USD,0
EXR.D.USD.EUR.SP00.A,D,USD,EUR,SP00,A,2025-10-16,1.1649,A,F,,,P1D,,A,,,,,,,99Q1=100,,,4,,4F0,,US dollar/Euro ECB reference exchange rate,"ECB reference exchange rate, US dollar/Euro, 2.15 pm (C.E.T.)",USD,0
EXR.D.USD.EUR.SP00.A,D,USD,EUR,SP00,A,2025-10-17,1.1681,A,F,,,P1D,,A,,,,,,,99Q1=100,,,4,,4F0,,US dollar/Euro ECB reference exchange rate,"ECB reference exchange rate, US dollar/Euro, 2.15 pm (C.E.T.)",USD,0
EXR.D.USD.EUR.SP00.A,D,USD,EUR,SP00,A,2025-10-20,1.1655,A,F,,,P1D,,A,,,,,,,99Q1=100,,,4,,4F0,,US dollar/Euro ECB reference exchange rate,"ECB reference exchange rate, US dollar/Euro, 2.15 pm (C.E.T.)",USD,0
EXR.D.USD.EUR.SP00.A,D,USD,EUR,SP00,A,2025-10-21,1.1607,A,F,,,P1D,,A,,,,,,,99Q1=100,,,4,,4F0,,US dollar/Euro ECB reference exchange rate,"ECB reference exchange rate, US dollar/Euro, 2.15 pm (C.E.T.)",USD,0
EXR.D.USD.EUR.SP00.A,D,USD,EUR,SP00,A,2025-10-22,1.1587,A,F,,,P1D,,A,,,,,,,99Q1=100,,,4,,4F0,,US dollar/Euro ECB reference exchange rate,"ECB reference exchange rate, US dollar/Euro, 2.15 pm (C.E.T.)",USD,0
EXR.D.USD.EUR.SP00.A,D,USD,EUR,SP00,A,2025-10-23,1.1593,A,F,,,P1D,,A,,,,,,,99Q1=100,,,4,,4F0,,US dollar/Euro ECB reference exchange rate,"ECB reference exchange rate, US dollar/Euro, 2.15 pm (C.E.T.)",USD,0
EXR.D.USD.EUR.SP00.A,D,USD,EUR,SP00,A,2025-10-24,1.1612,A,F,,,P1D,,A,,,,,,,99Q1=100,,,4,,4F0,,US dollar/Euro ECB reference exchange rate,"ECB reference exchange rate, US dollar/Euro, 2.15 pm (C.E.T.)",USD,0
EXR.D.USD.EUR.SP00.A,D,USD,EUR,SP00,A,2025-10-27,1.164,A,F,,,P1D,,A,,,,,,,99Q1=100,,,4,,4F0,,US dollar/Euro ECB reference exchange rate,"ECB reference exchange rate, US dollar/Euro, 2.15 pm (C.E.T.)",USD,0
EXR.D.USD.EUR.SP00.A,D,USD,EUR,SP00,A,2025-10-28,1.163,A,F,,,P1D,,A,,,,,,,99Q1=100,,,4,,4F0,,US dollar/Euro ECB reference exchange rate,"ECB reference exchange rate, US dollar/Euro, 2.15 pm (C.E.T.)",USD,0
EXR.D.USD.EUR.SP00.A,D,USD,EUR,SP00,A,2025-10-29,1.1636,A,F,,,P1D,,A,,,,,,,99Q1=100,,,4,,4F0,,US dollar/Euro ECB reference exchange rate,"ECB reference exchange rate, US dollar/Euro, 2.15 pm (C.E.T.)",USD,0
EXR.D.USD.EUR.SP00.A,D,USD,EUR,SP00,A,2025-10-30,1.155,A,F,,,P1D,,A,,,,,,,99Q1=100,,,4,,4F0,,US dollar/Euro ECB reference exchange rate,"ECB reference exchange rate, US dollar/Euro, 2.15 pm (C.E.T.)",USD,0
EXR.D.USD.EUR.SP00.A,D,USD,EUR,SP00,A,2025-10-31,1.1554,A,F,,,P1D,,A,,,,,,,99Q1=100,,,4,,4F0,,US dollar/Euro ECB reference exchange rate,"ECB reference exchange rate, US dollar/Euro, 2.15 pm (C.E.T.)",USD,0
EXR.D.USD.EUR.SP00.A,D,USD,EUR,SP00,A,2025-11-03,1.1514,A,F,,,P1D,,A,,,,,,,99Q1=100,,,4,,4F0,,US dollar/Euro ECB reference exchange rate,"ECB reference exchange rate, US dollar/Euro, 2.15 pm (C.E.T.)",USD,0
EXR.D.USD.EUR.SP00.A,D,USD,EUR,SP00,A,2025-11-04,1.1491,A,F,,,P1D,,A,,,,,,,99Q1=100,,,4,,4F0,,US dollar/Euro ECB reference exchange rate,"ECB reference exchange rate, US dollar/Euro, 2.15 pm (C.E.T.)",USD,0
EXR.D.USD.EUR.SP00.A,D,USD,EUR,SP00,A,2025-11-05,1.1492,A,F,,,P1D,,A,,,,,,,99Q1=100,,,4,,4F0,,US dollar/Euro ECB reference exchange rate,"ECB reference exchange rate, US dollar/Euro, 2.15 pm (C.E.T.)",USD,0
EXR.D.USD.EUR.SP00.A,D,USD,EUR,SP00,A,2025-11-06,1.1533,A,F,,,P1D,,A,,,,,,,99Q1=100,,,4,,4F0,,US dollar/Euro ECB reference exchange rate,"ECB reference exchange rate, US dollar/Euro, 2.15 pm (C.E.T.)",USD,0
EXR.D.USD.EUR.SP00.A,D,USD,EUR,SP00,A,2025-11-07,1.1561,A,F,,,P1D,,A,,,,,,,99Q1=100,,,4,,4F0,,US dollar/Euro ECB reference exchange rate,"ECB reference exchange rate, US dollar/Euro, 2.15 pm (C.E.T.)",USD,0
EXR.D.USD.EUR.SP00.A,D,USD,EUR,SP00,A,2025-11-10,1.1571,A,F,,,P1D,,A,,,,,,,99Q1=100,,,4,,4F0,,US dollar/Euro ECB reference exchange rate,"ECB reference exchange rate, US dollar/Euro, 2.15 pm (C.E.T.)",USD,0
EXR.D.USD.EUR.SP00.A,D,USD,EUR,SP00,A,2025-11-11,1.1575,A,F,,,P1D,,A,,,,,,,99Q1=100,,,4,,4F0,,US dollar/Euro ECB reference exchange rate,"ECB reference exchange rate, US dollar/Euro, 2.15 pm (C.E.T.)",USD,0
EXR.D.USD.EUR.SP00.A,D,USD,EUR,SP00,A,2025-11-12,1.1576,A,F,,,P1D,,A,,,,,,,99Q1=100,,,4,,4F0,,US dollar/Euro ECB reference exchange rate,"ECB reference exchange rate, US dollar/Euro, 2.15 pm (C.E.T.)",USD,0
EXR.D.USD.EUR.SP00.A,D,USD,EUR,SP00,A,2025-11-13,1.1619,A,F,,,P1D,,A,,,,,,,99Q1=100,,,4,,4F0,,US dollar/Euro ECB reference exchange rate,"ECB reference exchange rate, US dollar/Euro, 2.15 pm (C.E.T.)",USD,0
EXR.D.USD.EUR.SP00.A,D,USD,EUR,SP00,A,2025-11-14,1.1648,A,F,,,P1D,,A,,,,,,,99Q1=100,,,4,,4F0,,US dollar/Euro ECB reference exchange rate,"ECB reference exchange rate, US dollar/Euro, 2.15 pm (C.E.T.)",USD,0
EXR.D.USD.EUR.SP00.A,D,USD,EUR,SP00,A,2025-11-17,1.1593,A,F,,,P1D,,A,,,,,,,99Q1=100,,,4,,4F0,,US dollar/Euro ECB reference exchange rate,"ECB reference exchange rate, US dollar/Euro, 2.15 pm (C.E.T.)",USD,0
EXR.D.USD.EUR.SP00.A,D,USD,EUR,SP00,A,2025-11-18,1.159,A,F,,,P1D,,A,,,,,,,99Q1=100,,,4,,4F0,,US dollar/Euro ECB reference exchange rate,"ECB reference exchange rate, US dollar/Euro, 2.15 pm (C.E.T.)",USD,0
EXR.D.USD.EUR.SP00.A,D,USD,EUR,SP00,A,2025-11-19,1.1583,A,F,,,P1D,,A,,,,,,,99Q1=100,,,4,,4F0,,US dollar/Euro ECB reference exchange rate,"ECB reference exchange rate, US dollar/Euro, 2.15 pm (C.E.T.)",USD,0
EXR.D.USD.EUR.SP00.A,D,USD,EUR,SP00,A,2025-11-20,1.1514,A,F,,,P1D,,A,,,,,,,99Q1=100,,,4,,4F0,,US dollar/Euro ECB reference exchange rate,"ECB reference exchange rate, US dollar/Euro, 2.15 pm (C.E.T.)",USD,0
EXR.D.USD.EUR.SP00.A,D,USD,EUR,SP00,A,2025-11-21,1.152,A,F,,,P1D,,A,,,,,,,99Q1=100,,,4,,4F0,,US dollar/Euro ECB reference exchange rate,"ECB reference exchange rate, US dollar/Euro, 2.15 pm (C.E.T.)",USD,0
EXR.D.USD.EUR.SP00.A,D,USD,EUR,SP00,A,2025-11-24,1.1544,A,F,,,P1D,,A,,,,,,,99Q1=100,,,4,,4F0,,US dollar/Euro ECB reference exchange rate,"ECB reference exchange rate, US dollar/Euro, 2.15 pm (C.E.T.)",USD,0
EXR.D.USD.EUR.SP00.A,D,USD,EUR,SP00,A,2025-11-25,1.1551,A,F,,,P1D,,A,,,,,,,99Q1=100,,,4,,4F0,,US dollar/Euro ECB reference exchange rate,"ECB reference exchange rate, US dollar/Euro, 2.15 pm (C.E.T.)",USD,0
EXR.D.USD.EUR.SP00.A,D,USD,EUR,SP00,A,2025-11-26,1.1577,A,F,,,P1D,,A,,,,,,,99Q1=100,,,4,,4F0,,US dollar/Euro ECB reference exchange rate,"ECB reference exchange rate, US dollar/Euro, 2.15 pm (C.E.T.)",USD,0
EXR.D.USD.EUR.SP00.A,D,USD,EUR,SP00,A,2025-11-27,1.1586,A,F,,,P1D,,A,,,,,,,99Q1=100,,,4,,4F0,,US dollar/Euro ECB reference exchange rate,"ECB reference exchange rate, US dollar/Euro, 2.15 pm (C.E.T.)",USD,0
EXR.D.USD.EUR.SP00.A,D,USD,EUR,SP00,A,2025-11-28,1.1566,A,F,,,P1D,,A,,,,,,,99Q1=100,,,4,,4F0,,US dollar/Euro ECB reference exchange rate,"ECB reference exchange rate, US dollar/Euro, 2.15 pm (C.E.T.)",USD,0
EXR.D.USD.EUR.SP00.A,D,USD,EUR,SP00,A,2025-12-01,1.1646,A,F,,,P1D,,A,,,,,,,99Q1=100,,,4,,4F0,,US dollar/Euro ECB reference exchange rate,"ECB reference exchange rate, US dollar/Euro, 2.15 pm (C.E.T.)",USD,0
EXR.D.USD.EUR.SP00.A,D,USD,EUR,SP00,A,2025-12-02,1.1614,A,F,,,P1D,,A,,,,,,,99Q1=100,,,4,,4F0,,US dollar/Euro ECB reference exchange rate,"ECB reference exchange rate, US dollar/Euro, 2.15 pm (C.E.T.)",USD,0
EXR.D.USD.EUR.SP00.A,D,USD,EUR,SP00,A,2025-12-03,1.1668,A,F,,,P1D,,A,,,,,,,99Q1=100,,,4,,4F0,,US dollar/Euro ECB reference exchange rate,"ECB reference exchange rate, US dollar/Euro, 2.15 pm (C.E.T.)",USD,0
EXR.D.USD.EUR.SP00.A,D,USD,EUR,SP00,A,2025-12-04,1.1666,A,F,,,P1D,,A,,,,,,,99Q1=100,,,4,,4F0,,US dollar/Euro ECB reference exchange rate,"ECB reference exchange rate, US dollar/Euro, 2.15 pm (C.E.T.)",USD,0
EXR.D.USD.EUR.SP00.A,D,USD,EUR,SP00,A,2025-12-05,1.1645,A,F,,,P1D,,A,,,,,,,99Q1=100,,,4,,4F0,,US dollar/Euro ECB reference exchange rate,"ECB reference exchange rate, US dollar/Euro, 2.15 pm (C.E.T.)",USD,0
EXR.D.USD.EUR.SP00.A,D,USD,EUR,SP00,A,2025-12-08,1.1655,A,F,,,P1D,,A,,,,,,,99Q1=100,,,4,,4F0,,US dollar/Euro ECB reference exchange rate,"ECB reference exchange rate, US dollar/Euro, 2.15 pm (C.E.T.)",USD,0
EXR.D.USD.EUR.SP00.A,D,USD,EUR,SP00,A,2025-12-09,1.1637,A,F,,,P1D,,A,,,,,,,99Q1=100,,,4,,4F0,,US dollar/Euro ECB reference exchange rate,"ECB reference exchange rate, US dollar/Euro, 2.15 pm (C.E.T.)",USD,0
EXR.D.USD.EUR.SP00.A,D,USD,EUR,SP00,A,2025-12-10,1.1634,A,F,,,P1D,,A,,,,,,,99Q1=100,,,4,,4F0,,US dollar/Euro ECB reference exchange rate,"ECB reference exchange rate, US dollar/Euro, 2.15 pm (C.E.T.)",USD,0
EXR.D.USD.EUR.SP00.A,D,USD,EUR,SP00,A,2025-12-11,1.1714,A,F,,,P1D,,A,,,,,,,99Q1=100,,,4,,4F0,,US dollar/Euro ECB reference exchange rate,"ECB reference exchange rate, US dollar/Euro, 2.15 pm (C.E.T.)",USD,0
EXR.D.USD.EUR.SP00.A,D,USD,EUR,SP00,A,2025-12-12,1.1731,A,F,,,P1D,,A,,,,,,,99Q1=100,,,4,,4F0,,US dollar/Euro ECB reference exchange rate,"ECB reference exchange rate, US dollar/Euro, 2.15 pm (C.E.T.)",USD,0
EXR.D.USD.EUR.SP00.A,D,USD,EUR,SP00,A,2025-12-15,1.1753,A,F,,,P1D,,A,,,,,,,99Q1=100,,,4,,4F0,,US dollar/Euro ECB reference exchange rate,"ECB reference exchange rate, US dollar/Euro, 2.15 pm (C.E.T.)",USD,0
EXR.D.USD.EUR.SP00.A,D,USD,EUR,SP00,A,2025-12-16,1.1776,A,F,,,P1D,,A,,,,,,,99Q1=100,,,4,,4F0,,US dollar/Euro ECB reference exchange rate,"ECB reference exchange rate, US dollar/Euro, 2.15 pm (C.E.T.)",USD,0
EXR.D.USD.EUR.SP00.A,D,USD,EUR,SP00,A,2025-12-17,1.1722,A,F,,,P1D,,A,,,,,,,99Q1=100,,,4,,4F0,,US dollar/Euro ECB reference exchange rate,"ECB reference exchange rate, US dollar/Euro, 2.15 pm (C.E.T.)",USD,0
EXR.D.USD.EUR.SP00.A,D,USD,EUR,SP00,A,2025-12-18,1.1719,A,F,,,P1D,,A,,,,,,,99Q1=100,,,4,,4F0,,US dollar/Euro ECB reference exchange rate,"ECB reference exchange rate, US dollar/Euro, 2.15 pm (C.E.T.)",USD,0
EXR.D.USD.EUR.SP00.A,D,USD,EUR,SP00,A,2025-12-19,1.1712,A,F,,,P1D,,A,,,,,,,99Q1=100,,,4,,4F0,,US dollar/Euro ECB reference exchange rate,"ECB reference exchange rate, US dollar/Euro, 2.15 pm (C.E.T.)",USD,0
EXR.D.USD.EUR.SP00.A,D,USD,EUR,SP00,A,2025-12-22,1.1745,A,F,,,P1D,,A,,,,,,,99Q1=100,,,4,,4F0,,US dollar/Euro ECB reference exchange rate,"ECB reference exchange rate, US dollar/Euro, 2.15 pm (C.E.T.)",USD,0
EXR.D.USD.EUR.SP00.A,D,USD,EUR,SP00,A,2025-12-23,1.1786,A,F,,,P1D,,A,,,,,,,99Q1=100,,,4,,4F0,,US dollar/Euro ECB reference exchange rate,"ECB reference exchange rate, US dollar/Euro, 2.15 pm (C.E.T.)",USD,0
EXR.D.USD.EUR.SP00.A,D,USD,EUR,SP00,A,2025-12-24,1.1787,A,F,,,P1D,,A,,,,,,,99Q1=100,,,4,,4F0,,US dollar/Euro ECB reference exchange rate,"ECB reference exchange rate, US dollar/Euro, 2.15 pm (C.E.T.)",USD,0
EXR.D.USD.EUR.SP00.A,D,USD,EUR,SP00,A,2025-12-29,1.1766,A,F,,,P1D,,A,,,,,,,99Q1=100,,,4,,4F0,,US dollar/Euro ECB reference exchange rate,"ECB reference exchange rate, US dollar/Euro, 2.15 pm (C.E.T.)",USD,0
EXR.D.USD.EUR.SP00.A,D,USD,EUR,SP00,A,2025-12-30,1.1757,A,F,,,P1D,,A,,,,,,,99Q1=100,,,4,,4F0,,US dollar/Euro ECB reference exchange rate,"ECB reference exchange rate, US dollar/Euro, 2.15 pm (C.E.T.)",USD,0
EXR.D.USD.EUR.SP00.A,D,USD,EUR,SP00,A,2025-12-31,1.175,A,F,,,P1D,,A,,,,,,,99Q1=100,,,4,,4F0,,US dollar/Euro ECB reference exchange rate,"ECB reference exchange rate, US dollar/Euro, 2.15 pm (C.E.T.)",USD,0
EXR.D.USD.EUR.SP00.A,D,USD,EUR,SP00,A,2026-01-02,1.1721,A,F,,,P1D,,A,,,,,,,99Q1=100,,,4,,4F0,,US dollar/Euro ECB reference exchange rate,"ECB reference exchange rate, US dollar/Euro, 2.15 pm (C.E.T.)",USD,0
EXR.D.USD.EUR.SP00.A,D,USD,EUR,SP00,A,2026-01-05,1.1664,A,F,,,P1D,,A,,,,,,,99Q1=100,,,4,,4F0,,US dollar/Euro ECB reference exchange rate,"ECB reference exchange rate, US dollar/Euro, 2.15 pm (C.E.T.)",USD,0
EXR.D.USD.EUR.SP00.A,D,USD,EUR,SP00,A,2026-01-06,1.1707,A,F,,,P1D,,A,,,,,,,99Q1=100,,,4,,4F0,,US dollar/Euro ECB reference exchange rate,"ECB reference exchange rate, US dollar/Euro, 2.15 pm (C.E.T.)",USD,0
EXR.D.USD.EUR.SP00.A,D,USD,EUR,SP00,A,2026-01-07,1.1684,A,F,,,P1D,,A,,,,,,,99Q1=100,,,4,,4F0,,US dollar/Euro ECB reference exchange rate,"ECB reference exchange rate, US dollar/Euro, 2.15 pm (C.E.T.)",USD,0
EXR.D.USD.EUR.SP00.A,D,USD,EUR,SP00,A,2026-01-08,1.1675,A,F,,,P1D,,A,,,,,,,99Q1=100,,,4,,4F0,,US dollar/Euro ECB reference exchange rate,"ECB reference exchange rate, US dollar/Euro, 2.15 pm (C.E.T.)",USD,0
EXR.D.USD.EUR.SP00.A,D,USD,EUR,SP00,A,2026-01-09,1.1642,A,F,,,P1D,,A,,,,,,,99Q1=100,,,4,,4F0,,US dollar/Euro ECB reference exchange rate,"ECB reference exchange rate, US dollar/Euro, 2.15 pm (C.E.T.)",USD,0
EXR.D.USD.EUR.SP00.A,D,USD,EUR,SP00,A,2026-01-12,1.1692,A,F,,,P1D,,A,,,,,,,99Q1=100,,,4,,4F0,,US dollar/Euro ECB reference exchange rate,"ECB reference exchange rate, US dollar/Euro, 2.15 pm (C.E.T.)",USD,0
EXR.D.USD.EUR.SP00.A,D,USD,EUR,SP00,A,2026-01-13,1.1654,A,F,,,P1D,,A,,,,,,,99Q1=100,,,4,,4F0,,US dollar/Euro ECB reference exchange rate,"ECB reference exchange rate, US dollar/Euro, 2.15 pm (C.E.T.)",USD,0
EXR.D.USD.EUR.SP00.A,D,USD,EUR,SP00,A,2026-01-14,1.1651,A,F,,,P1D,,A,,,,,,,99Q1=100,,,4,,4F0,,US dollar/Euro ECB reference exchange rate,"ECB reference exchange rate, US dollar/Euro, 2.15 pm (C.E.T.)",USD,0
EXR.D.USD.EUR.SP00.A,D,USD,EUR,SP00,A,2026-01-15,1.1624,A,F,,,P1D,,A,,,,,,,99Q1=100,,,4,,4F0,,US dollar/Euro ECB reference exchange rate,"ECB reference exchange rate, US dollar/Euro, 2.15 pm (C.E.T.)",USD,0
EXR.D.USD.EUR.SP00.A,D,USD,EUR,SP00,A,2026-01-16,1.1617,A,F,,,P1D,,A,,,,,,,99Q1=100,,,4,,4F0,,US dollar/Euro ECB reference exchange rate,"ECB reference exchange rate, US dollar/Euro, 2.15 pm (C.E.T.)",USD,0
EXR.D.USD.EUR.SP00.A,D,USD,EUR,SP00,A,2026-01-19,1.1631,A,F,,,P1D,,A,,,,,,,99Q1=100,,,4,,4F0,,US dollar/Euro ECB reference exchange rate,"ECB reference exchange rate, US dollar/Euro, 2.15 pm (C.E.T.)",USD,0
EXR.D.USD.EUR.SP00.A,D,USD,EUR,SP00,A,2026-01-20,1.1728,A,F,,,P1D,,A,,,,,,,99Q1=100,,,4,,4F0,,US dollar/Euro ECB reference exchange rate,"ECB reference exchange rate, US dollar/Euro, 2.15 pm (C.E.T.)",USD,0
EXR.D.USD.EUR.SP00.A,D,USD,EUR,SP00,A,2026-01-21,1.1739,A,F,,,P1D,,A,,,,,,,99Q1=100,,,4,,4F0,,US dollar/Euro ECB reference exchange rate,"ECB reference exchange rate, US dollar/Euro, 2.15 pm (C.E.T.)",USD,0
EXR.D.USD.EUR.SP00.A,D,USD,EUR,SP00,A,2026-01-22,1.1706,A,F,,,P1D,,A,,,,,,,99Q1=100,,,4,,4F0,,US dollar/Euro ECB reference exchange rate,"ECB reference exchange rate, US dollar/Euro, 2.15 pm (C.E.T.)",USD,0
EXR.D.USD.EUR.SP00.A,D,USD,EUR,SP00,A,2026-01-23,1.1742,A,F,,,P1D,,A,,,,,,,99Q1=100,,,4,,4F0,,US dollar/Euro ECB reference exchange rate,"ECB reference exchange rate, US dollar/Euro, 2.15 pm (C.E.T.)",USD,0
EXR.D.USD.EUR.SP00.A,D,USD,EUR,SP00,A,2026-01-26,1.1836,A,F,,,P1D,,A,,,,,,,99Q1=100,,,4,,4F0,,US dollar/Euro ECB reference exchange rate,"ECB reference exchange rate, US dollar/Euro, 2.15 pm (C.E.T.)",USD,0
EXR.D.USD.EUR.SP00.A,D,USD,EUR,SP00,A,2026-01-27,1.1929,A,F,,,P1D,,A,,,,,,,99Q1=100,,,4,,4F0,,US dollar/Euro ECB reference exchange rate,"ECB reference exchange rate, US dollar/Euro, 2.15 pm (C.E.T.)",USD,0
EXR.D.USD.EUR.SP00.A,D,USD,EUR,SP00,A,2026-01-28,1.1974,A,F,,,P1D,,A,,,,,,,99Q1=100,,,4,,4F0,,US dollar/Euro ECB reference exchange rate,"ECB reference exchange rate, US dollar/Euro, 2.15 pm (C.E.T.)",USD,0
EXR.D.USD.EUR.SP00.A,D,USD,EUR,SP00,A,2026-01-29,1.1968,A,F,,,P1D,,A,,,,,,,99Q1=100,,,4,,4F0,,US dollar/Euro ECB reference exchange rate,"ECB reference exchange rate, US dollar/Euro, 2.15 pm (C.E.T.)",USD,0
EXR.D.USD.EUR.SP00.A,D,USD,EUR,SP00,A,2026-01-30,1.1919,A,F,,,P1D,,A,,,,,,,99Q1=100,,,4,,4F0,,US dollar/Euro ECB reference exchange rate,"ECB reference exchange rate, US dollar/Euro, 2.15 pm (C.E.T.)",USD,0
EXR.D.USD.EUR.SP00.A,D,USD,EUR,SP00,A,2026-02-02,1.184,A,F,,,P1D,,A,,,,,,,99Q1=100,,,4,,4F0,,US dollar/Euro ECB reference exchange rate,"ECB reference exchange rate, US dollar/Euro, 2.15 pm (C.E.T.)",USD,0
EXR.D.USD.EUR.SP00.A,D,USD,EUR,SP00,A,2026-02-03,1.1801,A,F,,,P1D,,A,,,,,,,99Q1=100,,,4,,4F0,,US dollar/Euro ECB reference exchange rate,"ECB reference exchange rate, US dollar/Euro, 2.15 pm (C.E.T.)",USD,0
EXR.D.USD.EUR.SP00.A,D,USD,EUR,SP00,A,2026-02-04,1.182,A,F,,,P1D,,A,,,,,,,99Q1=100,,,4,,4F0,,US dollar/Euro ECB reference exchange rate,"ECB reference exchange rate, US dollar/Euro, 2.15 pm (C.E.T.)",USD,0
EXR.D.USD.EUR.SP00.A,D,USD,EUR,SP00,A,2026-02-05,1.1798,A,F,,,P1D,,A,,,,,,,99Q1=100,,,4,,4F0,,US dollar/Euro ECB reference exchange rate,"ECB reference exchange rate, US dollar/Euro, 2.15 pm (C.E.T.)",USD,0
EXR.D.USD.EUR.SP00.A,D,USD,EUR,SP00,A,2026-02-06,1.1794,A,F,,,P1D,,A,,,,,,,99Q1=100,,,4,,4F0,,US dollar/Euro ECB reference exchange rate,"ECB reference exchange rate, US dollar/Euro, 2.15 pm (C.E.T.)",USD,0
EXR.D.USD.EUR.SP00.A,D,USD,EUR,SP00,A,2026-02-09,1.1886,A,F,,,P1D,,A,,,,,,,99Q1=100,,,4,,4F0,,US dollar/Euro ECB reference exchange rate,"ECB reference exchange rate, US dollar/Euro, 2.15 pm (C.E.T.)",USD,0
EXR.D.USD.EUR.SP00.A,D,USD,EUR,SP00,A,2026-02-10,1.1894,A,F,,,P1D,,A,,,,,,,99Q1=100,,,4,,4F0,,US dollar/Euro ECB reference exchange rate,"ECB reference exchange rate, US dollar/Euro, 2.15 pm (C.E.T.)",USD,0
EXR.D.USD.EUR.SP00.A,D,USD,EUR,SP00,A,2026-02-11,1.19,A,F,,,P1D,,A,,,,,,,99Q1=100,,,4,,4F0,,US dollar/Euro ECB reference exchange rate,"ECB reference exchange rate, US dollar/Euro, 2.15 pm (C.E.T.)",USD,0
EXR.D.USD.EUR.SP00.A,D,USD,EUR,SP00,A,2026-02-12,1.1874,A,F,,,P1D,,A,,,,,,,99Q1=100,,,4,,4F0,,US dollar/Euro ECB reference exchange rate,"ECB reference exchange rate, US dollar/Euro, 2.15 pm (C.E.T.)",USD,0
EXR.D.USD.EUR.SP00.A,D,USD,EUR,SP00,A,2026-02-13,1.1862,A,F,,,P1D,,A,,,,,,,99Q1=100,,,4,,4F0,,US dollar/Euro ECB reference exchange rate,"ECB reference exchange rate, US dollar/Euro, 2.15 pm (C.E.T.)",USD,0
EXR.D.USD.EUR.SP00.A,D,USD,EUR,SP00,A,2026-02-16,1.1855,A,F,,,P1D,,A,,,,,,,99Q1=100,,,4,,4F0,,US dollar/Euro ECB reference exchange rate,"ECB reference exchange rate, US dollar/Euro, 2.15 pm (C.E.T.)",USD,0
EXR.D.USD.EUR.SP00.A,D,USD,EUR,SP00,A,2026-02-17,1.1826,A,F,,,P1D,,A,,,,,,,99Q1=100,,,4,,4F0,,US dollar/Euro ECB reference exchange rate,"ECB reference exchange rate, US dollar/Euro, 2.15 pm (C.E.T.)",USD,0
EXR.D.USD.EUR.SP00.A,D,USD,EUR,SP00,A,2026-02-18,1.1845,A,F,,,P1D,,A,,,,,,,99Q1=100,,,4,,4F0,,US dollar/Euro ECB reference exchange rate,"ECB reference exchange rate, US dollar/Euro, 2.15 pm (C.E.T.)",USD,0
EXR.D.USD.EUR.SP00.A,D,USD,EUR,SP00,A,2026-02-19,1.1753,A,F,,,P1D,,A,,,,,,,99Q1=100,,,4,,4F0,,US dollar/Euro ECB reference exchange rate,"ECB reference exchange rate, US dollar/Euro, 2.15 pm (C.E.T.)",USD,0
EXR.D.USD.EUR.SP00.A,D,USD,EUR,SP00,A,2026-02-20,1.1767,A,F,,,P1D,,A,,,,,,,99Q1=100,,,4,,4F0,,US dollar/Euro ECB reference exchange rate,"ECB reference exchange rate, US dollar/Euro, 2.15 pm (C.E.T.)",USD,0
EXR.D.USD.EUR.SP00.A,D,USD,EUR,SP00,A,2026-02-23,1.1784,A,F,,,P1D,,A,,,,,,,99Q1=100,,,4,,4F0,,US dollar/Euro ECB reference exchange rate,"ECB reference exchange rate, US dollar/Euro, 2.15 pm (C.E.T.)",USD,0
EXR.D.USD.EUR.SP00.A,D,USD,EUR,SP00,A,2026-02-24,1.1777,A,F,,,P1D,,A,,,,,,,99Q1=100,,,4,,4F0,,US dollar/Euro ECB reference exchange rate,"ECB reference exchange rate, US dollar/Euro, 2.15 pm (C.E.T.)",USD,0
EXR.D.USD.EUR.SP00.A,D,USD,EUR,SP00,A,2026-02-25,1.1784,A,F,,,P1D,,A,,,,,,,99Q1=100,,,4,,4F0,,US dollar/Euro ECB reference exchange rate,"ECB reference exchange rate, US dollar/Euro, 2.15 pm (C.E.T.)",USD,0
EXR.D.USD.EUR.SP00.A,D,USD,EUR,SP00,A,2026-02-26,1.1814,A,F,,,P1D,,A,,,,,,,99Q1=100,,,4,,4F0,,US dollar/Euro ECB reference exchange rate,"ECB reference exchange rate, US dollar/Euro, 2.15 pm (C.E.T.)",USD,0
EXR.D.USD.EUR.SP00.A,D,USD,EUR,SP00,A,2026-02-27,1.1805,A,F,,,P1D,,A,,,,,,,99Q1=100,,,4,,4F0,,US dollar/Euro ECB reference exchange rate,"ECB reference exchange rate, US dollar/Euro, 2.15 pm (C.E.T.)",USD,0
EXR.D.USD.EUR.SP00.A,D,USD,EUR,SP00,A,2026-03-02,1.1698,A,F,,,P1D,,A,,,,,,,99Q1=100,,,4,,4F0,,US dollar/Euro ECB reference exchange rate,"ECB reference exchange rate, US dollar/Euro, 2.15 pm (C.E.T.)",USD,0
EXR.D.USD.EUR.SP00.A,D,USD,EUR,SP00,A,2026-03-03,1.1606,A,F,,,P1D,,A,,,,,,,99Q1=100,,,4,,4F0,,US dollar/Euro ECB reference exchange rate,"ECB reference exchange rate, US dollar/Euro, 2.15 pm (C.E.T.)",USD,0
EXR.D.USD.EUR.SP00.A,D,USD,EUR,SP00,A,2026-03-04,1.1649,A,F,,,P1D,,A,,,,,,,99Q1=100,,,4,,4F0,,US dollar/Euro ECB reference exchange rate,"ECB reference exchange rate, US dollar/Euro, 2.15 pm (C.E.T.)",USD,0
EXR.D.USD.EUR.SP00.A,D,USD,EUR,SP00,A,2026-03-05,1.1618,A,F,,,P1D,,A,,,,,,,99Q1=100,,,4,,4F0,,US dollar/Euro ECB reference exchange rate,"ECB reference exchange rate, US dollar/Euro, 2.15 pm (C.E.T.)",USD,0
EXR.D.USD.EUR.SP00.A,D,USD,EUR,SP00,A,2026-03-06,1.1561,A,F,,,P1D,,A,,,,,,,99Q1=100,,,4,,4F0,,US dollar/Euro ECB reference exchange rate,"ECB reference exchange rate, US dollar/Euro, 2.15 pm (C.E.T.)",USD,0
EXR.D.USD.EUR.SP00.A,D,USD,EUR,SP00,A,2026-03-09,1.1555,A,F,,,P1D,,A,,,,,,,99Q1=100,,,4,,4F0,,US dollar/Euro ECB reference exchange rate,"ECB reference exchange rate, US dollar/Euro, 2.15 pm (C.E.T.)",USD,0
EXR.D.USD.EUR.SP00.A,D,USD,EUR,SP00,A,2026-03-10,1.1641,A,F,,,P1D,,A,,,,,,,99Q1=100,,,4,,4F0,,US dollar/Euro ECB reference exchange rate,"ECB reference exchange rate, US dollar/Euro, 2.15 pm (C.E.T.)",USD,0
EXR.D.USD.EUR.SP00.A,D,USD,EUR,SP00,A,2026-03-11,1.1581,A,F,,,P1D,,A,,,,,,,99Q1=100,,,4,,4F0,,US dollar/Euro ECB reference exchange rate,"ECB reference exchange rate, US dollar/Euro, 2.15 pm (C.E.T.)",USD,0
EXR.D.USD.EUR.SP00.A,D,USD,EUR,SP00,A,2026-03-12,1.1547,A,F,,,P1D,,A,,,,,,,99Q1=100,,,4,,4F0,,US dollar/Euro ECB reference exchange rate,"ECB reference exchange rate, US dollar/Euro, 2.15 pm (C.E.T.)",USD,0
EXR.D.USD.EUR.SP00.A,D,USD,EUR,SP00,A,2026-03-13,1.1476,A,F,,,P1D,,A,,,,,,,99Q1=100,,,4,,4F0,,US dollar/Euro ECB reference exchange rate,"ECB reference exchange rate, US dollar/Euro, 2.15 pm (C.E.T.)",USD,0
EXR.D.USD.EUR.SP00.A,D,USD,EUR,SP00,A,2026-03-16,1.1478,A,F,,,P1D,,A,,,,,,,99Q1=100,,,4,,4F0,,US dollar/Euro ECB reference exchange rate,"ECB reference exchange rate, US dollar/Euro, 2.15 pm (C.E.T.)",USD,0
EXR.D.USD.EUR.SP00.A,D,USD,EUR,SP00,A,2026-03-17,1.1531,A,F,,,P1D,,A,,,,,,,99Q1=100,,,4,,4F0,,US dollar/Euro ECB reference exchange rate,"ECB reference exchange rate, US dollar/Euro, 2.15 pm (C.E.T.)",USD,0
EXR.D.USD.EUR.SP00.A,D,USD,EUR,SP00,A,2026-03-18,1.15,A,F,,,P1D,,A,,,,,,,99Q1=100,,,4,,4F0,,US dollar/Euro ECB reference exchange rate,"ECB reference exchange rate, US dollar/Euro, 2.15 pm (C.E.T.)",USD,0
EXR.D.USD.EUR.SP00.A,D,USD,EUR,SP00,A,2026-03-19,1.1489,A,F,,,P1D,,A,,,,,,,99Q1=100,,,4,,4F0,,US dollar/Euro ECB reference exchange rate,"ECB reference exchange rate, US dollar/Euro, 2.15 pm (C.E.T.)",USD,0
EXR.D.USD.EUR.SP00.A,D,USD,EUR,SP00,A,2026-03-20,1.1555,A,F,,,P1D,,A,,,,,,,99Q1=100,,,4,,4F0,,US dollar/Euro ECB reference exchange rate,"ECB reference exchange rate, US dollar/Euro, 2.15 pm (C.E.T.)",USD,0
EXR.D.USD.EUR.SP00.A,D,USD,EUR,SP00,A,2026-03-23,1.1596,A,F,,,P1D,,A,,,,,,,99Q1=100,,,4,,4F0,,US dollar/Euro ECB reference exchange rate,"ECB reference exchange rate, US dollar/Euro, 2.15 pm (C.E.T.)",USD,0
EXR.D.USD.EUR.SP00.A,D,USD,EUR,SP00,A,2026-03-24,1.1572,A,F,,,P1D,,A,,,,,,,99Q1=100,,,4,,4F0,,US dollar/Euro ECB reference exchange rate,"ECB reference exchange rate, US dollar/Euro, 2.15 pm (C.E.T.)",USD,0
EXR.D.USD.EUR.SP00.A,D,USD,EUR,SP00,A,2026-03-25,1.1592,A,F,,,P1D,,A,,,,,,,99Q1=100,,,4,,4F0,,US dollar/Euro ECB reference exchange rate,"ECB reference exchange rate, US dollar/Euro, 2.15 pm (C.E.T.)",USD,0
EXR.D.USD.EUR.SP00.A,D,USD,EUR,SP00,A,2026-03-26,1.1539,A,F,,,P1D,,A,,,,,,,99Q1=100,,,4,,4F0,,US dollar/Euro ECB reference exchange rate,"ECB reference exchange rate, US dollar/Euro, 2.15 pm (C.E.T.)",USD,0
EXR.D.USD.EUR.SP00.A,D,USD,EUR,SP00,A,2026-03-27,1.1517,A,F,,,P1D,,A,,,,,,,99Q1=100,,,4,,4F0,,US dollar/Euro ECB reference exchange rate,"ECB reference exchange rate, US dollar/Euro, 2.15 pm (C.E.T.)",USD,0
EXR.D.USD.EUR.SP00.A,D,USD,EUR,SP00,A,2026-03-30,1.1484,A,F,,,P1D,,A,,,,,,,99Q1=100,,,4,,4F0,,US dollar/Euro ECB reference exchange rate,"ECB reference exchange rate, US dollar/Euro, 2.15 pm (C.E.T.)",USD,0
EXR.D.USD.EUR.SP00.A,D,USD,EUR,SP00,A,2026-03-31,1.1498,A,F,,,P1D,,A,,,,,,,99Q1=100,,,4,,4F0,,US dollar/Euro ECB reference exchange rate,"ECB reference exchange rate, US dollar/Euro, 2.15 pm (C.E.T.)",USD,0
EXR.D.USD.EUR.SP00.A,D,USD,EUR,SP00,A,2026-04-01,1.1605,A,F,,,P1D,,A,,,,,,,99Q1=100,,,4,,4F0,,US dollar/Euro ECB reference exchange rate,"ECB reference exchange rate, US dollar/Euro, 2.15 pm (C.E.T.)",USD,0
EXR.D.USD.EUR.SP00.A,D,USD,EUR,SP00,A,2026-04-02,1.1525,A,F,,,P1D,,A,,,,,,,99Q1=100,,,4,,4F0,,US dollar/Euro ECB reference exchange rate,"ECB reference exchange rate, US dollar/Euro, 2.15 pm (C.E.T.)",USD,0
EXR.D.USD.EUR.SP00.A,D,USD,EUR,SP00,A,2026-04-07,1.1557,A,F,,,P1D,,A,,,,,,,99Q1=100,,,4,,4F0,,US dollar/Euro ECB reference exchange rate,"ECB reference exchange rate, US dollar/Euro, 2.15 pm (C.E.T.)",USD,0
EXR.D.USD.EUR.SP00.A,D,USD,EUR,SP00,A,2026-04-08,1.1706,A,F,,,P1D,,A,,,,,,,99Q1=100,,,4,,4F0,,US dollar/Euro ECB reference exchange rate,"ECB reference exchange rate, US dollar/Euro, 2.15 pm (C.E.T.)",USD,0
EXR.D.USD.EUR.SP00.A,D,USD,EUR,SP00,A,2026-04-09,1.1685,A,F,,,P1D,,A,,,,,,,99Q1=100,,,4,,4F0,,US dollar/Euro ECB reference exchange rate,"ECB reference exchange rate, US dollar/Euro, 2.15 pm (C.E.T.)",USD,0
EXR.D.USD.EUR.SP00.A,D,USD,EUR,SP00,A,2026-04-10,1.1711,A,F,,,P1D,,A,,,,,,,99Q1=100,,,4,,4F0,,US dollar/Euro ECB reference exchange rate,"ECB reference exchange rate, US dollar/Euro, 2.15 pm (C.E.T.)",USD,0
EXR.D.USD.EUR.SP00.A,D,USD,EUR,SP00,A,2026-04-13,1.1684,A,F,,,P1D,,A,,,,,,,99Q1=100,,,4,,4F0,,US dollar/Euro ECB reference exchange rate,"ECB reference exchange rate, US dollar/Euro, 2.15 pm (C.E.T.)",USD,0
EXR.D.USD.EUR.SP00.A,D,USD,EUR,SP00,A,2026-04-14,1.1793,A,F,,,P1D,,A,,,,,,,99Q1=100,,,4,,4F0,,US dollar/Euro ECB reference exchange rate,"ECB reference exchange rate, US dollar/Euro, 2.15 pm (C.E.T.)",USD,0
EXR.D.USD.EUR.SP00.A,D,USD,EUR,SP00,A,2026-04-15,1.178,A,F,,,P1D,,A,,,,,,,99Q1=100,,,4,,4F0,,US dollar/Euro ECB reference exchange rate,"ECB reference exchange rate, US dollar/Euro, 2.15 pm (C.E.T.)",USD,0
EXR.D.USD.EUR.SP00.A,D,USD,EUR,SP00,A,2026-04-16,1.1782,A,F,,,P1D,,A,,,,,,,99Q1=100,,,4,,4F0,,US dollar/Euro ECB reference exchange rate,"ECB reference exchange rate, US dollar/Euro, 2.15 pm (C.E.T.)",USD,0
EXR.D.USD.EUR.SP00.A,D,USD,EUR,SP00,A,2026-04-17,1.1797,A,F,,,P1D,,A,,,,,,,99Q1=100,,,4,,4F0,,US dollar/Euro ECB reference exchange rate,"ECB reference exchange rate, US dollar/Euro, 2.15 pm (C.E.T.)",USD,0
EXR.D.USD.EUR.SP00.A,D,USD,EUR,SP00,A,2026-04-20,1.176,A,F,,,P1D,,A,,,,,,,99Q1=100,,,4,,4F0,,US dollar/Euro ECB reference exchange rate,"ECB reference exchange rate, US dollar/Euro, 2.15 pm (C.E.T.)",USD,0
EXR.D.USD.EUR.SP00.A,D,USD,EUR,SP00,A,2026-04-21,1.1767,A,F,,,P1D,,A,,,,,,,99Q1=100,,,4,,4F0,,US dollar/Euro ECB reference exchange rate,"ECB reference exchange rate, US dollar/Euro, 2.15 pm (C.E.T.)",USD,0
EXR.D.USD.EUR.SP00.A,D,USD,EUR,SP00,A,2026-04-22,1.1733,A,F,,,P1D,,A,,,,,,,99Q1=100,,,4,,4F0,,US dollar/Euro ECB reference exchange rate,"ECB reference exchange rate, US dollar/Euro, 2.15 pm (C.E.T.)",USD,0
EXR.D.USD.EUR.SP00.A,D,USD,EUR,SP00,A,2026-04-23,1.1694,A,F,,,P1D,,A,,,,,,,99Q1=100,,,4,,4F0,,US dollar/Euro ECB reference exchange rate,"ECB reference exchange rate, US dollar/Euro, 2.15 pm (C.E.T.)",USD,0
EXR.D.USD.EUR.SP00.A,D,USD,EUR,SP00,A,2026-04-24,1.1712,A,F,,,P1D,,A,,,,,,,99Q1=100,,,4,,4F0,,US dollar/Euro ECB reference exchange rate,"ECB reference exchange rate, US dollar/Euro, 2.15 pm (C.E.T.)",USD,0
EXR.D.USD.EUR.SP00.A,D,USD,EUR,SP00,A,2026-04-27,1.1749,A,F,,,P1D,,A,,,,,,,99Q1=100,,,4,,4F0,,US dollar/Euro ECB reference exchange rate,"ECB reference exchange rate, US dollar/Euro, 2.15 pm (C.E.T.)",USD,0
EXR.D.USD.EUR.SP00.A,D,USD,EUR,SP00,A,2026-04-28,1.168,A,F,,,P1D,,A,,,,,,,99Q1=100,,,4,,4F0,,US dollar/Euro ECB reference exchange rate,"ECB reference exchange rate, US dollar/Euro, 2.15 pm (C.E.T.)",USD,0
EXR.D.USD.EUR.SP00.A,D,USD,EUR,SP00,A,2026-04-29,1.1706,A,F,,,P1D,,A,,,,,,,99Q1=100,,,4,,4F0,,US dollar/Euro ECB reference exchange rate,"ECB reference exchange rate, US dollar/Euro, 2.15 pm (C.E.T.)",USD,0
EXR.D.USD.EUR.SP00.A,D,USD,EUR,SP00,A,2026-04-30,1.1702,A,F,,,P1D,,A,,,,,,,99Q1=100,,,4,,4F0,,US dollar/Euro ECB reference exchange rate,"ECB reference exchange rate, US dollar/Euro, 2.15 pm (C.E.T.)",USD,0
EXR.D.USD.EUR.SP00.A,D,USD,EUR,SP00,A,2026-05-04,1.17,A,F,,,P1D,,A,,,,,,,99Q1=100,,,4,,4F0,,US dollar/Euro ECB reference exchange rate,"ECB reference exchange rate, US dollar/Euro, 2.15 pm (C.E.T.)",USD,0
EXR.D.USD.EUR.SP00.A,D,USD,EUR,SP00,A,2026-05-05,1.1686,A,F,,,P1D,,A,,,,,,,99Q1=100,,,4,,4F0,,US dollar/Euro ECB reference exchange rate,"ECB reference exchange rate, US dollar/Euro, 2.15 pm (C.E.T.)",USD,0
EXR.D.USD.EUR.SP00.A,D,USD,EUR,SP00,A,2026-05-06,1.1762,A,F,,,P1D,,A,,,,,,,99Q1=100,,,4,,4F0,,US dollar/Euro ECB reference exchange rate,"ECB reference exchange rate, US dollar/Euro, 2.15 pm (C.E.T.)",USD,0
EXR.D.USD.EUR.SP00.A,D,USD,EUR,SP00,A,2026-05-07,1.177,A,F,,,P1D,,A,,,,,,,99Q1=100,,,4,,4F0,,US dollar/Euro ECB reference exchange rate,"ECB reference exchange rate, US dollar/Euro, 2.15 pm (C.E.T.)",USD,0
EXR.D.USD.EUR.SP00.A,D,USD,EUR,SP00,A,2026-05-08,1.1761,A,F,,,P1D,,A,,,,,,,99Q1=100,,,4,,4F0,,US dollar/Euro ECB reference exchange rate,"ECB reference exchange rate, US dollar/Euro, 2.15 pm (C.E.T.)",USD,0
EXR.D.USD.EUR.SP00.A,D,USD,EUR,SP00,A,2026-05-11,1.1765,A,F,,,P1D,,A,,,,,,,99Q1=100,,,4,,4F0,,US dollar/Euro ECB reference exchange rate,"ECB reference exchange rate, US dollar/Euro, 2.15 pm (C.E.T.)",USD,0
EXR.D.USD.EUR.SP00.A,D,USD,EUR,SP00,A,2026-05-12,1.1738,A,F,,,P1D,,A,,,,,,,99Q1=100,,,4,,4F0,,US dollar/Euro ECB reference exchange rate,"ECB reference exchange rate, US dollar/Euro, 2.15 pm (C.E.T.)",USD,0
EXR.D.USD.EUR.SP00.A,D,USD,EUR,SP00,A,2026-05-13,1.1715,A,F,,,P1D,,A,,,,,,,99Q1=100,,,4,,4F0,,US dollar/Euro ECB reference exchange rate,"ECB reference exchange rate, US dollar/Euro, 2.15 pm (C.E.T.)",USD,0
EXR.D.USD.EUR.SP00.A,D,USD,EUR,SP00,A,2026-05-14,1.1702,A,F,,,P1D,,A,,,,,,,99Q1=100,,,4,,4F0,,US dollar/Euro ECB reference exchange rate,"ECB reference exchange rate, US dollar/Euro, 2.15 pm (C.E.T.)",USD,0
EXR.D.USD.EUR.SP00.A,D,USD,EUR,SP00,A,2026-05-15,1.1628,A,F,,,P1D,,A,,,,,,,99Q1=100,,,4,,4F0,,US dollar/Euro ECB reference exchange rate,"ECB reference exchange rate, US dollar/Euro, 2.15 pm (C.E.T.)",USD,0
EXR.D.USD.EUR.SP00.A,D,USD,EUR,SP00,A,2026-05-18,1.1648,A,F,,,P1D,,A,,,,,,,99Q1=100,,,4,,4F0,,US dollar/Euro ECB reference exchange rate,"ECB reference exchange rate, US dollar/Euro, 2.15 pm (C.E.T.)",USD,0
EXR.D.USD.EUR.SP00.A,D,USD,EUR,SP00,A,2026-05-19,1.162,A,F,,,P1D,,A,,,,,,,99Q1=100,,,4,,4F0,,US dollar/Euro ECB reference exchange rate,"ECB reference exchange rate, US dollar/Euro, 2.15 pm (C.E.T.)",USD,0
EXR.D.USD.EUR.SP00.A,D,USD,EUR,SP00,A,2026-05-20,1.16,A,F,,,P1D,,A,,,,,,,99Q1=100,,,4,,4F0,,US dollar/Euro ECB reference exchange rate,"ECB reference exchange rate, US dollar/Euro, 2.15 pm (C.E.T.)",USD,0
EXR.D.USD.EUR.SP00.A,D,USD,EUR,SP00,A,2026-05-21,1.1599,A,F,,,P1D,,A,,,,,,,99Q1=100,,,4,,4F0,,US dollar/Euro ECB reference exchange rate,"ECB reference exchange rate, US dollar/Euro, 2.15 pm (C.E.T.)",USD,0
EXR.D.USD.EUR.SP00.A,D,USD,EUR,SP00,A,2026-05-22,1.1595,A,F,,,P1D,,A,,,,,,,99Q1=100,,,4,,4F0,,US dollar/Euro ECB reference exchange rate,"ECB reference exchange rate, US dollar/Euro, 2.15 pm (C.E.T.)",USD,0
EXR.D.USD.EUR.SP00.A,D,USD,EUR,SP00,A,2026-05-25,1.1643,A,F,,,P1D,,A,,,,,,,99Q1=100,,,4,,4F0,,US dollar/Euro ECB reference exchange rate,"ECB reference exchange rate, US dollar/Euro, 2.15 pm (C.E.T.)",USD,0
EXR.D.USD.EUR.SP00.A,D,USD,EUR,SP00,A,2026-05-26,1.1634,A,F,,,P1D,,A,,,,,,,99Q1=100,,,4,,4F0,,US dollar/Euro ECB reference exchange rate,"ECB reference exchange rate, US dollar/Euro, 2.15 pm (C.E.T.)",USD,0
EXR.D.USD.EUR.SP00.A,D,USD,EUR,SP00,A,2026-05-27,1.1637,A,F,,,P1D,,A,,,,,,,99Q1=100,,,4,,4F0,,US dollar/Euro ECB reference exchange rate,"ECB reference exchange rate, US dollar/Euro, 2.15 pm (C.E.T.)",USD,0
EXR.D.USD.EUR.SP00.A,D,USD,EUR,SP00,A,2026-05-28,1.1617,A,F,,,P1D,,A,,,,,,,99Q1=100,,,4,,4F0,,US dollar/Euro ECB reference exchange rate,"ECB reference exchange rate, US dollar/Euro, 2.15 pm (C.E.T.)",USD,0
EXR.D.USD.EUR.SP00.A,D,USD,EUR,SP00,A,2026-05-29,1.1644,A,F,,,P1D,,A,,,,,,,99Q1=100,,,4,,4F0,,US dollar/Euro ECB reference exchange rate,"ECB reference exchange rate, US dollar/Euro, 2.15 pm (C.E.T.)",USD,0
EXR.D.USD.EUR.SP00.A,D,USD,EUR,SP00,A,2026-06-01,1.1646,A,F,,,P1D,,A,,,,,,,99Q1=100,,,4,,4F0,,US dollar/Euro ECB reference exchange rate,"ECB reference exchange rate, US dollar/Euro, 2.15 pm (C.E.T.)",USD,0
EXR.D.USD.EUR.SP00.A,D,USD,EUR,SP00,A,2026-06-02,1.1649,A,F,,,P1D,,A,,,,,,,99Q1=100,,,4,,4F0,,US dollar/Euro ECB reference exchange rate,"ECB reference exchange rate, US dollar/Euro, 2.15 pm (C.E.T.)",USD,0
EXR.D.USD.EUR.SP00.A,D,USD,EUR,SP00,A,2026-06-03,1.1614,A,F,,,P1D,,A,,,,,,,99Q1=100,,,4,,4F0,,US dollar/Euro ECB reference exchange rate,"ECB reference exchange rate, US dollar/Euro, 2.15 pm (C.E.T.)",USD,0
EXR.D.USD.EUR.SP00.A,D,USD,EUR,SP00,A,2026-06-04,1.164,A,F,,,P1D,,A,,,,,,,99Q1=100,,,4,,4F0,,US dollar/Euro ECB reference exchange rate,"ECB reference exchange rate, US dollar/Euro, 2.15 pm (C.E.T.)",USD,0
EXR.D.USD.EUR.SP00.A,D,USD,EUR,SP00,A,2026-06-05,1.164,A,F,,,P1D,,A,,,,,,,99Q1=100,,,4,,4F0,,US dollar/Euro ECB reference exchange rate,"ECB reference exchange rate, US dollar/Euro, 2.15 pm (C.E.T.)",USD,0
EXR.D.USD.EUR.SP00.A,D,USD,EUR,SP00,A,2026-06-08,1.154,A,F,,,P1D,,A,,,,,,,99Q1=100,,,4,,4F0,,US dollar/Euro ECB reference exchange rate,"ECB reference exchange rate, US dollar/Euro, 2.15 pm (C.E.T.)",USD,0
EXR.D.USD.EUR.SP00.A,D,USD,EUR,SP00,A,2026-06-09,1.1573,A,F,,,P1D,,A,,,,,,,99Q1=100,,,4,,4F0,,US dollar/Euro ECB reference exchange rate,"ECB reference exchange rate, US dollar/Euro, 2.15 pm (C.E.T.)",USD,0
EXR.D.USD.EUR.SP00.A,D,USD,EUR,SP00,A,2026-06-10,1.1539,A,F,,,P1D,,A,,,,,,,99Q1=100,,,4,,4F0,,US dollar/Euro ECB reference exchange rate,"ECB reference exchange rate, US dollar/Euro, 2.15 pm (C.E.T.)",USD,0
EXR.D.USD.EUR.SP00.A,D,USD,EUR,SP00,A,2026-06-11,1.1537,A,F,,,P1D,,A,,,,,,,99Q1=100,,,4,,4F0,,US dollar/Euro ECB reference exchange rate,"ECB reference exchange rate, US dollar/Euro, 2.15 pm (C.E.T.)",USD,0
EXR.D.USD.EUR.SP00.A,D,USD,EUR,SP00,A,2026-06-12,1.1567,A,F,,,P1D,,A,,,,,,,99Q1=100,,,4,,4F0,,US dollar/Euro ECB reference exchange rate,"ECB reference exchange rate, US dollar/Euro, 2.15 pm (C.E.T.)",USD,0
EXR.D.USD.EUR.SP00.A,D,USD,EUR,SP00,A,2026-06-15,1.1607,A,F,,,P1D,,A,,,,,,,99Q1=100,,,4,,4F0,,US dollar/Euro ECB reference exchange rate,"ECB reference exchange rate, US dollar/Euro, 2.15 pm (C.E.T.)",USD,0
EXR.D.USD.EUR.SP00.A,D,USD,EUR,SP00,A,2026-06-16,1.1594,A,F,,,P1D,,A,,,,,,,99Q1=100,,,4,,4F0,,US dollar/Euro ECB reference exchange rate,"ECB reference exchange rate, US dollar/Euro, 2.15 pm (C.E.T.)",USD,0
EXR.D.USD.EUR.SP00.A,D,USD,EUR,SP00,A,2026-06-17,1.1591,A,F,,,P1D,,A,,,,,,,99Q1=100,,,4,,4F0,,US dollar/Euro ECB reference exchange rate,"ECB reference exchange rate, US dollar/Euro, 2.15 pm (C.E.T.)",USD,0
EXR.D.USD.EUR.SP00.A,D,USD,EUR,SP00,A,2026-06-18,1.1461,A,F,,,P1D,,A,,,,,,,99Q1=100,,,4,,4F0,,US dollar/Euro ECB reference exchange rate,"ECB reference exchange rate, US dollar/Euro, 2.15 pm (C.E.T.)",USD,0
EXR.D.USD.EUR.SP00.A,D,USD,EUR,SP00,A,2026-06-19,1.1467,A,F,,,P1D,,A,,,,,,,99Q1=100,,,4,,4F0,,US dollar/Euro ECB reference exchange rate,"ECB reference exchange rate, US dollar/Euro, 2.15 pm (C.E.T.)",USD,0
EXR.D.USD.EUR.SP00.A,D,USD,EUR,SP00,A,2026-06-22,1.1456,A,F,,,P1D,,A,,,,,,,99Q1=100,,,4,,4F0,,US dollar/Euro ECB reference exchange rate,"ECB reference exchange rate, US dollar/Euro, 2.15 pm (C.E.T.)",USD,0
EXR.D.USD.EUR.SP00.A,D,USD,EUR,SP00,A,2026-06-23,1.1392,A,F,,,P1D,,A,,,,,,,99Q1=100,,,4,,4F0,,US dollar/Euro ECB reference exchange rate,"ECB reference exchange rate, US dollar/Euro, 2.15 pm (C.E.T.)",USD,0
EXR.D.USD.EUR.SP00.A,D,USD,EUR,SP00,A,2026-06-24,1.134,A,F,,,P1D,,A,,,,,,,99Q1=100,,,4,,4F0,,US dollar/Euro ECB reference exchange rate,"ECB reference exchange rate, US dollar/Euro, 2.15 pm (C.E.T.)",USD,0
EXR.D.USD.EUR.SP00.A,D,USD,EUR,SP00,A,2026-06-25,1.1342,A,F,,,P1D,,A,,,,,,,99Q1=100,,,4,,4F0,,US dollar/Euro ECB reference exchange rate,"ECB reference exchange rate, US dollar/Euro, 2.15 pm (C.E.T.)",USD,0
EXR.D.USD.EUR.SP00.A,D,USD,EUR,SP00,A,2026-06-26,1.1401,A,F,,,P1D,,A,,,,,,,99Q1=100,,,4,,4F0,,US dollar/Euro ECB reference exchange rate,"ECB reference exchange rate, US dollar/Euro, 2.15 pm (C.E.T.)",USD,0
EXR.D.USD.EUR.SP00.A,D,USD,EUR,SP00,A,2026-06-29,1.1406,A,F,,,P1D,,A,,,,,,,99Q1=100,,,4,,4F0,,US dollar/Euro ECB reference exchange rate,"ECB reference exchange rate, US dollar/Euro, 2.15 pm (C.E.T.)",USD,0
EXR.D.USD.EUR.SP00.A,D,USD,EUR,SP00,A,2026-06-30,1.1394,A,F,,,P1D,,A,,,,,,,99Q1=100,,,4,,4F0,,US dollar/Euro ECB reference exchange rate,"ECB reference exchange rate, US dollar/Euro, 2.15 pm (C.E.T.)",USD,0
EXR.D.USD.EUR.SP00.A,D,USD,EUR,SP00,A,2026-07-01,1.1383,A,F,,,P1D,,A,,,,,,,99Q1=100,,,4,,4F0,,US dollar/Euro ECB reference exchange rate,"ECB reference exchange rate, US dollar/Euro, 2.15 pm (C.E.T.)",USD,0
EXR.D.USD.EUR.SP00.A,D,USD,EUR,SP00,A,2026-07-02,1.1399,A,F,,,P1D,,A,,,,,,,99Q1=100,,,4,,4F0,,US dollar/Euro ECB reference exchange rate,"ECB reference exchange rate, US dollar/Euro, 2.15 pm (C.E.T.)",USD,0
EXR.D.USD.EUR.SP00.A,D,USD,EUR,SP00,A,2026-07-03,1.1448,A,F,,,P1D,,A,,,,,,,99Q1=100,,,4,,4F0,,US dollar/Euro ECB reference exchange rate,"ECB reference exchange rate, US dollar/Euro, 2.15 pm (C.E.T.)",USD,0
EXR.D.USD.EUR.SP00.A,D,USD,EUR,SP00,A,2026-07-06,1.1415,A,F,,,P1D,,A,,,,,,,99Q1=100,,,4,,4F0,,US dollar/Euro ECB reference exchange rate,"ECB reference exchange rate, US dollar/Euro, 2.15 pm (C.E.T.)",USD,0
EXR.D.USD.EUR.SP00.A,D,USD,EUR,SP00,A,2026-07-07,1.1433,A,F,,,P1D,,A,,,,,,,99Q1=100,,,4,,4F0,,US dollar/Euro ECB reference exchange rate,"ECB reference exchange rate, US dollar/Euro, 2.15 pm (C.E.T.)",USD,0
EXR.D.USD.EUR.SP00.A,D,USD,EUR,SP00,A,2026-07-08,1.1404,A,F,,,P1D,,A,,,,,,,99Q1=100,,,4,,4F0,,US dollar/Euro ECB reference exchange rate,"ECB reference exchange rate, US dollar/Euro, 2.15 pm (C.E.T.)",USD,0
EXR.D.USD.EUR.SP00.A,D,USD,EUR,SP00,A,2026-07-09,1.1435,A,F,,,P1D,,A,,,,,,,99Q1=100,,,4,,4F0,,US dollar/Euro ECB reference exchange rate,"ECB reference exchange rate, US dollar/Euro, 2.15 pm (C.E.T.)",USD,0
EXR.D.USD.EUR.SP00.A,D,USD,EUR,SP00,A,2026-07-10,1.143,A,F,,,P1D,,A,,,,,,,99Q1=100,,,4,,4F0,,US dollar/Euro ECB reference exchange rate,"ECB reference exchange rate, US dollar/Euro, 2.15 pm (C.E.T.)",USD,0
EXR.D.USD.EUR.SP00.A,D,USD,EUR,SP00,A,2026-07-13,1.1424,A,F,,,P1D,,A,,,,,,,99Q1=100,,,4,,4F0,,US dollar/Euro ECB reference exchange rate,"ECB reference exchange rate, US dollar/Euro, 2.15 pm (C.E.T.)",USD,0
EXR.D.USD.EUR.SP00.A,D,USD,EUR,SP00,A,2026-07-14,1.1405,A,F,,,P1D,,A,,,,,,,99Q1=100,,,4,,4F0,,US dollar/Euro ECB reference exchange rate,"ECB reference exchange rate, US dollar/Euro, 2.15 pm (C.E.T.)",USD,0
EXR.D.USD.EUR.SP00.A,D,USD,EUR,SP00,A,2026-07-15,1.1406,A,F,,,P1D,,A,,,,,,,99Q1=100,,,4,,4F0,,US dollar/Euro ECB reference exchange rate,"ECB reference exchange rate, US dollar/Euro, 2.15 pm (C.E.T.)",USD,0
EXR.D.USD.EUR.SP00.A,D,USD,EUR,SP00,A,2026-07-16,1.1467,A,F,,,P1D,,A,,,,,,,99Q1=100,,,4,,4F0,,US dollar/Euro ECB reference exchange rate,"ECB reference exchange rate, US dollar/Euro, 2.15 pm (C.E.T.)",USD,0
EXR.D.USD.EUR.SP00.A,D,USD,EUR,SP00,A,2026-07-17,1.1435,A,F,,,P1D,,A,,,,,,,99Q1=100,,,4,,4F0,,US dollar/Euro ECB reference exchange rate,"ECB reference exchange rate, US dollar/Euro, 2.15 pm (C.E.T.)",USD,0
EXR.D.USD.EUR.SP00.A,D,USD,EUR,SP00,A,2026-07-20,1.1426,A,F,,,P1D,,A,,,,,,,99Q1=100,,,4,,4F0,,US dollar/Euro ECB reference exchange rate,"ECB reference exchange rate, US dollar/Euro, 2.15 pm (C.E.T.)",USD,0
EXR.D.USD.EUR.SP00.A,D,USD,EUR,SP00,A,2026-07-21,1.1418,A,F,,,P1D,,A,,,,,,,99Q1=100,,,4,,4F0,,US dollar/Euro ECB reference exchange rate,"ECB reference exchange rate, US dollar/Euro, 2.15 pm (C.E.T.)",USD,0
EXR.D.USD.EUR.SP00.A,D,USD,EUR,SP00,A,2026-07-22,1.1408,A,F,,,P1D,,A,,,,,,,99Q1=100,,,4,,4F0,,US dollar/Euro ECB reference exchange rate,"ECB reference exchange rate, US dollar/Euro, 2.15 pm (C.E.T.)",USD,0
EXR.D.USD.EUR.SP00.A,D,USD,EUR,SP00,A,2026-07-23,1.1392,A,F,,,P1D,,A,,,,,,,99Q1=100,,,4,,4F0,,US dollar/Euro ECB reference exchange rate,"ECB reference exchange rate, US dollar/Euro, 2.15 pm (C.E.T.)",USD,0
EXR.D.USD.EUR.SP00.A,D,USD,EUR,SP00,A,2026-07-24,1.1377,A,F,,,P1D,,A,,,,,,,99Q1=100,,,4,,4F0,,US dollar/Euro ECB reference exchange rate,"ECB reference exchange rate, US dollar/Euro, 2.15 pm (C.E.T.)",USD,0
EXR.D.USD.EUR.SP00.A,D,USD,EUR,SP00,A,2026-07-27,1.1389,A,F,,,P1D,,A,,,,,,,99Q1=100,,,4,,4F0,,US dollar/Euro ECB reference exchange rate,"ECB reference exchange rate, US dollar/Euro, 2.15 pm (C.E.T.)",USD,0
EXR.D.USD.EUR.SP00.A,D,USD,EUR,SP00,A,2026-07-28,1.1367,A,F,,,P1D,,A,,,,,,,99Q1=100,,,4,,4F0,,US dollar/Euro ECB reference exchange rate,"ECB reference exchange rate, US dollar/Euro, 2.15 pm (C.E.T.)",USD,0
EXR.D.USD.EUR.SP00.A,D,USD,EUR,SP00,A,2026-07-29,1.138,A,F,,,P1D,,A,,,,,,,99Q1=100,,,4,,4F0,,US dollar/Euro ECB reference exchange rate,"ECB reference exchange rate, US dollar/Euro, 2.15 pm (C.E.T.)",USD,0
EXR.D.USD.EUR.SP00.A,D,USD,EUR,SP00,A,2026-07-30,1.1476,A,F,,,P1D,,A,,,,,,,99Q1=100,,,4,,4F0,,US dollar/Euro ECB reference exchange rate,"ECB reference exchange rate, US dollar/Euro, 2.15 pm (C.E.T.)",USD,0
EXR.D.USD.EUR.SP00.A,D,USD,EUR,SP00,A,2026-07-31,1.1485,A,F,,,P1D,,A,,,,,,,99Q1=100,,,4,,4F0,,US dollar/Euro ECB reference exchange rate,"ECB reference exchange rate, US dollar/Euro, 2.15 pm (C.E.T.)",USD,0
EXR.D.USD.EUR.SP00.A,D,USD,EUR,SP00,A,2026-08-03,1.1535,A,F,,,P1D,,A,,,,,,,99Q1=100,,,4,,4F0,,US dollar/Euro ECB reference exchange rate,"ECB reference exchange rate, US dollar/Euro, 2.15 pm (C.E.T.)",USD,0
EXR.D.USD.EUR.SP00.A,D,USD,EUR,SP00,A,2026-08-04,1.1515,A,F,,,P1D,,A,,,,,,,99Q1=100,,,4,,4F0,,US dollar/Euro ECB reference exchange rate,"ECB reference exchange rate, US dollar/Euro, 2.15 pm (C.E.T.)",USD,0
EXR.D.USD.EUR.SP00.A,D,USD,EUR,SP00,A,2026-08-05,1.1554,A,F,,,P1D,,A,,,,,,,99Q1=100,,,4,,4F0,,US dollar/Euro ECB reference exchange rate,"ECB reference exchange rate, US dollar/Euro, 2.15 pm (C.E.T.)",USD,0
EXR.D.USD.EUR.SP00.A,D,USD,EUR,SP00,A,2026-08-06,1.1542,A,F,,,P1D,,A,,,,,,,99Q1=100,,,4,,4F0,,US dollar/Euro ECB reference exchange rate,"ECB reference exchange rate, US dollar/Euro, 2.15 pm (C.E.T.)",USD,0
EXR.D.USD.EUR.SP00.A,D,USD,EUR,SP00,A,2026-08-07,1.1535,A,F,,,P1D,,A,,,,,,,99Q1=100,,,4,,4F0,,US dollar/Euro ECB reference exchange rate,"ECB reference exchange rate, US dollar/Euro, 2.15 pm (C.E.T.)",USD,0
EXR.D.USD.EUR.SP00.A,D,USD,EUR,SP00,A,2026-08-10,1.1555,A,F,,,P1D,,A,,,,,,,99Q1=100,,,4,,4F0,,US dollar/Euro ECB reference exchange rate,"ECB reference exchange rate, US dollar/Euro, 2.15 pm (C.E.T.)",USD,0
EXR.D.USD.EUR.SP00.A,D,USD,EUR,SP00,A,2026-08-11,1.154,A,F,,,P1D,,A,,,,,,,99Q1=100,,,4,,4F0,,US dollar/Euro ECB reference exchange rate,"ECB reference exchange rate, US dollar/Euro, 2.15 pm (C.E.T.)",USD,0
EXR.D.USD.EUR.SP00.A,D,USD,EUR,SP00,A,2026-08-12,1.1545,A,F,,,P1D,,A,,,,,,,99Q1=100,,,4,,4F0,,US dollar/Euro ECB reference exchange rate,"ECB reference exchange rate, US dollar/Euro, 2.15 pm (C.E.T.)",USD,0
EXR.D.USD.EUR.SP00.A,D,USD,EUR,SP00,A,2026-08-13,1.1534,A,F,,,P1D,,A,,,,,,,99Q1=100,,,4,,4F0,,US dollar/Euro ECB reference exchange rate,"ECB reference exchange rate, US dollar/Euro, 2.15 pm (C.E.T.)",USD,0
EXR.D.USD.EUR.SP00.A,D,USD,EUR,SP00,A,2026-08-14,1.1567,A,F,,,P1D,,A,,,,,,,99Q1=100,,,4,,4F0,,US dollar/Euro ECB reference exchange rate,"ECB reference exchange rate, US dollar/Euro, 2.15 pm (C.E.T.)",USD,0
EXR.D.USD.EUR.SP00.A,D,USD,EUR,SP00,A,2026-08-17,1.1593,A,F,,,P1D,,A,,,,,,,99Q1=100,,,4,,4F0,,US dollar/Euro ECB reference exchange rate,"ECB reference exchange rate, US dollar/Euro, 2.15 pm (C.E.T.)",USD,0
EXR.D.USD.EUR.SP00.A,D,USD,EUR,SP00,A,2026-08-18,1.1576,A,F,,,P1D,,A,,,,,,,99Q1=100,,,4,,4F0,,US dollar/Euro ECB reference exchange rate,"ECB reference exchange rate, US dollar/Euro, 2.15 pm (C.E.T.)",USD,0
EXR.D.USD.EUR.SP00.A,D,USD,EUR,SP00,A,2026-08-19,1.1605,A,F,,,P1D,,A,,,,,,,99Q1=100,,,4,,4F0,,US dollar/Euro ECB reference exchange rate,"ECB reference exchange rate, US dollar/Euro, 2.15 pm (C.E.T.)",USD,0
EXR.D.USD.EUR.SP00.A,D,USD,EUR,SP00,A,2026-08-20,1.1681,A,F,,,P1D,,A,,,,,,,99Q1=100,,,4,,4F0,,US dollar/Euro ECB reference exchange rate,"ECB reference exchange rate, US dollar/Euro, 2.15 pm (C.E.T.)",USD,0
EXR.D.USD.EUR.SP00.A,D,USD,EUR,SP00,A,2026-08-21,1.1699,A,F,,,P1D,,A,,,,,,,99Q1=100,,,4,,4F0,,US dollar/Euro ECB reference exchange rate,"ECB reference exchange rate, US dollar/Euro, 2.15 pm (C.E.T.)",USD,0
EXR.D.USD.EUR.SP00.A,D,USD,EUR,SP00,A,2026-08-24,1.1664,A,F,,,P1D,,A,,,,,,,99Q1=100,,,4,,4F0,,US dollar/Euro ECB reference exchange rate,"ECB reference exchange rate, US dollar/Euro, 2.15 pm (C.E.T.)",USD,0
EXR.D.USD.EUR.SP00.A,D,USD,EUR,SP00,A,2026-08-25,1.1662,A,F,,,P1D,,A,,,,,,,99Q1=100,,,4,,4F0,,US dollar/Euro ECB reference exchange rate,"ECB reference exchange rate, US dollar/Euro, 2.15 pm (C.E.T.)",USD,0
EXR.D.USD.EUR.SP00.A,D,USD,EUR,SP00,A,2026-08-26,1.1669,A,F,,,P1D,,A,,,,,,,99Q1=100,,,4,,4F0,,US dollar/Euro ECB reference exchange rate,"ECB reference exchange rate, US dollar/Euro, 2.15 pm (C.E.T.)",USD,0
EXR.D.USD.EUR.SP00.A,D,USD,EUR,SP00,A,2026-08-27,1.1645,A,F,,,P1D,,A,,,,,,,99Q1=100,,,4,,4F0,,US dollar/Euro ECB reference exchange rate,"ECB reference exchange rate, US dollar/Euro, 2.15 pm (C.E.T.)",USD,0
EXR.D.USD.EUR.SP00.A,D,USD,EUR,SP00,A,2026-08-28,1.1643,A,F,,,P1D,,A,,,,,,,99Q1=100,,,4,,4F0,,US dollar/Euro ECB reference exchange rate,"ECB reference exchange rate, US dollar/Euro, 2.15 pm (C.E.T.)",USD,0
EXR.D.USD.EUR.SP00.A,D,USD,EUR,SP00,A,2026-08-31,1.1596,A,F,,,P1D,,A,,,,,,,99Q1=100,,,4,,4F0,,US dollar/Euro ECB reference exchange rate,"ECB reference exchange rate, US dollar/Euro, 2.15 pm (C.E.T.)",USD,0
EXR.D.USD.EUR.SP00.A,D,USD,EUR,SP00,A,2026-09-01,1.159,A,F,,,P1D,,A,,,,,,,99Q1=100,,,4,,4F0,,US dollar/Euro ECB reference exchange rate,"ECB reference exchange rate, US dollar/Euro, 2.15 pm (C.E.T.)",USD,0
EXR.D.USD.EUR.SP00.A,D,USD,EUR,SP00,A,2026-09-02,1.1578,A,F,,,P1D,,A,,,,,,,99Q1=100,,,4,,4F0,,US dollar/Euro ECB reference exchange rate,"ECB reference exchange rate, US dollar/Euro, 2.15 pm (C.E.T.)",USD,0
EXR.D.USD.EUR.SP00.A,D,USD,EUR,SP00,A,2026-09-03,1.1615,A,F,,,P1D,,A,,,,,,,99Q1=100,,,4,,4F0,,US dollar/Euro ECB reference exchange rate,"ECB reference exchange rate, US dollar/Euro, 2.15 pm (C.E.T.)",USD,0
EXR.D.USD.EUR.SP00.A,D,USD,EUR,SP00,A,2026-09-04,1.1622,A,F,,,P1D,,A,,,,,,,99Q1=100,,,4,,4F0,,US dollar/Euro ECB reference exchange rate,"ECB reference exchange rate, US dollar/Euro, 2.15 pm (C.E.T.)",USD,0
EXR.D.USD.EUR.SP00.A,D,USD,EUR,SP00,A,2026-09-07,1.1622,A,F,,,P1D,,A,,,,,,,99Q1=100,,,4,,4F0,,US dollar/Euro ECB reference exchange rate,"ECB reference exchange rate, US dollar/Euro, 2.15 pm (C.E.T.)",USD,0
EXR.D.USD.EUR.SP00.A,D,USD,EUR,SP00,A,2026-09-08,1.1614,A,F,,,P1D,,A,,,,,,,99Q1=100,,,4,,4F0,,US dollar/Euro ECB reference exchange rate,"ECB reference exchange rate, US dollar/Euro, 2.15 pm (C.E.T.)",USD,0
EXR.D.USD.EUR.SP00.A,D,USD,EUR,SP00,A,2026-09-09,1.1652,A,F,,,P1D,,A,,,,,,,99Q1=100,,,4,,4F0,,US dollar/Euro ECB reference exchange rate,"ECB reference exchange rate, US dollar/Euro, 2.15 pm (C.E.T.)",USD,0
EXR.D.USD.EUR.SP00.A,D,USD,EUR,SP00,A,2026-09-10,1.1616,A,F,,,P1D,,A,,,,,,,99Q1=100,,,4,,4F0,,US dollar/Euro ECB reference exchange rate,"ECB reference exchange rate, US dollar/Euro, 2.15 pm (C.E.T.)",USD,0
EXR.D.USD.EUR.SP00.A,D,USD,EUR,SP00,A,2026-09-11,1.1592,A,F,,,P1D,,A,,,,,,,99Q1=100,,,4,,4F0,,US dollar/Euro ECB reference exchange rate,"ECB reference exchange rate, US dollar/Euro, 2.15 pm (C.E.T.)",USD,0
EXR.D.USD.EUR.SP00.A,D,USD,EUR,SP00,A,2026-09-14,1.1551,A,F,,,P1D,,A,,,,,,,99Q1=100,,,4,,4F0,,US dollar/Euro ECB reference exchange rate,"ECB reference exchange rate, US dollar/Euro, 2.15 pm (C.E.T.)",USD,0
EXR.D.USD.EUR.SP00.A,D,USD,EUR,SP00,A,2026-09-15,1.1539,A,F,,,P1D,,A,,,,,,,99Q1=100,,,4,,4F0,,US dollar/Euro ECB reference exchange rate,"ECB reference exchange rate, US dollar/Euro, 2.15 pm (C.E.T.)",USD,0
EXR.D.USD.EUR.SP00.A,D,USD,EUR,SP00,A,2026-09-16,1.1537,A,F,,,P1D,,A,,,,,,,99Q1=100,,,4,,4F0,,US dollar/Euro ECB reference exchange rate,"ECB reference exchange rate, US dollar/Euro, 2.15 pm (C.E.T.)",USD,0
EXR.D.USD.EUR.SP00.A,D,USD,EUR,SP00,A,2026-09-17,1.1481,A,F,,,P1D,,A,,,,,,,99Q1=100,,,4,,4F0,,US dollar/Euro ECB reference exchange rate,"ECB reference exchange rate, US dollar/Euro, 2.15 pm (C.E.T.)",USD,0
EXR.D.USD.EUR.SP00.A,D,USD,EUR,SP00,A,2026-09-18,1.146,A,F,,,P1D,,A,,,,,,,99Q1=100,,,4,,4F0,,US dollar/Euro ECB reference exchange rate,"ECB reference exchange rate, US dollar/Euro, 2.15 pm (C.E.T.)",USD,0
EXR.D.USD.EUR.SP00.A,D,USD,EUR,SP00,A,2026-09-21,1.149,A,F,,,P1D,,A,,,,,,,99Q1=100,,,4,,4F0,,US dollar/Euro ECB reference exchange rate,"ECB reference exchange rate, US dollar/Euro, 2.15 pm (C.E.T.)",USD,0
EXR.D.USD.EUR.SP00.A,D,USD,EUR,SP00,A,2026-09-22,1.1463,A,F,,,P1D,,A,,,,,,,99Q1=100,,,4,,4F0,,US dollar/Euro ECB reference exchange rate,"ECB reference exchange rate, US dollar/Euro, 2.15 pm (C.E.T.)",USD,0
EXR.D.USD.EUR.SP00.A,D,USD,EUR,SP00,A,2026-09-23,1.1411,A,F,,,P1D,,A,,,,,,,99Q1=100,,,4,,4F0,,US dollar/Euro ECB reference exchange rate,"ECB reference exchange rate, US dollar/Euro, 2.15 pm (C.E.T.)",USD,0
EXR.D.USD.EUR.SP00.A,D,USD,EUR,SP00,A,2026-09-24,1.1367,A,F,,,P1D,,A,,,,,,,99Q1=100,,,4,,4F0,,US dollar/Euro ECB reference exchange rate,"ECB reference exchange rate, US dollar/Euro, 2.15 pm (C.E.T.)",USD,0
